fecha;provincia;Sexo;edad;personas_vacunadas_campaña_2025_acumulado;porcentaje_residentes_campaña_2025;sigla
2026-03-22;Ávila;Hombre;05-12;9;0.167722698;AV
2026-03-22;Ávila;Hombre;60-69;2223;17.39708875;AV
2026-03-22;Ávila;Hombre;>89;905;63.06620209;AV
2026-03-22;Ávila;Mujer;30-39;205;2.589364658;AV
2026-03-22;Ávila;Mujer;40-49;376;3.483094025;AV
2026-03-22;Ávila;Mujer;50-59;800;6.488240065;AV
2026-03-22;Ávila;Mujer;60-69;1943;16.36899747;AV
2026-03-22;Ávila;Mujer;70-79;3157;36.80345069;AV
2026-03-22;Ávila;Mujer;80-89;3199;50.86659246;AV
2026-03-22;Ávila;Mujer;>89;1733;61.1287478;AV
2026-03-22;Ávila;Hombre;0-4;2;0.080645161;AV
2026-03-22;Ávila;Hombre;20-29;85;1.117979745;AV
2026-03-22;Ávila;Hombre;30-39;140;1.687153531;AV
2026-03-22;Ávila;Hombre;50-59;712;5.601888277;AV
2026-03-22;Ávila;Hombre;70-79;3701;43.58219501;AV
2026-03-22;Ávila;Mujer;05-12;4;0.080224629;AV
2026-03-22;Ávila;Mujer;13-19;25;0.487614589;AV
2026-03-22;Ávila;Mujer;20-29;109;1.565642057;AV
2026-03-22;Ávila;Hombre;13-19;36;0.636942675;AV
2026-03-22;Ávila;Hombre;40-49;301;2.659010601;AV
2026-03-22;Ávila;Hombre;80-89;2601;56.00775194;AV
2026-03-22;Ávila;Mujer;0-4;0;0.0;AV
2026-03-22;Burgos;Hombre;20-29;138;0.754428165;BU
2026-03-22;Burgos;Hombre;80-89;5889;63.69929692;BU
2026-03-22;Burgos;Mujer;05-12;13;0.110328439;BU
2026-03-22;Burgos;Mujer;20-29;263;1.613496933;BU
2026-03-22;Burgos;Mujer;60-69;4071;15.66190898;BU
2026-03-22;Burgos;Hombre;13-19;71;0.547670472;BU
2026-03-22;Burgos;Hombre;30-39;261;1.314331755;BU
2026-03-22;Burgos;Hombre;50-59;1490;5.139880644;BU
2026-03-22;Burgos;Hombre;60-69;4673;17.6886971;BU
2026-03-22;Burgos;Hombre;>89;1668;70.82802548;BU
2026-03-22;Burgos;Mujer;>89;4090;69.99828855;BU
2026-03-22;Burgos;Hombre;0-4;4;0.07029877;BU
2026-03-22;Burgos;Hombre;05-12;21;0.167973124;BU
2026-03-22;Burgos;Hombre;40-49;639;2.403068707;BU
2026-03-22;Burgos;Hombre;70-79;8450;45.48390569;BU
2026-03-22;Burgos;Mujer;0-4;4;0.075800644;BU
2026-03-22;Burgos;Mujer;13-19;68;0.559486589;BU
2026-03-22;Burgos;Mujer;30-39;455;2.491785323;BU
2026-03-22;Burgos;Mujer;40-49;887;3.491026448;BU
2026-03-22;Burgos;Mujer;50-59;1700;6.056503616;BU
2026-03-22;Burgos;Mujer;70-79;7305;38.19208449;BU
2026-03-22;Burgos;Mujer;80-89;7385;56.95226344;BU
2026-03-22;Castilla y León;Hombre;0-4;39;0.093084707;Castilla y LE
2026-03-22;Castilla y León;Hombre;30-39;2225;3.206074489;Castilla y LE
2026-03-22;Castilla y León;Hombre;70-79;57321;37.79893061;Castilla y LE
2026-03-22;Castilla y León;Mujer;05-12;127;0.195190663;Castilla y LE
2026-03-22;Castilla y León;Mujer;20-29;1934;1.388436924;Castilla y LE
2026-03-22;Castilla y León;Mujer;30-39;3792;2.469895439;Castilla y LE
2026-03-22;Castilla y León;Mujer;60-69;30402;17.87227783;Castilla y LE
2026-03-22;Castilla y León;Mujer;70-79;51601;41.70888045;Castilla y LE
2026-03-22;Castilla y León;Mujer;80-89;52531;57.14015256;Castilla y LE
2026-03-22;Castilla y León;Mujer;>89;28038;68.4951903;Castilla y LE
2026-03-22;Castilla y León;Hombre;60-69;34262;16.73427656;Castilla y LE
2026-03-22;Castilla y León;Hombre;80-89;41190;54.27731666;Castilla y LE
2026-03-22;Castilla y León;Mujer;0-4;33;0.101405186;Castilla y LE
2026-03-22;Castilla y León;Mujer;13-19;507;0.669278695;Castilla y LE
2026-03-22;Castilla y León;Hombre;05-12;165;0.1745515;Castilla y LE
2026-03-22;Castilla y León;Hombre;13-19;540;0.669260494;Castilla y LE
2026-03-22;Castilla y León;Hombre;20-29;1191;1.788076364;Castilla y LE
2026-03-22;Castilla y León;Hombre;40-49;5062;3.984311957;Castilla y LE
2026-03-22;Castilla y León;Hombre;50-59;11368;6.620446397;Castilla y LE
2026-03-22;Castilla y León;Hombre;>89;12938;67.62661131;Castilla y LE
2026-03-22;Castilla y León;Mujer;40-49;6735;3.45207427;Castilla y LE
2026-03-22;Castilla y León;Mujer;50-59;12569;6.293776345;Castilla y LE
2026-03-22;León;Hombre;0-4;6;0.100217137;LE
2026-03-22;León;Hombre;70-79;9648;39.9933676;LE
2026-03-22;León;Hombre;>89;2583;66.29876797;LE
2026-03-22;León;Mujer;0-4;6;0.109051254;LE
2026-03-22;León;Hombre;05-12;21;0.162438119;LE
2026-03-22;León;Hombre;30-39;282;1.266163793;LE
2026-03-22;León;Hombre;50-59;1680;4.744288498;LE
2026-03-22;León;Mujer;30-39;537;2.556534159;LE
2026-03-22;León;Mujer;40-49;959;3.026191228;LE
2026-03-22;León;Mujer;50-59;1828;5.08908686;LE
2026-03-22;León;Hombre;13-19;48;0.359389039;LE
2026-03-22;León;Hombre;20-29;125;0.626597824;LE
2026-03-22;León;Hombre;40-49;705;2.223133199;LE
2026-03-22;León;Hombre;60-69;5748;16.23270263;LE
2026-03-22;León;Hombre;80-89;7301;55.89924202;LE
2026-03-22;León;Mujer;05-12;23;0.191730577;LE
2026-03-22;León;Mujer;13-19;45;0.352692217;LE
2026-03-22;León;Mujer;20-29;213;1.160130719;LE
2026-03-22;León;Mujer;60-69;4885;13.41959233;LE
2026-03-22;León;Mujer;70-79;8893;32.56912653;LE
2026-03-22;León;Mujer;80-89;9692;48.45030994;LE
2026-03-22;León;Mujer;>89;5576;62.08662732;LE
2026-03-22;Palencia;Hombre;30-39;184;2.197014925;PA
2026-03-22;Palencia;Hombre;70-79;3962;45.07907612;PA
2026-03-22;Palencia;Hombre;>89;767;72.4952741;PA
2026-03-22;Palencia;Mujer;20-29;90;1.342682381;PA
2026-03-22;Palencia;Mujer;60-69;1850;14.25709001;PA
2026-03-22;Palencia;Mujer;70-79;3246;35.5181092;PA
2026-03-22;Palencia;Mujer;>89;1951;67.50865052;PA
2026-03-22;Palencia;Hombre;0-4;5;0.207986689;PA
2026-03-22;Palencia;Hombre;05-12;13;0.25757876;PA
2026-03-22;Palencia;Hombre;13-19;35;0.709076175;PA
2026-03-22;Palencia;Hombre;20-29;113;1.55862069;PA
2026-03-22;Palencia;Hombre;40-49;370;3.27636589;PA
2026-03-22;Palencia;Hombre;80-89;2473;59.67664093;PA
2026-03-22;Palencia;Mujer;05-12;17;0.360016942;PA
2026-03-22;Palencia;Mujer;30-39;232;3.016905072;PA
2026-03-22;Palencia;Mujer;50-59;814;6.788990826;PA
2026-03-22;Palencia;Hombre;50-59;840;6.718924972;PA
2026-03-22;Palencia;Hombre;60-69;2248;17.28964775;PA
2026-03-22;Palencia;Mujer;0-4;4;0.182648402;PA
2026-03-22;Palencia;Mujer;13-19;27;0.5841627;PA
2026-03-22;Palencia;Mujer;40-49;421;3.876611418;PA
2026-03-22;Palencia;Mujer;80-89;3195;52.20588235;PA
2026-03-22;Salamanca;Hombre;0-4;9;0.190677966;SA
2026-03-22;Salamanca;Hombre;05-12;32;0.324313368;SA
2026-03-22;Salamanca;Hombre;30-39;340;2.045235804;SA
2026-03-22;Salamanca;Hombre;60-69;4239;17.35943323;SA
2026-03-22;Salamanca;Mujer;20-29;327;2.112130216;SA
2026-03-22;Salamanca;Mujer;40-49;985;4.459031236;SA
2026-03-22;Salamanca;Mujer;70-79;6990;36.32867315;SA
2026-03-22;Salamanca;Hombre;13-19;68;0.627943485;SA
2026-03-22;Salamanca;Hombre;40-49;711;3.26416307;SA
2026-03-22;Salamanca;Hombre;50-59;1481;5.919264588;SA
2026-03-22;Salamanca;Hombre;70-79;7396;44.12624545;SA
2026-03-22;Salamanca;Mujer;13-19;76;0.7555423;SA
2026-03-22;Salamanca;Mujer;30-39;610;3.734541447;SA
2026-03-22;Salamanca;Hombre;20-29;158;0.988859682;SA
2026-03-22;Salamanca;Hombre;80-89;5843;57.48720976;SA
2026-03-22;Salamanca;Hombre;>89;2030;68.76693767;SA
2026-03-22;Salamanca;Mujer;0-4;8;0.181077411;SA
2026-03-22;Salamanca;Mujer;05-12;16;0.17015846;SA
2026-03-22;Salamanca;Mujer;50-59;1727;6.550102405;SA
2026-03-22;Salamanca;Mujer;60-69;3791;15.08255421;SA
2026-03-22;Salamanca;Mujer;80-89;7511;51.72865014;SA
2026-03-22;Salamanca;Mujer;>89;4240;67.49442853;SA
2026-03-22;Segovia;Hombre;0-4;1;0.037965072;SE
2026-03-22;Segovia;Hombre;05-12;14;0.253531329;SE
2026-03-22;Segovia;Hombre;13-19;51;0.89223233;SE
2026-03-22;Segovia;Hombre;20-29;94;1.112689394;SE
2026-03-22;Segovia;Hombre;>89;876;78.07486631;SE
2026-03-22;Segovia;Mujer;0-4;2;0.081037277;SE
2026-03-22;Segovia;Mujer;40-49;535;4.812449402;SE
2026-03-22;Segovia;Mujer;50-59;1092;8.784490387;SE
2026-03-22;Segovia;Hombre;30-39;159;1.766470392;SE
2026-03-22;Segovia;Hombre;40-49;356;3.105644247;SE
2026-03-22;Segovia;Hombre;50-59;869;6.737478679;SE
2026-03-22;Segovia;Mujer;20-29;181;2.355543988;SE
2026-03-22;Segovia;Mujer;60-69;2412;21.86366933;SE
2026-03-22;Segovia;Mujer;80-89;3425;61.89013372;SE
2026-03-22;Segovia;Mujer;>89;1848;75.86206897;SE
2026-03-22;Segovia;Hombre;60-69;2587;21.97214201;SE
2026-03-22;Segovia;Hombre;70-79;3794;53.37647721;SE
2026-03-22;Segovia;Hombre;80-89;2531;67.83704101;SE
2026-03-22;Segovia;Mujer;05-12;15;0.284522003;SE
2026-03-22;Segovia;Mujer;13-19;40;0.73964497;SE
2026-03-22;Segovia;Mujer;30-39;291;3.533697632;SE
2026-03-22;Segovia;Mujer;70-79;3351;46.43203547;SE
2026-03-22;Soria;Hombre;60-69;1377;20.36680964;SO
2026-03-22;Soria;Hombre;>89;692;80.55878929;SO
2026-03-22;Soria;Mujer;05-12;0;0.0;SO
2026-03-22;Soria;Mujer;40-49;220;3.670949441;SO
2026-03-22;Soria;Mujer;60-69;1120;17.99196787;SO
2026-03-22;Soria;Mujer;80-89;2233;64.98835856;SO
2026-03-22;Soria;Mujer;>89;1318;74.50537027;SO
2026-03-22;Soria;Hombre;0-4;1;0.066711141;SO
2026-03-22;Soria;Hombre;05-12;1;0.03257329;SO
2026-03-22;Soria;Hombre;30-39;71;1.412935323;SO
2026-03-22;Soria;Hombre;70-79;2205;49.41730166;SO
2026-03-22;Soria;Hombre;80-89;1821;69.13439636;SO
2026-03-22;Soria;Mujer;0-4;0;0.0;SO
2026-03-22;Soria;Mujer;13-19;11;0.38718761;SO
2026-03-22;Soria;Mujer;20-29;65;1.537369915;SO
2026-03-22;Soria;Mujer;50-59;496;7.491315511;SO
2026-03-22;Soria;Hombre;13-19;8;0.254858235;SO
2026-03-22;Soria;Hombre;20-29;33;0.692259283;SO
2026-03-22;Soria;Hombre;40-49;175;2.765486726;SO
2026-03-22;Soria;Hombre;50-59;434;5.950095969;SO
2026-03-22;Soria;Mujer;30-39;142;3.099759878;SO
2026-03-22;Soria;Mujer;70-79;1945;44.06434073;SO
2026-03-22;Valladolid;Hombre;0-4;11;0.131516021;VA
2026-03-22;Valladolid;Hombre;30-39;648;2.416918429;VA
2026-03-22;Valladolid;Mujer;30-39;1116;4.22423256;VA
2026-03-22;Valladolid;Mujer;60-69;8513;22.34793794;VA
2026-03-22;Valladolid;Mujer;>89;4908;73.19910515;VA
2026-03-22;Valladolid;Hombre;20-29;357;1.407395727;VA
2026-03-22;Valladolid;Hombre;40-49;1505;3.759492406;VA
2026-03-22;Valladolid;Hombre;80-89;9126;68.27261166;VA
2026-03-22;Valladolid;Mujer;0-4;7;0.088383838;VA
2026-03-22;Valladolid;Mujer;13-19;195;1.077705317;VA
2026-03-22;Valladolid;Mujer;20-29;578;2.374301676;VA
2026-03-22;Valladolid;Mujer;40-49;1970;4.934993362;VA
2026-03-22;Valladolid;Mujer;80-89;11374;59.71857608;VA
2026-03-22;Valladolid;Hombre;05-12;47;0.257830929;VA
2026-03-22;Valladolid;Hombre;13-19;208;1.078223006;VA
2026-03-22;Valladolid;Hombre;50-59;3209;7.587185246;VA
2026-03-22;Valladolid;Hombre;60-69;8907;25.47987528;VA
2026-03-22;Valladolid;Hombre;70-79;13712;52.99323671;VA
2026-03-22;Valladolid;Hombre;>89;2139;76.50214592;VA
2026-03-22;Valladolid;Mujer;05-12;34;0.198320112;VA
2026-03-22;Valladolid;Mujer;50-59;3406;7.895956973;VA
2026-03-22;Valladolid;Mujer;70-79;12961;42.57744489;VA
2026-03-22;Zamora;Hombre;05-12;7;0.16021973;ZA
2026-03-22;Zamora;Hombre;13-19;13;0.288888889;ZA
2026-03-22;Zamora;Hombre;60-69;2118;15.2703677;ZA
2026-03-22;Zamora;Mujer;0-4;0;0.0;ZA
2026-03-22;Zamora;Mujer;20-29;80;1.224739743;ZA
2026-03-22;Zamora;Hombre;0-4;0;0.0;ZA
2026-03-22;Zamora;Hombre;20-29;63;0.898972603;ZA
2026-03-22;Zamora;Hombre;40-49;275;2.417369902;ZA
2026-03-22;Zamora;Hombre;70-79;4270;42.52988048;ZA
2026-03-22;Zamora;Hombre;80-89;3532;57.64648278;ZA
2026-03-22;Zamora;Mujer;05-12;4;0.099527246;ZA
2026-03-22;Zamora;Mujer;30-39;191;2.571005519;ZA
2026-03-22;Zamora;Mujer;40-49;362;3.39459865;ZA
2026-03-22;Zamora;Mujer;50-59;675;5.391373802;ZA
2026-03-22;Zamora;Mujer;>89;2351;63.79918589;ZA
2026-03-22;Zamora;Hombre;30-39;117;1.458489155;ZA
2026-03-22;Zamora;Hombre;50-59;622;4.843859512;ZA
2026-03-22;Zamora;Hombre;>89;1268;67.59061834;ZA
2026-03-22;Zamora;Mujer;13-19;17;0.40065991;ZA
2026-03-22;Zamora;Mujer;60-69;1694;12.81973664;ZA
2026-03-22;Zamora;Mujer;70-79;3616;33.82600561;ZA
2026-03-22;Zamora;Mujer;80-89;4432;50.88404133;ZA
2026-03-15;Ávila;Hombre;20-29;85;1.117979745;AV
2026-03-15;Ávila;Hombre;50-59;712;5.601888277;AV
2026-03-15;Ávila;Mujer;20-29;109;1.565642057;AV
2026-03-15;Ávila;Mujer;50-59;800;6.488240065;AV
2026-03-15;Ávila;Mujer;80-89;3197;50.8347909;AV
2026-03-15;Ávila;Hombre;0-4;2;0.080645161;AV
2026-03-15;Ávila;Hombre;13-19;36;0.636942675;AV
2026-03-15;Ávila;Hombre;30-39;140;1.687153531;AV
2026-03-15;Ávila;Hombre;40-49;301;2.659010601;AV
2026-03-15;Ávila;Hombre;70-79;3701;43.58219501;AV
2026-03-15;Ávila;Hombre;80-89;2600;55.98621878;AV
2026-03-15;Ávila;Hombre;>89;905;63.06620209;AV
2026-03-15;Ávila;Mujer;05-12;4;0.080224629;AV
2026-03-15;Ávila;Mujer;40-49;376;3.483094025;AV
2026-03-15;Ávila;Mujer;70-79;3156;36.79179296;AV
2026-03-15;Ávila;Hombre;05-12;9;0.167722698;AV
2026-03-15;Ávila;Hombre;60-69;2224;17.4049147;AV
2026-03-15;Ávila;Mujer;0-4;0;0.0;AV
2026-03-15;Ávila;Mujer;13-19;25;0.487614589;AV
2026-03-15;Ávila;Mujer;30-39;205;2.589364658;AV
2026-03-15;Ávila;Mujer;60-69;1942;16.36057287;AV
2026-03-15;Ávila;Mujer;>89;1733;61.1287478;AV
2026-03-15;Burgos;Hombre;0-4;4;0.07029877;BU
2026-03-15;Burgos;Hombre;30-39;261;1.314331755;BU
2026-03-15;Burgos;Hombre;>89;1668;70.82802548;BU
2026-03-15;Burgos;Mujer;0-4;4;0.075800644;BU
2026-03-15;Burgos;Mujer;20-29;264;1.619631902;BU
2026-03-15;Burgos;Mujer;30-39;455;2.491785323;BU
2026-03-15;Burgos;Mujer;70-79;7303;38.18162807;BU
2026-03-15;Burgos;Mujer;>89;4089;69.98117405;BU
2026-03-15;Burgos;Hombre;13-19;71;0.547670472;BU
2026-03-15;Burgos;Hombre;20-29;138;0.754428165;BU
2026-03-15;Burgos;Hombre;40-49;639;2.403068707;BU
2026-03-15;Burgos;Hombre;50-59;1489;5.13643106;BU
2026-03-15;Burgos;Hombre;60-69;4673;17.6886971;BU
2026-03-15;Burgos;Hombre;80-89;5888;63.68848026;BU
2026-03-15;Burgos;Mujer;05-12;12;0.101841636;BU
2026-03-15;Burgos;Mujer;13-19;68;0.559486589;BU
2026-03-15;Burgos;Mujer;60-69;4071;15.66190898;BU
2026-03-15;Burgos;Hombre;05-12;21;0.167973124;BU
2026-03-15;Burgos;Hombre;70-79;8451;45.48928841;BU
2026-03-15;Burgos;Mujer;40-49;885;3.483154912;BU
2026-03-15;Burgos;Mujer;50-59;1700;6.056503616;BU
2026-03-15;Burgos;Mujer;80-89;7385;56.95226344;BU
2026-03-15;Castilla y León;Hombre;20-29;1190;1.788076364;Castilla y LE
2026-03-15;Castilla y León;Hombre;30-39;2225;3.205226097;Castilla y LE
2026-03-15;Castilla y León;Hombre;60-69;34256;16.73040787;Castilla y LE
2026-03-15;Castilla y León;Hombre;70-79;57312;37.78864798;Castilla y LE
2026-03-15;Castilla y León;Hombre;>89;12936;67.60729976;Castilla y LE
2026-03-15;Castilla y León;Mujer;13-19;507;0.669278695;Castilla y LE
2026-03-15;Castilla y León;Mujer;40-49;6733;3.451486783;Castilla y LE
2026-03-15;Castilla y León;Hombre;05-12;164;0.17316617;Castilla y LE
2026-03-15;Castilla y León;Mujer;0-4;33;0.101405186;Castilla y LE
2026-03-15;Castilla y León;Mujer;05-12;126;0.193849146;Castilla y LE
2026-03-15;Castilla y León;Mujer;30-39;3791;2.469482482;Castilla y LE
2026-03-15;Castilla y León;Mujer;50-59;12566;6.291667436;Castilla y LE
2026-03-15;Castilla y León;Hombre;0-4;39;0.093084707;Castilla y LE
2026-03-15;Castilla y León;Hombre;13-19;540;0.669260494;Castilla y LE
2026-03-15;Castilla y León;Hombre;40-49;5062;3.983125267;Castilla y LE
2026-03-15;Castilla y León;Hombre;50-59;11363;6.618862305;Castilla y LE
2026-03-15;Castilla y León;Hombre;80-89;41187;54.27007224;Castilla y LE
2026-03-15;Castilla y León;Mujer;20-29;1934;1.387984959;Castilla y LE
2026-03-15;Castilla y León;Mujer;60-69;30396;17.8683925;Castilla y LE
2026-03-15;Castilla y León;Mujer;70-79;51590;41.69966319;Castilla y LE
2026-03-15;Castilla y León;Mujer;80-89;52525;57.132824;Castilla y LE
2026-03-15;Castilla y León;Mujer;>89;28030;68.4784609;Castilla y LE
2026-03-15;León;Hombre;0-4;6;0.100217137;LE
2026-03-15;León;Hombre;05-12;20;0.15470297;LE
2026-03-15;León;Hombre;30-39;282;1.266163793;LE
2026-03-15;León;Hombre;40-49;705;2.223133199;LE
2026-03-15;León;Hombre;60-69;5747;16.22987857;LE
2026-03-15;León;Hombre;70-79;9646;39.9850771;LE
2026-03-15;León;Mujer;05-12;23;0.191730577;LE
2026-03-15;León;Mujer;30-39;536;2.551773387;LE
2026-03-15;León;Mujer;50-59;1826;5.083518931;LE
2026-03-15;León;Mujer;70-79;8887;32.54715254;LE
2026-03-15;León;Mujer;>89;5572;62.04208885;LE
2026-03-15;León;Hombre;13-19;48;0.359389039;LE
2026-03-15;León;Hombre;50-59;1678;4.738640535;LE
2026-03-15;León;Hombre;>89;2583;66.29876797;LE
2026-03-15;León;Mujer;40-49;959;3.026191228;LE
2026-03-15;León;Mujer;80-89;9690;48.44031194;LE
2026-03-15;León;Hombre;20-29;125;0.626597824;LE
2026-03-15;León;Hombre;80-89;7299;55.88392926;LE
2026-03-15;León;Mujer;0-4;6;0.109051254;LE
2026-03-15;León;Mujer;13-19;45;0.352692217;LE
2026-03-15;León;Mujer;20-29;212;1.154684096;LE
2026-03-15;León;Mujer;60-69;4882;13.41135102;LE
2026-03-15;Palencia;Hombre;60-69;2248;17.28964775;PA
2026-03-15;Palencia;Mujer;20-29;90;1.342682381;PA
2026-03-15;Palencia;Hombre;30-39;184;2.197014925;PA
2026-03-15;Palencia;Hombre;50-59;840;6.718924972;PA
2026-03-15;Palencia;Hombre;>89;767;72.4952741;PA
2026-03-15;Palencia;Mujer;05-12;17;0.360016942;PA
2026-03-15;Palencia;Mujer;>89;1951;67.50865052;PA
2026-03-15;Palencia;Hombre;0-4;5;0.207986689;PA
2026-03-15;Palencia;Hombre;05-12;13;0.25757876;PA
2026-03-15;Palencia;Hombre;13-19;35;0.709076175;PA
2026-03-15;Palencia;Hombre;20-29;113;1.55862069;PA
2026-03-15;Palencia;Hombre;40-49;370;3.27636589;PA
2026-03-15;Palencia;Hombre;70-79;3960;45.0563204;PA
2026-03-15;Palencia;Hombre;80-89;2472;59.65250965;PA
2026-03-15;Palencia;Mujer;0-4;4;0.182648402;PA
2026-03-15;Palencia;Mujer;13-19;27;0.5841627;PA
2026-03-15;Palencia;Mujer;30-39;232;3.016905072;PA
2026-03-15;Palencia;Mujer;40-49;421;3.876611418;PA
2026-03-15;Palencia;Mujer;50-59;814;6.788990826;PA
2026-03-15;Palencia;Mujer;60-69;1849;14.24938348;PA
2026-03-15;Palencia;Mujer;70-79;3244;35.49622497;PA
2026-03-15;Palencia;Mujer;80-89;3196;52.22222222;PA
2026-03-15;Salamanca;Hombre;05-12;32;0.324313368;SA
2026-03-15;Salamanca;Hombre;20-29;158;0.988859682;SA
2026-03-15;Salamanca;Hombre;40-49;711;3.26416307;SA
2026-03-15;Salamanca;Hombre;50-59;1480;5.915267786;SA
2026-03-15;Salamanca;Hombre;80-89;5845;57.50688705;SA
2026-03-15;Salamanca;Mujer;30-39;610;3.734541447;SA
2026-03-15;Salamanca;Hombre;0-4;9;0.190677966;SA
2026-03-15;Salamanca;Hombre;30-39;340;2.045235804;SA
2026-03-15;Salamanca;Hombre;60-69;4238;17.35533806;SA
2026-03-15;Salamanca;Mujer;05-12;16;0.17015846;SA
2026-03-15;Salamanca;Mujer;20-29;327;2.112130216;SA
2026-03-15;Salamanca;Mujer;60-69;3790;15.07857569;SA
2026-03-15;Salamanca;Hombre;13-19;68;0.627943485;SA
2026-03-15;Salamanca;Hombre;70-79;7396;44.12624545;SA
2026-03-15;Salamanca;Hombre;>89;2029;68.73306233;SA
2026-03-15;Salamanca;Mujer;0-4;8;0.181077411;SA
2026-03-15;Salamanca;Mujer;13-19;76;0.7555423;SA
2026-03-15;Salamanca;Mujer;40-49;985;4.459031236;SA
2026-03-15;Salamanca;Mujer;50-59;1726;6.546309641;SA
2026-03-15;Salamanca;Mujer;70-79;6990;36.32867315;SA
2026-03-15;Salamanca;Mujer;80-89;7512;51.73553719;SA
2026-03-15;Salamanca;Mujer;>89;4239;67.47851003;SA
2026-03-15;Segovia;Hombre;13-19;51;0.89223233;SE
2026-03-15;Segovia;Hombre;30-39;159;1.766470392;SE
2026-03-15;Segovia;Hombre;40-49;356;3.105644247;SE
2026-03-15;Segovia;Hombre;60-69;2587;21.97214201;SE
2026-03-15;Segovia;Mujer;0-4;2;0.081037277;SE
2026-03-15;Segovia;Mujer;05-12;15;0.284522003;SE
2026-03-15;Segovia;Mujer;13-19;40;0.73964497;SE
2026-03-15;Segovia;Mujer;80-89;3424;61.87206361;SE
2026-03-15;Segovia;Mujer;>89;1847;75.82101806;SE
2026-03-15;Segovia;Hombre;0-4;1;0.037965072;SE
2026-03-15;Segovia;Hombre;05-12;14;0.253531329;SE
2026-03-15;Segovia;Hombre;20-29;94;1.112689394;SE
2026-03-15;Segovia;Hombre;50-59;869;6.737478679;SE
2026-03-15;Segovia;Hombre;70-79;3794;53.37647721;SE
2026-03-15;Segovia;Hombre;80-89;2531;67.83704101;SE
2026-03-15;Segovia;Hombre;>89;876;78.07486631;SE
2026-03-15;Segovia;Mujer;30-39;291;3.533697632;SE
2026-03-15;Segovia;Mujer;60-69;2413;21.87273387;SE
2026-03-15;Segovia;Mujer;70-79;3352;46.44589164;SE
2026-03-15;Segovia;Mujer;20-29;181;2.355543988;SE
2026-03-15;Segovia;Mujer;40-49;535;4.812449402;SE
2026-03-15;Segovia;Mujer;50-59;1091;8.776445982;SE
2026-03-15;Soria;Hombre;05-12;1;0.03257329;SO
2026-03-15;Soria;Hombre;20-29;33;0.692259283;SO
2026-03-15;Soria;Hombre;40-49;175;2.765486726;SO
2026-03-15;Soria;Mujer;05-12;0;0.0;SO
2026-03-15;Soria;Mujer;13-19;11;0.38718761;SO
2026-03-15;Soria;Mujer;30-39;143;3.121589173;SO
2026-03-15;Soria;Mujer;40-49;220;3.670949441;SO
2026-03-15;Soria;Mujer;60-69;1120;17.99196787;SO
2026-03-15;Soria;Mujer;>89;1318;74.50537027;SO
2026-03-15;Soria;Hombre;13-19;8;0.254858235;SO
2026-03-15;Soria;Hombre;30-39;71;1.412935323;SO
2026-03-15;Soria;Hombre;50-59;434;5.950095969;SO
2026-03-15;Soria;Hombre;>89;692;80.55878929;SO
2026-03-15;Soria;Mujer;20-29;65;1.537369915;SO
2026-03-15;Soria;Mujer;80-89;2236;65.07566938;SO
2026-03-15;Soria;Hombre;0-4;1;0.066711141;SO
2026-03-15;Soria;Hombre;60-69;1377;20.36680964;SO
2026-03-15;Soria;Hombre;70-79;2205;49.41730166;SO
2026-03-15;Soria;Hombre;80-89;1821;69.13439636;SO
2026-03-15;Soria;Mujer;0-4;0;0.0;SO
2026-03-15;Soria;Mujer;50-59;497;7.50641897;SO
2026-03-15;Soria;Mujer;70-79;1944;44.04168555;SO
2026-03-15;Valladolid;Hombre;0-4;11;0.131516021;VA
2026-03-15;Valladolid;Hombre;30-39;648;2.416918429;VA
2026-03-15;Valladolid;Hombre;>89;2139;76.50214592;VA
2026-03-15;Valladolid;Mujer;0-4;7;0.088383838;VA
2026-03-15;Valladolid;Mujer;05-12;34;0.198320112;VA
2026-03-15;Valladolid;Mujer;13-19;195;1.077705317;VA
2026-03-15;Valladolid;Mujer;20-29;578;2.374301676;VA
2026-03-15;Valladolid;Mujer;30-39;1116;4.22423256;VA
2026-03-15;Valladolid;Mujer;50-59;3406;7.895956973;VA
2026-03-15;Valladolid;Mujer;80-89;11367;59.68182295;VA
2026-03-15;Valladolid;Hombre;20-29;357;1.407395727;VA
2026-03-15;Valladolid;Hombre;70-79;13705;52.96618357;VA
2026-03-15;Valladolid;Mujer;40-49;1970;4.934993362;VA
2026-03-15;Valladolid;Mujer;60-69;8512;22.34531279;VA
2026-03-15;Valladolid;Mujer;70-79;12956;42.56101968;VA
2026-03-15;Valladolid;Hombre;05-12;47;0.257830929;VA
2026-03-15;Valladolid;Hombre;13-19;208;1.078223006;VA
2026-03-15;Valladolid;Hombre;40-49;1505;3.759492406;VA
2026-03-15;Valladolid;Hombre;50-59;3208;7.584820901;VA
2026-03-15;Valladolid;Hombre;60-69;8902;25.46557199;VA
2026-03-15;Valladolid;Hombre;80-89;9126;68.27261166;VA
2026-03-15;Valladolid;Mujer;>89;4908;73.19910515;VA
2026-03-15;Zamora;Hombre;13-19;13;0.288888889;ZA
2026-03-15;Zamora;Hombre;20-29;62;0.884703196;ZA
2026-03-15;Zamora;Hombre;60-69;2117;15.26315789;ZA
2026-03-15;Zamora;Hombre;70-79;4270;42.52988048;ZA
2026-03-15;Zamora;Hombre;80-89;3530;57.61384038;ZA
2026-03-15;Zamora;Mujer;0-4;0;0.0;ZA
2026-03-15;Zamora;Mujer;05-12;4;0.099527246;ZA
2026-03-15;Zamora;Mujer;13-19;17;0.40065991;ZA
2026-03-15;Zamora;Mujer;20-29;80;1.224739743;ZA
2026-03-15;Zamora;Mujer;40-49;362;3.39459865;ZA
2026-03-15;Zamora;Mujer;60-69;1693;12.81216891;ZA
2026-03-15;Zamora;Mujer;70-79;3618;33.84471469;ZA
2026-03-15;Zamora;Hombre;30-39;117;1.458489155;ZA
2026-03-15;Zamora;Hombre;40-49;275;2.417369902;ZA
2026-03-15;Zamora;Hombre;50-59;622;4.843859512;ZA
2026-03-15;Zamora;Mujer;80-89;4432;50.88404133;ZA
2026-03-15;Zamora;Hombre;0-4;0;0.0;ZA
2026-03-15;Zamora;Hombre;05-12;7;0.16021973;ZA
2026-03-15;Zamora;Hombre;>89;1267;67.53731343;ZA
2026-03-15;Zamora;Mujer;30-39;190;2.557544757;ZA
2026-03-15;Zamora;Mujer;50-59;675;5.391373802;ZA
2026-03-15;Zamora;Mujer;>89;2350;63.77204885;ZA
2026-03-08;Ávila;Hombre;05-12;9;0.167722698;AV
2026-03-08;Ávila;Hombre;30-39;140;1.687153531;AV
2026-03-08;Ávila;Hombre;40-49;301;2.659010601;AV
2026-03-08;Ávila;Hombre;50-59;712;5.601888277;AV
2026-03-08;Ávila;Mujer;05-12;4;0.080224629;AV
2026-03-08;Ávila;Mujer;50-59;800;6.488240065;AV
2026-03-08;Ávila;Mujer;60-69;1941;16.35214827;AV
2026-03-08;Ávila;Hombre;13-19;36;0.636942675;AV
2026-03-08;Ávila;Hombre;80-89;2602;56.0292851;AV
2026-03-08;Ávila;Hombre;>89;905;63.06620209;AV
2026-03-08;Ávila;Mujer;13-19;25;0.487614589;AV
2026-03-08;Ávila;Mujer;20-29;109;1.565642057;AV
2026-03-08;Ávila;Mujer;40-49;377;3.492357573;AV
2026-03-08;Ávila;Mujer;80-89;3197;50.8347909;AV
2026-03-08;Ávila;Mujer;>89;1734;61.16402116;AV
2026-03-08;Ávila;Hombre;0-4;2;0.080645161;AV
2026-03-08;Ávila;Hombre;20-29;85;1.117979745;AV
2026-03-08;Ávila;Hombre;60-69;2222;17.3892628;AV
2026-03-08;Ávila;Hombre;70-79;3701;43.58219501;AV
2026-03-08;Ávila;Mujer;0-4;0;0.0;AV
2026-03-08;Ávila;Mujer;30-39;206;2.601995705;AV
2026-03-08;Ávila;Mujer;70-79;3156;36.79179296;AV
2026-03-08;Burgos;Hombre;05-12;21;0.167973124;BU
2026-03-08;Burgos;Hombre;13-19;71;0.547670472;BU
2026-03-08;Burgos;Hombre;30-39;261;1.314331755;BU
2026-03-08;Burgos;Hombre;70-79;8451;45.48928841;BU
2026-03-08;Burgos;Mujer;40-49;885;3.483154912;BU
2026-03-08;Burgos;Mujer;60-69;4071;15.66190898;BU
2026-03-08;Burgos;Hombre;0-4;4;0.07029877;BU
2026-03-08;Burgos;Hombre;20-29;138;0.754428165;BU
2026-03-08;Burgos;Hombre;40-49;639;2.403068707;BU
2026-03-08;Burgos;Hombre;50-59;1489;5.13643106;BU
2026-03-08;Burgos;Hombre;80-89;5887;63.6776636;BU
2026-03-08;Burgos;Hombre;>89;1667;70.78556263;BU
2026-03-08;Burgos;Mujer;13-19;68;0.559486589;BU
2026-03-08;Burgos;Mujer;20-29;263;1.613496933;BU
2026-03-08;Burgos;Mujer;70-79;7303;38.18162807;BU
2026-03-08;Burgos;Mujer;80-89;7384;56.94455155;BU
2026-03-08;Burgos;Mujer;>89;4089;69.98117405;BU
2026-03-08;Burgos;Hombre;60-69;4671;17.6811265;BU
2026-03-08;Burgos;Mujer;0-4;4;0.075800644;BU
2026-03-08;Burgos;Mujer;05-12;12;0.101841636;BU
2026-03-08;Burgos;Mujer;30-39;455;2.491785323;BU
2026-03-08;Burgos;Mujer;50-59;1700;6.056503616;BU
2026-03-08;Castilla y León;Hombre;05-12;164;0.17316617;Castilla y LE
2026-03-08;Castilla y León;Hombre;20-29;1186;1.787138234;Castilla y LE
2026-03-08;Castilla y León;Hombre;30-39;2224;3.203529312;Castilla y LE
2026-03-08;Castilla y León;Hombre;>89;12935;67.60247188;Castilla y LE
2026-03-08;Castilla y León;Mujer;30-39;3789;2.468243612;Castilla y LE
2026-03-08;Castilla y León;Mujer;80-89;52517;57.1236633;Castilla y LE
2026-03-08;Castilla y León;Hombre;13-19;540;0.669260494;Castilla y LE
2026-03-08;Castilla y León;Hombre;50-59;11360;6.618862305;Castilla y LE
2026-03-08;Castilla y León;Hombre;70-79;57309;37.78056878;Castilla y LE
2026-03-08;Castilla y León;Mujer;13-19;507;0.669278695;Castilla y LE
2026-03-08;Castilla y León;Mujer;20-29;1933;1.385725133;Castilla y LE
2026-03-08;Castilla y León;Mujer;50-59;12566;6.290876595;Castilla y LE
2026-03-08;Castilla y León;Mujer;60-69;30389;17.86395211;Castilla y LE
2026-03-08;Castilla y León;Mujer;70-79;51580;41.6939024;Castilla y LE
2026-03-08;Castilla y León;Mujer;>89;28028;68.47344207;Castilla y LE
2026-03-08;Castilla y León;Hombre;0-4;39;0.093084707;Castilla y LE
2026-03-08;Castilla y León;Hombre;40-49;5060;3.981938577;Castilla y LE
2026-03-08;Castilla y León;Hombre;60-69;34249;16.72598651;Castilla y LE
2026-03-08;Castilla y León;Hombre;80-89;41180;54.26179289;Castilla y LE
2026-03-08;Castilla y León;Mujer;0-4;33;0.101405186;Castilla y LE
2026-03-08;Castilla y León;Mujer;05-12;126;0.193849146;Castilla y LE
2026-03-08;Castilla y León;Mujer;40-49;6731;3.450311809;Castilla y LE
2026-03-08;León;Hombre;20-29;124;0.621585042;LE
2026-03-08;León;Hombre;60-69;5746;16.2270545;LE
2026-03-08;León;Hombre;70-79;9644;39.9767866;LE
2026-03-08;León;Hombre;80-89;7297;55.86861649;LE
2026-03-08;León;Mujer;0-4;6;0.109051254;LE
2026-03-08;León;Mujer;30-39;536;2.551773387;LE
2026-03-08;León;Mujer;40-49;958;3.023035658;LE
2026-03-08;León;Hombre;05-12;20;0.15470297;LE
2026-03-08;León;Hombre;13-19;48;0.359389039;LE
2026-03-08;León;Hombre;40-49;705;2.223133199;LE
2026-03-08;León;Hombre;>89;2583;66.29876797;LE
2026-03-08;León;Mujer;13-19;45;0.352692217;LE
2026-03-08;León;Mujer;20-29;212;1.154684096;LE
2026-03-08;León;Mujer;70-79;8883;32.5325032;LE
2026-03-08;León;Mujer;80-89;9686;48.42031594;LE
2026-03-08;León;Hombre;0-4;6;0.100217137;LE
2026-03-08;León;Hombre;30-39;282;1.266163793;LE
2026-03-08;León;Hombre;50-59;1677;4.735816554;LE
2026-03-08;León;Mujer;05-12;23;0.191730577;LE
2026-03-08;León;Mujer;50-59;1826;5.083518931;LE
2026-03-08;León;Mujer;60-69;4882;13.41135102;LE
2026-03-08;León;Mujer;>89;5572;62.04208885;LE
2026-03-08;Palencia;Hombre;05-12;13;0.25757876;PA
2026-03-08;Palencia;Hombre;20-29;113;1.55862069;PA
2026-03-08;Palencia;Hombre;80-89;2470;59.6042471;PA
2026-03-08;Palencia;Hombre;>89;765;72.30623819;PA
2026-03-08;Palencia;Mujer;0-4;4;0.182648402;PA
2026-03-08;Palencia;Mujer;30-39;233;3.029908973;PA
2026-03-08;Palencia;Mujer;50-59;814;6.788990826;PA
2026-03-08;Palencia;Mujer;70-79;3242;35.47434074;PA
2026-03-08;Palencia;Mujer;80-89;3192;52.15686275;PA
2026-03-08;Palencia;Hombre;0-4;5;0.207986689;PA
2026-03-08;Palencia;Hombre;60-69;2246;17.2742655;PA
2026-03-08;Palencia;Mujer;20-29;90;1.342682381;PA
2026-03-08;Palencia;Hombre;13-19;35;0.709076175;PA
2026-03-08;Palencia;Hombre;30-39;184;2.197014925;PA
2026-03-08;Palencia;Hombre;40-49;370;3.27636589;PA
2026-03-08;Palencia;Hombre;50-59;840;6.718924972;PA
2026-03-08;Palencia;Hombre;70-79;3957;45.02218682;PA
2026-03-08;Palencia;Mujer;05-12;17;0.360016942;PA
2026-03-08;Palencia;Mujer;13-19;27;0.5841627;PA
2026-03-08;Palencia;Mujer;40-49;421;3.876611418;PA
2026-03-08;Palencia;Mujer;60-69;1848;14.24167694;PA
2026-03-08;Palencia;Mujer;>89;1948;67.40484429;PA
2026-03-08;Salamanca;Hombre;20-29;158;0.988859682;SA
2026-03-08;Salamanca;Hombre;>89;2030;68.76693767;SA
2026-03-08;Salamanca;Mujer;0-4;8;0.181077411;SA
2026-03-08;Salamanca;Mujer;13-19;76;0.7555423;SA
2026-03-08;Salamanca;Mujer;20-29;327;2.112130216;SA
2026-03-08;Salamanca;Mujer;30-39;609;3.728419248;SA
2026-03-08;Salamanca;Mujer;40-49;984;4.454504301;SA
2026-03-08;Salamanca;Hombre;30-39;340;2.045235804;SA
2026-03-08;Salamanca;Hombre;50-59;1479;5.911270983;SA
2026-03-08;Salamanca;Mujer;05-12;16;0.17015846;SA
2026-03-08;Salamanca;Mujer;70-79;6987;36.31308144;SA
2026-03-08;Salamanca;Hombre;0-4;9;0.190677966;SA
2026-03-08;Salamanca;Hombre;05-12;32;0.324313368;SA
2026-03-08;Salamanca;Hombre;13-19;68;0.627943485;SA
2026-03-08;Salamanca;Hombre;40-49;711;3.26416307;SA
2026-03-08;Salamanca;Hombre;60-69;4238;17.35533806;SA
2026-03-08;Salamanca;Hombre;70-79;7397;44.13221168;SA
2026-03-08;Salamanca;Hombre;80-89;5844;57.49704841;SA
2026-03-08;Salamanca;Mujer;50-59;1726;6.546309641;SA
2026-03-08;Salamanca;Mujer;60-69;3789;15.07459718;SA
2026-03-08;Salamanca;Mujer;80-89;7513;51.74242424;SA
2026-03-08;Salamanca;Mujer;>89;4236;67.43075454;SA
2026-03-08;Segovia;Hombre;0-4;1;0.037965072;SE
2026-03-08;Segovia;Hombre;20-29;94;1.112689394;SE
2026-03-08;Segovia;Hombre;40-49;356;3.105644247;SE
2026-03-08;Segovia;Hombre;50-59;869;6.737478679;SE
2026-03-08;Segovia;Mujer;0-4;2;0.081037277;SE
2026-03-08;Segovia;Mujer;20-29;181;2.355543988;SE
2026-03-08;Segovia;Mujer;30-39;290;3.521554341;SE
2026-03-08;Segovia;Mujer;40-49;535;4.812449402;SE
2026-03-08;Segovia;Mujer;70-79;3350;46.4181793;SE
2026-03-08;Segovia;Hombre;30-39;159;1.766470392;SE
2026-03-08;Segovia;Hombre;80-89;2531;67.83704101;SE
2026-03-08;Segovia;Hombre;>89;876;78.07486631;SE
2026-03-08;Segovia;Mujer;05-12;15;0.284522003;SE
2026-03-08;Segovia;Mujer;13-19;40;0.73964497;SE
2026-03-08;Segovia;Mujer;>89;1847;75.82101806;SE
2026-03-08;Segovia;Hombre;05-12;14;0.253531329;SE
2026-03-08;Segovia;Hombre;13-19;51;0.89223233;SE
2026-03-08;Segovia;Hombre;60-69;2587;21.97214201;SE
2026-03-08;Segovia;Hombre;70-79;3794;53.37647721;SE
2026-03-08;Segovia;Mujer;50-59;1091;8.776445982;SE
2026-03-08;Segovia;Mujer;60-69;2413;21.87273387;SE
2026-03-08;Segovia;Mujer;80-89;3424;61.87206361;SE
2026-03-08;Soria;Hombre;30-39;71;1.412935323;SO
2026-03-08;Soria;Hombre;40-49;174;2.749683944;SO
2026-03-08;Soria;Hombre;60-69;1377;20.36680964;SO
2026-03-08;Soria;Hombre;80-89;1822;69.17236143;SO
2026-03-08;Soria;Hombre;>89;692;80.55878929;SO
2026-03-08;Soria;Mujer;0-4;0;0.0;SO
2026-03-08;Soria;Mujer;20-29;65;1.537369915;SO
2026-03-08;Soria;Mujer;50-59;497;7.50641897;SO
2026-03-08;Soria;Mujer;70-79;1944;44.04168555;SO
2026-03-08;Soria;Mujer;80-89;2236;65.07566938;SO
2026-03-08;Soria;Hombre;05-12;1;0.03257329;SO
2026-03-08;Soria;Hombre;50-59;434;5.950095969;SO
2026-03-08;Soria;Mujer;05-12;0;0.0;SO
2026-03-08;Soria;Mujer;30-39;143;3.121589173;SO
2026-03-08;Soria;Mujer;60-69;1120;17.99196787;SO
2026-03-08;Soria;Mujer;>89;1318;74.50537027;SO
2026-03-08;Soria;Hombre;0-4;1;0.066711141;SO
2026-03-08;Soria;Hombre;13-19;8;0.254858235;SO
2026-03-08;Soria;Hombre;20-29;33;0.692259283;SO
2026-03-08;Soria;Hombre;70-79;2204;49.39489018;SO
2026-03-08;Soria;Mujer;13-19;11;0.38718761;SO
2026-03-08;Soria;Mujer;40-49;220;3.670949441;SO
2026-03-08;Valladolid;Hombre;40-49;1505;3.759492406;VA
2026-03-08;Valladolid;Mujer;0-4;7;0.088383838;VA
2026-03-08;Valladolid;Mujer;40-49;1970;4.934993362;VA
2026-03-08;Valladolid;Mujer;50-59;3406;7.895956973;VA
2026-03-08;Valladolid;Mujer;70-79;12956;42.56101968;VA
2026-03-08;Valladolid;Hombre;0-4;11;0.131516021;VA
2026-03-08;Valladolid;Hombre;60-69;8902;25.46557199;VA
2026-03-08;Valladolid;Mujer;05-12;34;0.198320112;VA
2026-03-08;Valladolid;Mujer;20-29;578;2.374301676;VA
2026-03-08;Valladolid;Mujer;60-69;8508;22.33481217;VA
2026-03-08;Valladolid;Hombre;05-12;47;0.257830929;VA
2026-03-08;Valladolid;Hombre;13-19;208;1.078223006;VA
2026-03-08;Valladolid;Hombre;20-29;357;1.407395727;VA
2026-03-08;Valladolid;Hombre;30-39;648;2.416918429;VA
2026-03-08;Valladolid;Hombre;50-59;3208;7.584820901;VA
2026-03-08;Valladolid;Hombre;70-79;13706;52.97004831;VA
2026-03-08;Valladolid;Hombre;80-89;9122;68.24268721;VA
2026-03-08;Valladolid;Hombre;>89;2140;76.5379113;VA
2026-03-08;Valladolid;Mujer;13-19;195;1.077705317;VA
2026-03-08;Valladolid;Mujer;30-39;1115;4.220447405;VA
2026-03-08;Valladolid;Mujer;80-89;11367;59.68182295;VA
2026-03-08;Valladolid;Mujer;>89;4911;73.24384787;VA
2026-03-08;Zamora;Hombre;0-4;0;0.0;ZA
2026-03-08;Zamora;Hombre;05-12;7;0.16021973;ZA
2026-03-08;Zamora;Hombre;40-49;274;2.408579466;ZA
2026-03-08;Zamora;Hombre;50-59;621;4.836071957;ZA
2026-03-08;Zamora;Hombre;80-89;3530;57.61384038;ZA
2026-03-08;Zamora;Mujer;0-4;0;0.0;ZA
2026-03-08;Zamora;Mujer;05-12;4;0.099527246;ZA
2026-03-08;Zamora;Mujer;50-59;675;5.391373802;ZA
2026-03-08;Zamora;Mujer;60-69;1692;12.80460118;ZA
2026-03-08;Zamora;Mujer;80-89;4432;50.88404133;ZA
2026-03-08;Zamora;Mujer;>89;2350;63.77204885;ZA
2026-03-08;Zamora;Hombre;13-19;13;0.288888889;ZA
2026-03-08;Zamora;Hombre;60-69;2116;15.25594809;ZA
2026-03-08;Zamora;Hombre;70-79;4270;42.52988048;ZA
2026-03-08;Zamora;Hombre;>89;1267;67.53731343;ZA
2026-03-08;Zamora;Mujer;13-19;17;0.40065991;ZA
2026-03-08;Zamora;Mujer;20-29;80;1.224739743;ZA
2026-03-08;Zamora;Mujer;40-49;361;3.385221305;ZA
2026-03-08;Zamora;Mujer;70-79;3618;33.84471469;ZA
2026-03-08;Zamora;Hombre;20-29;59;0.841894977;ZA
2026-03-08;Zamora;Hombre;30-39;116;1.446023436;ZA
2026-03-08;Zamora;Mujer;30-39;189;2.544083995;ZA
2026-03-01;Ávila;Hombre;30-39;140;1.687153531;AV
2026-03-01;Ávila;Hombre;>89;904;62.99651568;AV
2026-03-01;Ávila;Mujer;05-12;4;0.080224629;AV
2026-03-01;Ávila;Mujer;20-29;109;1.565642057;AV
2026-03-01;Ávila;Mujer;40-49;377;3.492357573;AV
2026-03-01;Ávila;Hombre;0-4;2;0.080645161;AV
2026-03-01;Ávila;Hombre;05-12;9;0.167722698;AV
2026-03-01;Ávila;Hombre;13-19;36;0.636942675;AV
2026-03-01;Ávila;Hombre;40-49;301;2.659010601;AV
2026-03-01;Ávila;Hombre;60-69;2222;17.3892628;AV
2026-03-01;Ávila;Hombre;70-79;3701;43.58219501;AV
2026-03-01;Ávila;Hombre;80-89;2600;55.98621878;AV
2026-03-01;Ávila;Mujer;0-4;0;0.0;AV
2026-03-01;Ávila;Mujer;13-19;25;0.487614589;AV
2026-03-01;Ávila;Mujer;50-59;800;6.488240065;AV
2026-03-01;Ávila;Mujer;>89;1733;61.1287478;AV
2026-03-01;Ávila;Hombre;20-29;85;1.117979745;AV
2026-03-01;Ávila;Hombre;50-59;712;5.601888277;AV
2026-03-01;Ávila;Mujer;30-39;206;2.601995705;AV
2026-03-01;Ávila;Mujer;60-69;1941;16.35214827;AV
2026-03-01;Ávila;Mujer;70-79;3155;36.78013523;AV
2026-03-01;Ávila;Mujer;80-89;3199;50.86659246;AV
2026-03-01;Burgos;Hombre;13-19;71;0.547670472;BU
2026-03-01;Burgos;Hombre;20-29;138;0.754428165;BU
2026-03-01;Burgos;Hombre;50-59;1489;5.13643106;BU
2026-03-01;Burgos;Mujer;0-4;4;0.075800644;BU
2026-03-01;Burgos;Mujer;05-12;12;0.101841636;BU
2026-03-01;Burgos;Mujer;20-29;263;1.613496933;BU
2026-03-01;Burgos;Mujer;30-39;455;2.491785323;BU
2026-03-01;Burgos;Mujer;40-49;885;3.483154912;BU
2026-03-01;Burgos;Mujer;50-59;1699;6.052940967;BU
2026-03-01;Burgos;Mujer;70-79;7302;38.17639985;BU
2026-03-01;Burgos;Mujer;80-89;7377;56.89056837;BU
2026-03-01;Burgos;Hombre;0-4;4;0.07029877;BU
2026-03-01;Burgos;Hombre;30-39;260;1.309296002;BU
2026-03-01;Burgos;Hombre;40-49;639;2.403068707;BU
2026-03-01;Burgos;Hombre;60-69;4672;17.6849118;BU
2026-03-01;Burgos;Hombre;>89;1664;70.6581741;BU
2026-03-01;Burgos;Mujer;60-69;4071;15.66190898;BU
2026-03-01;Burgos;Mujer;>89;4086;69.92983057;BU
2026-03-01;Burgos;Hombre;05-12;21;0.167973124;BU
2026-03-01;Burgos;Hombre;70-79;8448;45.47314027;BU
2026-03-01;Burgos;Hombre;80-89;5885;63.65603029;BU
2026-03-01;Burgos;Mujer;13-19;68;0.559486589;BU
2026-03-01;Castilla y León;Hombre;05-12;164;0.17316617;Castilla y LE
2026-03-01;Castilla y León;Hombre;13-19;540;0.669260494;Castilla y LE
2026-03-01;Castilla y León;Hombre;20-29;1186;1.785261973;Castilla y LE
2026-03-01;Castilla y León;Hombre;50-59;11356;6.615166092;Castilla y LE
2026-03-01;Castilla y León;Hombre;>89;12932;67.59281611;Castilla y LE
2026-03-01;Castilla y León;Mujer;30-39;3788;2.467417698;Castilla y LE
2026-03-01;Castilla y León;Mujer;50-59;12560;6.287976844;Castilla y LE
2026-03-01;Castilla y León;Hombre;0-4;39;0.093084707;Castilla y LE
2026-03-01;Castilla y León;Hombre;30-39;2223;3.20268092;Castilla y LE
2026-03-01;Castilla y León;Hombre;40-49;5059;3.980158542;Castilla y LE
2026-03-01;Castilla y León;Hombre;60-69;34245;16.72211783;Castilla y LE
2026-03-01;Castilla y León;Hombre;70-79;57298;37.77542746;Castilla y LE
2026-03-01;Castilla y León;Hombre;80-89;41175;54.25351355;Castilla y LE
2026-03-01;Castilla y León;Mujer;0-4;33;0.101405186;Castilla y LE
2026-03-01;Castilla y León;Mujer;05-12;126;0.193849146;Castilla y LE
2026-03-01;Castilla y León;Mujer;40-49;6728;3.449136835;Castilla y LE
2026-03-01;Castilla y León;Mujer;60-69;30382;17.86062182;Castilla y LE
2026-03-01;Castilla y León;Mujer;70-79;51573;41.6873735;Castilla y LE
2026-03-01;Castilla y León;Mujer;80-89;52509;57.11572403;Castilla y LE
2026-03-01;Castilla y León;Mujer;13-19;507;0.669278695;Castilla y LE
2026-03-01;Castilla y León;Mujer;20-29;1931;1.384821203;Castilla y LE
2026-03-01;Castilla y León;Mujer;>89;28024;68.46173149;Castilla y LE
2026-03-01;León;Hombre;0-4;6;0.100217137;LE
2026-03-01;León;Hombre;20-29;124;0.621585042;LE
2026-03-01;León;Hombre;30-39;282;1.266163793;LE
2026-03-01;León;Hombre;60-69;5746;16.2270545;LE
2026-03-01;León;Hombre;70-79;9641;39.96435085;LE
2026-03-01;León;Mujer;0-4;6;0.109051254;LE
2026-03-01;León;Mujer;50-59;1825;5.080734967;LE
2026-03-01;León;Mujer;80-89;9687;48.42531494;LE
2026-03-01;León;Hombre;05-12;20;0.15470297;LE
2026-03-01;León;Hombre;50-59;1677;4.735816554;LE
2026-03-01;León;Hombre;80-89;7296;55.86096011;LE
2026-03-01;León;Hombre;>89;2583;66.29876797;LE
2026-03-01;León;Mujer;05-12;23;0.191730577;LE
2026-03-01;León;Mujer;13-19;45;0.352692217;LE
2026-03-01;León;Mujer;40-49;956;3.016724519;LE
2026-03-01;León;Mujer;60-69;4880;13.40585682;LE
2026-03-01;León;Mujer;70-79;8880;32.52151621;LE
2026-03-01;León;Hombre;13-19;48;0.359389039;LE
2026-03-01;León;Hombre;40-49;705;2.223133199;LE
2026-03-01;León;Mujer;20-29;212;1.154684096;LE
2026-03-01;León;Mujer;30-39;536;2.551773387;LE
2026-03-01;León;Mujer;>89;5572;62.04208885;LE
2026-03-01;Palencia;Hombre;0-4;5;0.207986689;PA
2026-03-01;Palencia;Hombre;05-12;13;0.25757876;PA
2026-03-01;Palencia;Hombre;13-19;35;0.709076175;PA
2026-03-01;Palencia;Hombre;60-69;2245;17.26657437;PA
2026-03-01;Palencia;Hombre;80-89;2470;59.6042471;PA
2026-03-01;Palencia;Mujer;50-59;813;6.780650542;PA
2026-03-01;Palencia;Mujer;60-69;1848;14.24167694;PA
2026-03-01;Palencia;Mujer;70-79;3239;35.44151439;PA
2026-03-01;Palencia;Mujer;>89;1948;67.40484429;PA
2026-03-01;Palencia;Hombre;20-29;113;1.55862069;PA
2026-03-01;Palencia;Hombre;30-39;184;2.197014925;PA
2026-03-01;Palencia;Mujer;0-4;4;0.182648402;PA
2026-03-01;Palencia;Mujer;13-19;27;0.5841627;PA
2026-03-01;Palencia;Mujer;40-49;421;3.876611418;PA
2026-03-01;Palencia;Mujer;80-89;3191;52.14052288;PA
2026-03-01;Palencia;Hombre;40-49;370;3.27636589;PA
2026-03-01;Palencia;Hombre;50-59;840;6.718924972;PA
2026-03-01;Palencia;Hombre;70-79;3956;45.01080897;PA
2026-03-01;Palencia;Hombre;>89;764;72.21172023;PA
2026-03-01;Palencia;Mujer;05-12;17;0.360016942;PA
2026-03-01;Palencia;Mujer;20-29;90;1.342682381;PA
2026-03-01;Palencia;Mujer;30-39;232;3.016905072;PA
2026-03-01;Salamanca;Hombre;05-12;32;0.324313368;SA
2026-03-01;Salamanca;Hombre;80-89;5844;57.49704841;SA
2026-03-01;Salamanca;Mujer;13-19;76;0.7555423;SA
2026-03-01;Salamanca;Mujer;20-29;327;2.112130216;SA
2026-03-01;Salamanca;Mujer;60-69;3788;15.07061866;SA
2026-03-01;Salamanca;Mujer;>89;4236;67.43075454;SA
2026-03-01;Salamanca;Hombre;13-19;68;0.627943485;SA
2026-03-01;Salamanca;Hombre;20-29;158;0.988859682;SA
2026-03-01;Salamanca;Hombre;50-59;1479;5.911270983;SA
2026-03-01;Salamanca;Hombre;60-69;4237;17.35124288;SA
2026-03-01;Salamanca;Hombre;70-79;7397;44.13221168;SA
2026-03-01;Salamanca;Hombre;>89;2031;68.80081301;SA
2026-03-01;Salamanca;Mujer;0-4;8;0.181077411;SA
2026-03-01;Salamanca;Mujer;05-12;16;0.17015846;SA
2026-03-01;Salamanca;Mujer;40-49;983;4.449977365;SA
2026-03-01;Salamanca;Hombre;0-4;9;0.190677966;SA
2026-03-01;Salamanca;Hombre;30-39;340;2.045235804;SA
2026-03-01;Salamanca;Hombre;40-49;711;3.26416307;SA
2026-03-01;Salamanca;Mujer;30-39;609;3.728419248;SA
2026-03-01;Salamanca;Mujer;50-59;1725;6.542516878;SA
2026-03-01;Salamanca;Mujer;70-79;6988;36.31827868;SA
2026-03-01;Salamanca;Mujer;80-89;7511;51.72865014;SA
2026-03-01;Segovia;Hombre;05-12;14;0.253531329;SE
2026-03-01;Segovia;Hombre;20-29;94;1.112689394;SE
2026-03-01;Segovia;Hombre;60-69;2587;21.97214201;SE
2026-03-01;Segovia;Mujer;50-59;1091;8.776445982;SE
2026-03-01;Segovia;Mujer;60-69;2413;21.87273387;SE
2026-03-01;Segovia;Mujer;70-79;3350;46.4181793;SE
2026-03-01;Segovia;Hombre;13-19;51;0.89223233;SE
2026-03-01;Segovia;Hombre;50-59;868;6.729725539;SE
2026-03-01;Segovia;Hombre;70-79;3792;53.3483399;SE
2026-03-01;Segovia;Mujer;05-12;15;0.284522003;SE
2026-03-01;Segovia;Mujer;80-89;3422;61.83592338;SE
2026-03-01;Segovia;Hombre;0-4;1;0.037965072;SE
2026-03-01;Segovia;Hombre;30-39;159;1.766470392;SE
2026-03-01;Segovia;Hombre;40-49;356;3.105644247;SE
2026-03-01;Segovia;Hombre;80-89;2531;67.83704101;SE
2026-03-01;Segovia;Hombre;>89;877;78.16399287;SE
2026-03-01;Segovia;Mujer;0-4;2;0.081037277;SE
2026-03-01;Segovia;Mujer;13-19;40;0.73964497;SE
2026-03-01;Segovia;Mujer;20-29;180;2.342529932;SE
2026-03-01;Segovia;Mujer;30-39;290;3.521554341;SE
2026-03-01;Segovia;Mujer;40-49;536;4.821444634;SE
2026-03-01;Segovia;Mujer;>89;1847;75.82101806;SE
2026-03-01;Soria;Hombre;0-4;1;0.066711141;SO
2026-03-01;Soria;Hombre;13-19;8;0.254858235;SO
2026-03-01;Soria;Hombre;40-49;174;2.749683944;SO
2026-03-01;Soria;Hombre;60-69;1376;20.35201893;SO
2026-03-01;Soria;Mujer;60-69;1118;17.95983936;SO
2026-03-01;Soria;Mujer;>89;1318;74.50537027;SO
2026-03-01;Soria;Hombre;50-59;434;5.950095969;SO
2026-03-01;Soria;Hombre;70-79;2204;49.39489018;SO
2026-03-01;Soria;Hombre;80-89;1822;69.17236143;SO
2026-03-01;Soria;Hombre;>89;692;80.55878929;SO
2026-03-01;Soria;Mujer;0-4;0;0.0;SO
2026-03-01;Soria;Mujer;05-12;0;0.0;SO
2026-03-01;Soria;Mujer;13-19;11;0.38718761;SO
2026-03-01;Soria;Mujer;20-29;65;1.537369915;SO
2026-03-01;Soria;Mujer;40-49;220;3.670949441;SO
2026-03-01;Soria;Mujer;50-59;497;7.50641897;SO
2026-03-01;Soria;Mujer;70-79;1944;44.04168555;SO
2026-03-01;Soria;Hombre;05-12;1;0.03257329;SO
2026-03-01;Soria;Hombre;20-29;33;0.692259283;SO
2026-03-01;Soria;Hombre;30-39;71;1.412935323;SO
2026-03-01;Soria;Mujer;30-39;143;3.121589173;SO
2026-03-01;Soria;Mujer;80-89;2236;65.07566938;SO
2026-03-01;Valladolid;Hombre;0-4;11;0.131516021;VA
2026-03-01;Valladolid;Hombre;13-19;208;1.078223006;VA
2026-03-01;Valladolid;Hombre;20-29;357;1.407395727;VA
2026-03-01;Valladolid;Hombre;50-59;3205;7.577727864;VA
2026-03-01;Valladolid;Mujer;0-4;7;0.088383838;VA
2026-03-01;Valladolid;Mujer;30-39;1114;4.216662251;VA
2026-03-01;Valladolid;Mujer;50-59;3403;7.889002226;VA
2026-03-01;Valladolid;Hombre;30-39;648;2.416918429;VA
2026-03-01;Valladolid;Hombre;40-49;1504;3.756994404;VA
2026-03-01;Valladolid;Hombre;60-69;8898;25.45412936;VA
2026-03-01;Valladolid;Hombre;70-79;13704;52.96231884;VA
2026-03-01;Valladolid;Mujer;20-29;577;2.370193888;VA
2026-03-01;Valladolid;Mujer;40-49;1969;4.932488289;VA
2026-03-01;Valladolid;Mujer;60-69;8506;22.32956186;VA
2026-03-01;Valladolid;Hombre;05-12;47;0.257830929;VA
2026-03-01;Valladolid;Hombre;80-89;9120;68.22772499;VA
2026-03-01;Valladolid;Hombre;>89;2139;76.50214592;VA
2026-03-01;Valladolid;Mujer;05-12;34;0.198320112;VA
2026-03-01;Valladolid;Mujer;13-19;195;1.077705317;VA
2026-03-01;Valladolid;Mujer;70-79;12957;42.56430472;VA
2026-03-01;Valladolid;Mujer;80-89;11367;59.68182295;VA
2026-03-01;Valladolid;Mujer;>89;4910;73.22893363;VA
2026-03-01;Zamora;Hombre;20-29;59;0.841894977;ZA
2026-03-01;Zamora;Hombre;50-59;621;4.836071957;ZA
2026-03-01;Zamora;Hombre;80-89;3532;57.64648278;ZA
2026-03-01;Zamora;Mujer;0-4;0;0.0;ZA
2026-03-01;Zamora;Mujer;20-29;80;1.224739743;ZA
2026-03-01;Zamora;Mujer;30-39;190;2.557544757;ZA
2026-03-01;Zamora;Hombre;0-4;0;0.0;ZA
2026-03-01;Zamora;Hombre;60-69;2117;15.26315789;ZA
2026-03-01;Zamora;Hombre;70-79;4271;42.53984064;ZA
2026-03-01;Zamora;Mujer;05-12;4;0.099527246;ZA
2026-03-01;Zamora;Mujer;70-79;3617;33.83536015;ZA
2026-03-01;Zamora;Mujer;80-89;4433;50.89552239;ZA
2026-03-01;Zamora;Mujer;>89;2351;63.79918589;ZA
2026-03-01;Zamora;Hombre;05-12;7;0.16021973;ZA
2026-03-01;Zamora;Hombre;13-19;13;0.288888889;ZA
2026-03-01;Zamora;Hombre;30-39;116;1.446023436;ZA
2026-03-01;Zamora;Hombre;40-49;274;2.408579466;ZA
2026-03-01;Zamora;Hombre;>89;1268;67.59061834;ZA
2026-03-01;Zamora;Mujer;13-19;17;0.40065991;ZA
2026-03-01;Zamora;Mujer;40-49;361;3.385221305;ZA
2026-03-01;Zamora;Mujer;50-59;675;5.391373802;ZA
2026-03-01;Zamora;Mujer;60-69;1692;12.80460118;ZA
2026-02-22;Ávila;Hombre;0-4;2;0.080645161;AV
2026-02-22;Ávila;Hombre;13-19;36;0.636942675;AV
2026-02-22;Ávila;Hombre;70-79;3701;43.58219501;AV
2026-02-22;Ávila;Mujer;0-4;0;0.0;AV
2026-02-22;Ávila;Mujer;13-19;25;0.487614589;AV
2026-02-22;Ávila;Mujer;30-39;206;2.601995705;AV
2026-02-22;Ávila;Mujer;40-49;377;3.492357573;AV
2026-02-22;Ávila;Mujer;70-79;3155;36.78013523;AV
2026-02-22;Ávila;Mujer;80-89;3199;50.86659246;AV
2026-02-22;Ávila;Mujer;>89;1733;61.1287478;AV
2026-02-22;Ávila;Hombre;05-12;9;0.167722698;AV
2026-02-22;Ávila;Hombre;30-39;140;1.687153531;AV
2026-02-22;Ávila;Hombre;40-49;301;2.659010601;AV
2026-02-22;Ávila;Hombre;50-59;711;5.594020456;AV
2026-02-22;Ávila;Hombre;80-89;2600;55.98621878;AV
2026-02-22;Ávila;Mujer;05-12;4;0.080224629;AV
2026-02-22;Ávila;Mujer;20-29;109;1.565642057;AV
2026-02-22;Ávila;Mujer;50-59;800;6.488240065;AV
2026-02-22;Ávila;Mujer;60-69;1941;16.35214827;AV
2026-02-22;Ávila;Hombre;20-29;85;1.117979745;AV
2026-02-22;Ávila;Hombre;60-69;2223;17.39708875;AV
2026-02-22;Ávila;Hombre;>89;904;62.99651568;AV
2026-02-22;Burgos;Hombre;0-4;4;0.07029877;BU
2026-02-22;Burgos;Hombre;30-39;260;1.309296002;BU
2026-02-22;Burgos;Hombre;40-49;640;2.406829378;BU
2026-02-22;Burgos;Hombre;60-69;4670;17.67734121;BU
2026-02-22;Burgos;Hombre;70-79;8447;45.46775756;BU
2026-02-22;Burgos;Hombre;80-89;5881;63.61276366;BU
2026-02-22;Burgos;Mujer;20-29;263;1.613496933;BU
2026-02-22;Burgos;Mujer;70-79;7298;38.15548701;BU
2026-02-22;Burgos;Mujer;80-89;7378;56.89828025;BU
2026-02-22;Burgos;Hombre;13-19;71;0.547670472;BU
2026-02-22;Burgos;Hombre;50-59;1488;5.132981476;BU
2026-02-22;Burgos;Hombre;>89;1664;70.6581741;BU
2026-02-22;Burgos;Mujer;0-4;4;0.075800644;BU
2026-02-22;Burgos;Mujer;05-12;12;0.101841636;BU
2026-02-22;Burgos;Mujer;13-19;67;0.551258845;BU
2026-02-22;Burgos;Mujer;30-39;454;2.486308872;BU
2026-02-22;Burgos;Mujer;50-59;1698;6.049378318;BU
2026-02-22;Burgos;Mujer;>89;4086;69.92983057;BU
2026-02-22;Burgos;Hombre;05-12;21;0.167973124;BU
2026-02-22;Burgos;Hombre;20-29;138;0.754428165;BU
2026-02-22;Burgos;Mujer;40-49;885;3.483154912;BU
2026-02-22;Burgos;Mujer;60-69;4068;15.65036741;BU
2026-02-22;Castilla y León;Hombre;05-12;164;0.17316617;Castilla y LE
2026-02-22;Castilla y León;Hombre;13-19;540;0.667932596;Castilla y LE
2026-02-22;Castilla y León;Hombre;20-29;1186;1.783385712;Castilla y LE
2026-02-22;Castilla y León;Hombre;70-79;57279;37.75339327;Castilla y LE
2026-02-22;Castilla y León;Mujer;30-39;3784;2.464939956;Castilla y LE
2026-02-22;Castilla y León;Mujer;40-49;6727;3.448549347;Castilla y LE
2026-02-22;Castilla y León;Mujer;80-89;52497;57.09801335;Castilla y LE
2026-02-22;Castilla y León;Hombre;0-4;39;0.093084707;Castilla y LE
2026-02-22;Castilla y León;Hombre;30-39;2221;3.19928735;Castilla y LE
2026-02-22;Castilla y León;Hombre;40-49;5058;3.979565197;Castilla y LE
2026-02-22;Castilla y León;Hombre;50-59;11349;6.611997909;Castilla y LE
2026-02-22;Castilla y León;Hombre;>89;12927;67.58316033;Castilla y LE
2026-02-22;Castilla y León;Mujer;20-29;1929;1.383917272;Castilla y LE
2026-02-22;Castilla y León;Mujer;>89;28020;68.44667503;Castilla y LE
2026-02-22;Castilla y León;Hombre;60-69;34231;16.71216978;Castilla y LE
2026-02-22;Castilla y León;Hombre;80-89;41159;54.24109453;Castilla y LE
2026-02-22;Castilla y León;Mujer;0-4;33;0.101405186;Castilla y LE
2026-02-22;Castilla y León;Mujer;05-12;126;0.193849146;Castilla y LE
2026-02-22;Castilla y León;Mujer;13-19;506;0.668636393;Castilla y LE
2026-02-22;Castilla y León;Mujer;50-59;12554;6.284549866;Castilla y LE
2026-02-22;Castilla y León;Mujer;60-69;30365;17.85174105;Castilla y LE
2026-02-22;Castilla y León;Mujer;70-79;51543;41.66817087;Castilla y LE
2026-02-22;León;Hombre;>89;2582;66.27310062;LE
2026-02-22;León;Mujer;13-19;45;0.352692217;LE
2026-02-22;León;Mujer;30-39;536;2.551773387;LE
2026-02-22;León;Mujer;40-49;956;3.016724519;LE
2026-02-22;León;Mujer;>89;5570;62.01981962;LE
2026-02-22;León;Hombre;0-4;6;0.100217137;LE
2026-02-22;León;Hombre;05-12;20;0.15470297;LE
2026-02-22;León;Hombre;13-19;48;0.359389039;LE
2026-02-22;León;Hombre;40-49;702;2.213673058;LE
2026-02-22;León;Hombre;60-69;5741;16.2129342;LE
2026-02-22;León;Hombre;70-79;9639;39.95606035;LE
2026-02-22;León;Mujer;0-4;6;0.109051254;LE
2026-02-22;León;Mujer;20-29;212;1.154684096;LE
2026-02-22;León;Mujer;80-89;9684;48.41031794;LE
2026-02-22;León;Hombre;20-29;124;0.621585042;LE
2026-02-22;León;Hombre;30-39;282;1.266163793;LE
2026-02-22;León;Hombre;50-59;1675;4.730168592;LE
2026-02-22;León;Hombre;80-89;7295;55.85330373;LE
2026-02-22;León;Mujer;05-12;23;0.191730577;LE
2026-02-22;León;Mujer;50-59;1824;5.077951002;LE
2026-02-22;León;Mujer;60-69;4877;13.39761552;LE
2026-02-22;León;Mujer;70-79;8877;32.51052921;LE
2026-02-22;Palencia;Hombre;0-4;5;0.207986689;PA
2026-02-22;Palencia;Hombre;13-19;35;0.709076175;PA
2026-02-22;Palencia;Hombre;20-29;113;1.55862069;PA
2026-02-22;Palencia;Hombre;40-49;371;3.285220933;PA
2026-02-22;Palencia;Mujer;05-12;17;0.360016942;PA
2026-02-22;Palencia;Mujer;13-19;27;0.5841627;PA
2026-02-22;Palencia;Mujer;20-29;89;1.327763688;PA
2026-02-22;Palencia;Mujer;40-49;421;3.876611418;PA
2026-02-22;Palencia;Hombre;30-39;183;2.185074627;PA
2026-02-22;Palencia;Hombre;50-59;838;6.702927532;PA
2026-02-22;Palencia;Hombre;60-69;2244;17.25888325;PA
2026-02-22;Palencia;Hombre;>89;764;72.21172023;PA
2026-02-22;Palencia;Mujer;50-59;812;6.772310259;PA
2026-02-22;Palencia;Mujer;80-89;3186;52.05882353;PA
2026-02-22;Palencia;Hombre;05-12;13;0.25757876;PA
2026-02-22;Palencia;Hombre;70-79;3944;44.87427466;PA
2026-02-22;Palencia;Hombre;80-89;2466;59.50772201;PA
2026-02-22;Palencia;Mujer;0-4;4;0.182648402;PA
2026-02-22;Palencia;Mujer;30-39;230;2.990897269;PA
2026-02-22;Palencia;Mujer;60-69;1846;14.22626387;PA
2026-02-22;Palencia;Mujer;70-79;3224;35.27738265;PA
2026-02-22;Palencia;Mujer;>89;1946;67.33564014;PA
2026-02-22;Salamanca;Hombre;05-12;32;0.324313368;SA
2026-02-22;Salamanca;Hombre;20-29;158;0.988859682;SA
2026-02-22;Salamanca;Hombre;30-39;339;2.039220404;SA
2026-02-22;Salamanca;Hombre;40-49;711;3.26416307;SA
2026-02-22;Salamanca;Hombre;50-59;1479;5.911270983;SA
2026-02-22;Salamanca;Hombre;80-89;5842;57.47737111;SA
2026-02-22;Salamanca;Mujer;20-29;327;2.112130216;SA
2026-02-22;Salamanca;Mujer;50-59;1724;6.538724114;SA
2026-02-22;Salamanca;Mujer;80-89;7509;51.71487603;SA
2026-02-22;Salamanca;Mujer;>89;4236;67.43075454;SA
2026-02-22;Salamanca;Hombre;70-79;7396;44.12624545;SA
2026-02-22;Salamanca;Mujer;05-12;16;0.17015846;SA
2026-02-22;Salamanca;Mujer;13-19;76;0.7555423;SA
2026-02-22;Salamanca;Mujer;40-49;982;4.44545043;SA
2026-02-22;Salamanca;Mujer;70-79;6988;36.31827868;SA
2026-02-22;Salamanca;Hombre;0-4;9;0.190677966;SA
2026-02-22;Salamanca;Hombre;13-19;68;0.627943485;SA
2026-02-22;Salamanca;Hombre;60-69;4236;17.34714771;SA
2026-02-22;Salamanca;Hombre;>89;2031;68.80081301;SA
2026-02-22;Salamanca;Mujer;0-4;8;0.181077411;SA
2026-02-22;Salamanca;Mujer;30-39;608;3.722297049;SA
2026-02-22;Salamanca;Mujer;60-69;3788;15.07061866;SA
2026-02-22;Segovia;Hombre;0-4;1;0.037965072;SE
2026-02-22;Segovia;Hombre;05-12;14;0.253531329;SE
2026-02-22;Segovia;Hombre;13-19;51;0.89223233;SE
2026-02-22;Segovia;Hombre;20-29;94;1.112689394;SE
2026-02-22;Segovia;Hombre;80-89;2531;67.83704101;SE
2026-02-22;Segovia;Hombre;>89;877;78.16399287;SE
2026-02-22;Segovia;Mujer;05-12;15;0.284522003;SE
2026-02-22;Segovia;Mujer;13-19;40;0.73964497;SE
2026-02-22;Segovia;Mujer;60-69;2409;21.83647571;SE
2026-02-22;Segovia;Mujer;70-79;3348;46.39046695;SE
2026-02-22;Segovia;Hombre;30-39;159;1.766470392;SE
2026-02-22;Segovia;Hombre;40-49;356;3.105644247;SE
2026-02-22;Segovia;Hombre;50-59;868;6.729725539;SE
2026-02-22;Segovia;Hombre;60-69;2586;21.96364872;SE
2026-02-22;Segovia;Hombre;70-79;3792;53.3483399;SE
2026-02-22;Segovia;Mujer;0-4;2;0.081037277;SE
2026-02-22;Segovia;Mujer;50-59;1091;8.776445982;SE
2026-02-22;Segovia;Mujer;>89;1847;75.82101806;SE
2026-02-22;Segovia;Mujer;20-29;180;2.342529932;SE
2026-02-22;Segovia;Mujer;30-39;290;3.521554341;SE
2026-02-22;Segovia;Mujer;40-49;536;4.821444634;SE
2026-02-22;Segovia;Mujer;80-89;3421;61.81785327;SE
2026-02-22;Soria;Hombre;30-39;71;1.412935323;SO
2026-02-22;Soria;Hombre;40-49;174;2.749683944;SO
2026-02-22;Soria;Hombre;70-79;2202;49.35006723;SO
2026-02-22;Soria;Mujer;0-4;0;0.0;SO
2026-02-22;Soria;Mujer;20-29;65;1.537369915;SO
2026-02-22;Soria;Mujer;30-39;143;3.121589173;SO
2026-02-22;Soria;Mujer;40-49;220;3.670949441;SO
2026-02-22;Soria;Hombre;0-4;1;0.066711141;SO
2026-02-22;Soria;Hombre;13-19;8;0.254858235;SO
2026-02-22;Soria;Hombre;20-29;33;0.692259283;SO
2026-02-22;Soria;Hombre;50-59;434;5.950095969;SO
2026-02-22;Soria;Hombre;80-89;1821;69.13439636;SO
2026-02-22;Soria;Mujer;13-19;11;0.38718761;SO
2026-02-22;Soria;Mujer;50-59;497;7.50641897;SO
2026-02-22;Soria;Mujer;70-79;1944;44.04168555;SO
2026-02-22;Soria;Mujer;80-89;2237;65.10477299;SO
2026-02-22;Soria;Hombre;05-12;1;0.03257329;SO
2026-02-22;Soria;Hombre;60-69;1376;20.35201893;SO
2026-02-22;Soria;Hombre;>89;692;80.55878929;SO
2026-02-22;Soria;Mujer;05-12;0;0.0;SO
2026-02-22;Soria;Mujer;60-69;1119;17.97590361;SO
2026-02-22;Soria;Mujer;>89;1318;74.50537027;SO
2026-02-22;Valladolid;Hombre;0-4;11;0.131516021;VA
2026-02-22;Valladolid;Hombre;05-12;47;0.257830929;VA
2026-02-22;Valladolid;Hombre;13-19;208;1.078223006;VA
2026-02-22;Valladolid;Hombre;20-29;357;1.407395727;VA
2026-02-22;Valladolid;Hombre;50-59;3204;7.575363518;VA
2026-02-22;Valladolid;Mujer;80-89;11364;59.66607162;VA
2026-02-22;Valladolid;Hombre;30-39;648;2.416918429;VA
2026-02-22;Valladolid;Hombre;60-69;8893;25.43982607;VA
2026-02-22;Valladolid;Hombre;70-79;13703;52.95845411;VA
2026-02-22;Valladolid;Hombre;80-89;9114;68.18283833;VA
2026-02-22;Valladolid;Hombre;>89;2136;76.39484979;VA
2026-02-22;Valladolid;Mujer;0-4;7;0.088383838;VA
2026-02-22;Valladolid;Mujer;20-29;576;2.366086099;VA
2026-02-22;Valladolid;Mujer;30-39;1114;4.216662251;VA
2026-02-22;Valladolid;Mujer;>89;4909;73.21401939;VA
2026-02-22;Valladolid;Hombre;40-49;1504;3.756994404;VA
2026-02-22;Valladolid;Mujer;05-12;34;0.198320112;VA
2026-02-22;Valladolid;Mujer;13-19;195;1.077705317;VA
2026-02-22;Valladolid;Mujer;40-49;1969;4.932488289;VA
2026-02-22;Valladolid;Mujer;50-59;3402;7.886683976;VA
2026-02-22;Valladolid;Mujer;60-69;8500;22.31381094;VA
2026-02-22;Valladolid;Mujer;70-79;12952;42.5478795;VA
2026-02-22;Zamora;Hombre;13-19;13;0.288888889;ZA
2026-02-22;Zamora;Hombre;20-29;59;0.841894977;ZA
2026-02-22;Zamora;Hombre;30-39;116;1.446023436;ZA
2026-02-22;Zamora;Hombre;40-49;274;2.408579466;ZA
2026-02-22;Zamora;Hombre;70-79;4270;42.52988048;ZA
2026-02-22;Zamora;Hombre;80-89;3533;57.66280398;ZA
2026-02-22;Zamora;Mujer;50-59;674;5.383386581;ZA
2026-02-22;Zamora;Mujer;80-89;4433;50.89552239;ZA
2026-02-22;Zamora;Hombre;0-4;0;0.0;ZA
2026-02-22;Zamora;Hombre;>89;1267;67.53731343;ZA
2026-02-22;Zamora;Mujer;13-19;17;0.40065991;ZA
2026-02-22;Zamora;Mujer;30-39;190;2.557544757;ZA
2026-02-22;Zamora;Mujer;70-79;3616;33.82600561;ZA
2026-02-22;Zamora;Mujer;>89;2352;63.82632293;ZA
2026-02-22;Zamora;Hombre;05-12;7;0.16021973;ZA
2026-02-22;Zamora;Hombre;50-59;621;4.836071957;ZA
2026-02-22;Zamora;Hombre;60-69;2117;15.26315789;ZA
2026-02-22;Zamora;Mujer;0-4;0;0.0;ZA
2026-02-22;Zamora;Mujer;05-12;4;0.099527246;ZA
2026-02-22;Zamora;Mujer;20-29;80;1.224739743;ZA
2026-02-22;Zamora;Mujer;40-49;361;3.385221305;ZA
2026-02-22;Zamora;Mujer;60-69;1691;12.79703345;ZA
2026-02-15;Ávila;Hombre;13-19;36;0.636942675;AV
2026-02-15;Ávila;Hombre;40-49;301;2.659010601;AV
2026-02-15;Ávila;Hombre;50-59;711;5.594020456;AV
2026-02-15;Ávila;Hombre;60-69;2222;17.3892628;AV
2026-02-15;Ávila;Hombre;80-89;2599;55.96468562;AV
2026-02-15;Ávila;Mujer;13-19;25;0.487614589;AV
2026-02-15;Ávila;Mujer;20-29;109;1.565642057;AV
2026-02-15;Ávila;Mujer;50-59;800;6.488240065;AV
2026-02-15;Ávila;Mujer;>89;1732;61.09347443;AV
2026-02-15;Ávila;Hombre;30-39;140;1.687153531;AV
2026-02-15;Ávila;Hombre;70-79;3697;43.53509185;AV
2026-02-15;Ávila;Mujer;30-39;206;2.601995705;AV
2026-02-15;Ávila;Mujer;70-79;3153;36.75681977;AV
2026-02-15;Ávila;Hombre;0-4;2;0.080645161;AV
2026-02-15;Ávila;Hombre;05-12;9;0.167722698;AV
2026-02-15;Ávila;Hombre;20-29;85;1.117979745;AV
2026-02-15;Ávila;Hombre;>89;904;62.99651568;AV
2026-02-15;Ávila;Mujer;0-4;0;0.0;AV
2026-02-15;Ávila;Mujer;05-12;4;0.080224629;AV
2026-02-15;Ávila;Mujer;40-49;377;3.492357573;AV
2026-02-15;Ávila;Mujer;60-69;1937;16.31844987;AV
2026-02-15;Ávila;Mujer;80-89;3197;50.8347909;AV
2026-02-15;Burgos;Hombre;0-4;4;0.07029877;BU
2026-02-15;Burgos;Hombre;05-12;21;0.167973124;BU
2026-02-15;Burgos;Hombre;20-29;138;0.754428165;BU
2026-02-15;Burgos;Hombre;60-69;4668;17.66977061;BU
2026-02-15;Burgos;Hombre;70-79;8446;45.46237485;BU
2026-02-15;Burgos;Hombre;80-89;5881;63.61276366;BU
2026-02-15;Burgos;Mujer;0-4;4;0.075800644;BU
2026-02-15;Burgos;Mujer;20-29;263;1.613496933;BU
2026-02-15;Burgos;Mujer;60-69;4066;15.64267303;BU
2026-02-15;Burgos;Mujer;70-79;7296;38.14503059;BU
2026-02-15;Burgos;Hombre;13-19;71;0.547670472;BU
2026-02-15;Burgos;Hombre;>89;1664;70.6581741;BU
2026-02-15;Burgos;Mujer;05-12;12;0.101841636;BU
2026-02-15;Burgos;Mujer;13-19;67;0.551258845;BU
2026-02-15;Burgos;Mujer;30-39;454;2.486308872;BU
2026-02-15;Burgos;Mujer;40-49;885;3.483154912;BU
2026-02-15;Burgos;Mujer;80-89;7375;56.8751446;BU
2026-02-15;Burgos;Hombre;30-39;260;1.309296002;BU
2026-02-15;Burgos;Hombre;40-49;640;2.406829378;BU
2026-02-15;Burgos;Hombre;50-59;1489;5.13643106;BU
2026-02-15;Burgos;Mujer;50-59;1698;6.049378318;BU
2026-02-15;Burgos;Mujer;>89;4084;69.89560157;BU
2026-02-15;Castilla y León;Hombre;30-39;2220;3.19928735;Castilla y LE
2026-02-15;Castilla y León;Hombre;80-89;41138;54.20590731;Castilla y LE
2026-02-15;Castilla y León;Hombre;>89;12924;67.5590209;Castilla y LE
2026-02-15;Castilla y León;Mujer;0-4;33;0.101405186;Castilla y LE
2026-02-15;Castilla y León;Mujer;13-19;506;0.667994091;Castilla y LE
2026-02-15;Castilla y León;Mujer;60-69;30342;17.83758732;Castilla y LE
2026-02-15;Castilla y León;Mujer;80-89;52466;57.06381341;Castilla y LE
2026-02-15;Castilla y León;Mujer;>89;28010;68.42492681;Castilla y LE
2026-02-15;Castilla y León;Hombre;05-12;164;0.17316617;Castilla y LE
2026-02-15;Castilla y León;Hombre;20-29;1186;1.783385712;Castilla y LE
2026-02-15;Castilla y León;Hombre;40-49;5055;3.976598472;Castilla y LE
2026-02-15;Castilla y León;Hombre;50-59;11344;6.607245635;Castilla y LE
2026-02-15;Castilla y León;Hombre;70-79;57243;37.73503144;Castilla y LE
2026-02-15;Castilla y León;Mujer;40-49;6721;3.446199399;Castilla y LE
2026-02-15;Castilla y León;Mujer;50-59;12545;6.280859275;Castilla y LE
2026-02-15;Castilla y León;Hombre;0-4;39;0.093084707;Castilla y LE
2026-02-15;Castilla y León;Hombre;13-19;539;0.667932596;Castilla y LE
2026-02-15;Castilla y León;Hombre;60-69;34204;16.69945838;Castilla y LE
2026-02-15;Castilla y León;Mujer;05-12;126;0.193849146;Castilla y LE
2026-02-15;Castilla y León;Mujer;20-29;1929;1.383917272;Castilla y LE
2026-02-15;Castilla y León;Mujer;30-39;3784;2.464526999;Castilla y LE
2026-02-15;Castilla y León;Mujer;70-79;51517;41.64474366;Castilla y LE
2026-02-15;León;Hombre;13-19;48;0.359389039;LE
2026-02-15;León;Hombre;30-39;281;1.261673851;LE
2026-02-15;León;Hombre;60-69;5736;16.19881389;LE
2026-02-15;León;Hombre;70-79;9635;39.93947936;LE
2026-02-15;León;Hombre;80-89;7293;55.83799097;LE
2026-02-15;León;Mujer;0-4;6;0.109051254;LE
2026-02-15;León;Mujer;05-12;23;0.191730577;LE
2026-02-15;León;Mujer;13-19;45;0.352692217;LE
2026-02-15;León;Mujer;20-29;212;1.154684096;LE
2026-02-15;León;Mujer;40-49;955;3.013568949;LE
2026-02-15;León;Mujer;80-89;9678;48.38032394;LE
2026-02-15;León;Hombre;0-4;6;0.100217137;LE
2026-02-15;León;Hombre;05-12;20;0.15470297;LE
2026-02-15;León;Hombre;40-49;702;2.213673058;LE
2026-02-15;León;Hombre;50-59;1674;4.72734461;LE
2026-02-15;León;Hombre;>89;2582;66.27310062;LE
2026-02-15;León;Mujer;30-39;535;2.547012616;LE
2026-02-15;León;Hombre;20-29;124;0.621585042;LE
2026-02-15;León;Mujer;50-59;1823;5.075167038;LE
2026-02-15;León;Mujer;60-69;4877;13.39761552;LE
2026-02-15;León;Mujer;70-79;8873;32.49587988;LE
2026-02-15;León;Mujer;>89;5568;61.99755038;LE
2026-02-15;Palencia;Hombre;0-4;5;0.207986689;PA
2026-02-15;Palencia;Hombre;30-39;183;2.185074627;PA
2026-02-15;Palencia;Hombre;50-59;836;6.686930091;PA
2026-02-15;Palencia;Hombre;60-69;2240;17.22811875;PA
2026-02-15;Palencia;Mujer;20-29;89;1.327763688;PA
2026-02-15;Palencia;Mujer;50-59;811;6.763969975;PA
2026-02-15;Palencia;Mujer;80-89;3183;52.00980392;PA
2026-02-15;Palencia;Hombre;13-19;35;0.709076175;PA
2026-02-15;Palencia;Hombre;20-29;113;1.55862069;PA
2026-02-15;Palencia;Hombre;40-49;370;3.27636589;PA
2026-02-15;Palencia;Hombre;70-79;3936;44.78325179;PA
2026-02-15;Palencia;Hombre;>89;764;72.21172023;PA
2026-02-15;Palencia;Mujer;13-19;27;0.5841627;PA
2026-02-15;Palencia;Mujer;40-49;421;3.876611418;PA
2026-02-15;Palencia;Mujer;60-69;1845;14.21855734;PA
2026-02-15;Palencia;Mujer;70-79;3222;35.25549841;PA
2026-02-15;Palencia;Mujer;>89;1945;67.30103806;PA
2026-02-15;Palencia;Hombre;05-12;13;0.25757876;PA
2026-02-15;Palencia;Hombre;80-89;2463;59.43532819;PA
2026-02-15;Palencia;Mujer;0-4;4;0.182648402;PA
2026-02-15;Palencia;Mujer;05-12;17;0.360016942;PA
2026-02-15;Palencia;Mujer;30-39;230;2.990897269;PA
2026-02-15;Salamanca;Hombre;0-4;9;0.190677966;SA
2026-02-15;Salamanca;Hombre;13-19;68;0.627943485;SA
2026-02-15;Salamanca;Hombre;20-29;158;0.988859682;SA
2026-02-15;Salamanca;Hombre;40-49;710;3.259572124;SA
2026-02-15;Salamanca;Hombre;50-59;1478;5.907274181;SA
2026-02-15;Salamanca;Hombre;70-79;7397;44.13221168;SA
2026-02-15;Salamanca;Mujer;20-29;327;2.112130216;SA
2026-02-15;Salamanca;Mujer;30-39;608;3.722297049;SA
2026-02-15;Salamanca;Mujer;40-49;982;4.44545043;SA
2026-02-15;Salamanca;Hombre;05-12;32;0.324313368;SA
2026-02-15;Salamanca;Hombre;30-39;339;2.039220404;SA
2026-02-15;Salamanca;Hombre;60-69;4234;17.33895737;SA
2026-02-15;Salamanca;Hombre;>89;2031;68.80081301;SA
2026-02-15;Salamanca;Mujer;13-19;76;0.7555423;SA
2026-02-15;Salamanca;Mujer;50-59;1722;6.531138588;SA
2026-02-15;Salamanca;Mujer;70-79;6987;36.31308144;SA
2026-02-15;Salamanca;Mujer;>89;4233;67.38299904;SA
2026-02-15;Salamanca;Hombre;80-89;5840;57.45769382;SA
2026-02-15;Salamanca;Mujer;0-4;8;0.181077411;SA
2026-02-15;Salamanca;Mujer;05-12;16;0.17015846;SA
2026-02-15;Salamanca;Mujer;60-69;3787;15.06664014;SA
2026-02-15;Salamanca;Mujer;80-89;7506;51.69421488;SA
2026-02-15;Segovia;Hombre;05-12;14;0.253531329;SE
2026-02-15;Segovia;Hombre;13-19;51;0.89223233;SE
2026-02-15;Segovia;Hombre;30-39;159;1.766470392;SE
2026-02-15;Segovia;Hombre;40-49;356;3.105644247;SE
2026-02-15;Segovia;Hombre;50-59;867;6.721972399;SE
2026-02-15;Segovia;Hombre;60-69;2583;21.93816885;SE
2026-02-15;Segovia;Hombre;80-89;2530;67.81023854;SE
2026-02-15;Segovia;Hombre;>89;876;78.07486631;SE
2026-02-15;Segovia;Mujer;05-12;15;0.284522003;SE
2026-02-15;Segovia;Mujer;20-29;180;2.342529932;SE
2026-02-15;Segovia;Mujer;60-69;2409;21.83647571;SE
2026-02-15;Segovia;Hombre;0-4;1;0.037965072;SE
2026-02-15;Segovia;Hombre;20-29;94;1.112689394;SE
2026-02-15;Segovia;Hombre;70-79;3791;53.33427124;SE
2026-02-15;Segovia;Mujer;70-79;3348;46.39046695;SE
2026-02-15;Segovia;Mujer;80-89;3417;61.74557282;SE
2026-02-15;Segovia;Mujer;>89;1847;75.82101806;SE
2026-02-15;Segovia;Mujer;0-4;2;0.081037277;SE
2026-02-15;Segovia;Mujer;13-19;40;0.73964497;SE
2026-02-15;Segovia;Mujer;30-39;290;3.521554341;SE
2026-02-15;Segovia;Mujer;40-49;536;4.821444634;SE
2026-02-15;Segovia;Mujer;50-59;1091;8.776445982;SE
2026-02-15;Soria;Hombre;0-4;1;0.066711141;SO
2026-02-15;Soria;Hombre;50-59;434;5.950095969;SO
2026-02-15;Soria;Hombre;60-69;1376;20.35201893;SO
2026-02-15;Soria;Mujer;0-4;0;0.0;SO
2026-02-15;Soria;Mujer;13-19;11;0.38718761;SO
2026-02-15;Soria;Mujer;20-29;65;1.537369915;SO
2026-02-15;Soria;Mujer;30-39;143;3.121589173;SO
2026-02-15;Soria;Mujer;40-49;220;3.670949441;SO
2026-02-15;Soria;Mujer;50-59;497;7.50641897;SO
2026-02-15;Soria;Mujer;>89;1318;74.50537027;SO
2026-02-15;Soria;Hombre;05-12;1;0.03257329;SO
2026-02-15;Soria;Hombre;80-89;1821;69.13439636;SO
2026-02-15;Soria;Hombre;>89;692;80.55878929;SO
2026-02-15;Soria;Mujer;05-12;0;0.0;SO
2026-02-15;Soria;Mujer;70-79;1944;44.04168555;SO
2026-02-15;Soria;Hombre;13-19;8;0.254858235;SO
2026-02-15;Soria;Hombre;20-29;33;0.692259283;SO
2026-02-15;Soria;Hombre;30-39;71;1.412935323;SO
2026-02-15;Soria;Hombre;40-49;174;2.749683944;SO
2026-02-15;Soria;Hombre;70-79;2199;49.28283281;SO
2026-02-15;Soria;Mujer;60-69;1118;17.95983936;SO
2026-02-15;Soria;Mujer;80-89;2237;65.10477299;SO
2026-02-15;Valladolid;Hombre;05-12;47;0.257830929;VA
2026-02-15;Valladolid;Hombre;13-19;207;1.073039241;VA
2026-02-15;Valladolid;Hombre;20-29;357;1.407395727;VA
2026-02-15;Valladolid;Mujer;13-19;195;1.077705317;VA
2026-02-15;Valladolid;Mujer;20-29;576;2.366086099;VA
2026-02-15;Valladolid;Mujer;30-39;1115;4.220447405;VA
2026-02-15;Valladolid;Hombre;30-39;648;2.416918429;VA
2026-02-15;Valladolid;Hombre;60-69;8882;25.40835884;VA
2026-02-15;Valladolid;Mujer;>89;4908;73.19910515;VA
2026-02-15;Valladolid;Hombre;0-4;11;0.131516021;VA
2026-02-15;Valladolid;Hombre;40-49;1503;3.754496403;VA
2026-02-15;Valladolid;Hombre;50-59;3203;7.572999172;VA
2026-02-15;Valladolid;Hombre;70-79;13690;52.90821256;VA
2026-02-15;Valladolid;Hombre;80-89;9102;68.09306501;VA
2026-02-15;Valladolid;Hombre;>89;2134;76.32331903;VA
2026-02-15;Valladolid;Mujer;0-4;7;0.088383838;VA
2026-02-15;Valladolid;Mujer;05-12;34;0.198320112;VA
2026-02-15;Valladolid;Mujer;40-49;1965;4.922467998;VA
2026-02-15;Valladolid;Mujer;50-59;3397;7.87509273;VA
2026-02-15;Valladolid;Mujer;60-69;8485;22.27443362;VA
2026-02-15;Valladolid;Mujer;70-79;12938;42.5018889;VA
2026-02-15;Valladolid;Mujer;80-89;11352;59.60306626;VA
2026-02-15;Zamora;Hombre;0-4;0;0.0;ZA
2026-02-15;Zamora;Hombre;05-12;7;0.16021973;ZA
2026-02-15;Zamora;Hombre;50-59;621;4.836071957;ZA
2026-02-15;Zamora;Hombre;>89;1267;67.53731343;ZA
2026-02-15;Zamora;Mujer;05-12;4;0.099527246;ZA
2026-02-15;Zamora;Mujer;50-59;674;5.383386581;ZA
2026-02-15;Zamora;Mujer;70-79;3616;33.82600561;ZA
2026-02-15;Zamora;Mujer;80-89;4432;50.88404133;ZA
2026-02-15;Zamora;Hombre;13-19;13;0.288888889;ZA
2026-02-15;Zamora;Hombre;30-39;116;1.446023436;ZA
2026-02-15;Zamora;Hombre;40-49;274;2.408579466;ZA
2026-02-15;Zamora;Hombre;70-79;4267;42.5;ZA
2026-02-15;Zamora;Hombre;80-89;3532;57.64648278;ZA
2026-02-15;Zamora;Mujer;13-19;17;0.40065991;ZA
2026-02-15;Zamora;Hombre;20-29;59;0.841894977;ZA
2026-02-15;Zamora;Hombre;60-69;2117;15.26315789;ZA
2026-02-15;Zamora;Mujer;0-4;0;0.0;ZA
2026-02-15;Zamora;Mujer;20-29;80;1.224739743;ZA
2026-02-15;Zamora;Mujer;30-39;190;2.557544757;ZA
2026-02-15;Zamora;Mujer;40-49;361;3.385221305;ZA
2026-02-15;Zamora;Mujer;60-69;1692;12.80460118;ZA
2026-02-15;Zamora;Mujer;>89;2352;63.82632293;ZA
2026-02-08;Ávila;Hombre;05-12;9;0.167722698;AV
2026-02-08;Ávila;Hombre;30-39;140;1.687153531;AV
2026-02-08;Ávila;Hombre;60-69;2219;17.36578494;AV
2026-02-08;Ávila;Hombre;80-89;2575;55.44788975;AV
2026-02-08;Ávila;Hombre;>89;887;61.81184669;AV
2026-02-08;Ávila;Mujer;05-12;4;0.080224629;AV
2026-02-08;Ávila;Mujer;20-29;110;1.580005745;AV
2026-02-08;Ávila;Hombre;0-4;2;0.080645161;AV
2026-02-08;Ávila;Hombre;13-19;36;0.636942675;AV
2026-02-08;Ávila;Mujer;40-49;377;3.492357573;AV
2026-02-08;Ávila;Hombre;20-29;86;1.131132448;AV
2026-02-08;Ávila;Hombre;40-49;301;2.659010601;AV
2026-02-08;Ávila;Hombre;50-59;710;5.586152636;AV
2026-02-08;Ávila;Hombre;70-79;3690;43.45266133;AV
2026-02-08;Ávila;Mujer;0-4;0;0.0;AV
2026-02-08;Ávila;Mujer;13-19;25;0.487614589;AV
2026-02-08;Ávila;Mujer;30-39;206;2.601995705;AV
2026-02-08;Ávila;Mujer;50-59;800;6.488240065;AV
2026-02-08;Ávila;Mujer;60-69;1936;16.31002527;AV
2026-02-08;Ávila;Mujer;70-79;3144;36.65190021;AV
2026-02-08;Ávila;Mujer;80-89;3173;50.45317221;AV
2026-02-08;Ávila;Mujer;>89;1685;59.4356261;AV
2026-02-08;Burgos;Hombre;0-4;4;0.07029877;BU
2026-02-08;Burgos;Hombre;40-49;639;2.403068707;BU
2026-02-08;Burgos;Mujer;60-69;4066;15.64267303;BU
2026-02-08;Burgos;Mujer;70-79;7296;38.14503059;BU
2026-02-08;Burgos;Mujer;80-89;7375;56.8751446;BU
2026-02-08;Burgos;Hombre;20-29;138;0.754428165;BU
2026-02-08;Burgos;Hombre;60-69;4666;17.66220002;BU
2026-02-08;Burgos;Hombre;>89;1664;70.6581741;BU
2026-02-08;Burgos;Mujer;05-12;12;0.101841636;BU
2026-02-08;Burgos;Mujer;20-29;264;1.619631902;BU
2026-02-08;Burgos;Mujer;50-59;1698;6.049378318;BU
2026-02-08;Burgos;Hombre;05-12;21;0.167973124;BU
2026-02-08;Burgos;Hombre;13-19;71;0.547670472;BU
2026-02-08;Burgos;Hombre;30-39;260;1.309296002;BU
2026-02-08;Burgos;Hombre;50-59;1489;5.13643106;BU
2026-02-08;Burgos;Hombre;70-79;8444;45.45160943;BU
2026-02-08;Burgos;Hombre;80-89;5882;63.62358031;BU
2026-02-08;Burgos;Mujer;0-4;4;0.075800644;BU
2026-02-08;Burgos;Mujer;13-19;67;0.551258845;BU
2026-02-08;Burgos;Mujer;30-39;454;2.486308872;BU
2026-02-08;Burgos;Mujer;40-49;885;3.483154912;BU
2026-02-08;Burgos;Mujer;>89;4083;69.87848708;BU
2026-02-08;Castilla y León;Hombre;0-4;39;0.093084707;Castilla y LE
2026-02-08;Castilla y León;Hombre;20-29;1184;1.780571321;Castilla y LE
2026-02-08;Castilla y León;Hombre;40-49;5051;3.971851711;Castilla y LE
2026-02-08;Castilla y León;Hombre;60-69;34182;16.68729966;Castilla y LE
2026-02-08;Castilla y León;Hombre;>89;12897;67.41901221;Castilla y LE
2026-02-08;Castilla y León;Mujer;0-4;33;0.101405186;Castilla y LE
2026-02-08;Castilla y León;Mujer;40-49;6713;3.442674476;Castilla y LE
2026-02-08;Castilla y León;Mujer;60-69;30320;17.82509873;Castilla y LE
2026-02-08;Castilla y León;Mujer;70-79;51477;41.61709188;Castilla y LE
2026-02-08;Castilla y León;Mujer;>89;27952;68.28272689;Castilla y LE
2026-02-08;Castilla y León;Hombre;13-19;537;0.667932596;Castilla y LE
2026-02-08;Castilla y León;Hombre;30-39;2216;3.19928735;Castilla y LE
2026-02-08;Castilla y León;Hombre;80-89;41101;54.16140583;Castilla y LE
2026-02-08;Castilla y León;Mujer;20-29;1926;1.381657447;Castilla y LE
2026-02-08;Castilla y León;Mujer;30-39;3784;2.462875171;Castilla y LE
2026-02-08;Castilla y León;Mujer;80-89;52423;57.01495636;Castilla y LE
2026-02-08;Castilla y León;Hombre;05-12;164;0.171780841;Castilla y LE
2026-02-08;Castilla y León;Hombre;50-59;11333;6.60196533;Castilla y LE
2026-02-08;Castilla y León;Hombre;70-79;57215;37.70344909;Castilla y LE
2026-02-08;Castilla y León;Mujer;05-12;125;0.193178388;Castilla y LE
2026-02-08;Castilla y León;Mujer;13-19;506;0.666709487;Castilla y LE
2026-02-08;Castilla y León;Mujer;50-59;12535;6.275587002;Castilla y LE
2026-02-08;León;Hombre;0-4;6;0.100217137;LE
2026-02-08;León;Hombre;05-12;20;0.15470297;LE
2026-02-08;León;Hombre;13-19;48;0.359389039;LE
2026-02-08;León;Hombre;20-29;124;0.621585042;LE
2026-02-08;León;Hombre;60-69;5734;16.19316577;LE
2026-02-08;León;Hombre;70-79;9634;39.93533411;LE
2026-02-08;León;Hombre;80-89;7293;55.83799097;LE
2026-02-08;León;Mujer;13-19;45;0.352692217;LE
2026-02-08;León;Mujer;20-29;212;1.154684096;LE
2026-02-08;León;Mujer;30-39;535;2.547012616;LE
2026-02-08;León;Mujer;70-79;8870;32.48489288;LE
2026-02-08;León;Mujer;80-89;9673;48.35532893;LE
2026-02-08;León;Hombre;40-49;702;2.213673058;LE
2026-02-08;León;Hombre;>89;2579;66.19609856;LE
2026-02-08;León;Mujer;40-49;955;3.013568949;LE
2026-02-08;León;Mujer;50-59;1823;5.075167038;LE
2026-02-08;León;Mujer;>89;5564;61.95301191;LE
2026-02-08;León;Hombre;30-39;282;1.266163793;LE
2026-02-08;León;Hombre;50-59;1673;4.724520629;LE
2026-02-08;León;Mujer;0-4;6;0.109051254;LE
2026-02-08;León;Mujer;05-12;23;0.191730577;LE
2026-02-08;León;Mujer;60-69;4875;13.39212131;LE
2026-02-08;Palencia;Hombre;13-19;35;0.709076175;PA
2026-02-08;Palencia;Hombre;20-29;113;1.55862069;PA
2026-02-08;Palencia;Hombre;40-49;370;3.27636589;PA
2026-02-08;Palencia;Hombre;50-59;835;6.678931371;PA
2026-02-08;Palencia;Hombre;70-79;3937;44.79462965;PA
2026-02-08;Palencia;Hombre;80-89;2463;59.43532819;PA
2026-02-08;Palencia;Mujer;30-39;231;3.00390117;PA
2026-02-08;Palencia;Hombre;0-4;5;0.207986689;PA
2026-02-08;Palencia;Hombre;05-12;13;0.25757876;PA
2026-02-08;Palencia;Hombre;30-39;183;2.185074627;PA
2026-02-08;Palencia;Mujer;0-4;4;0.182648402;PA
2026-02-08;Palencia;Mujer;05-12;17;0.360016942;PA
2026-02-08;Palencia;Mujer;20-29;89;1.327763688;PA
2026-02-08;Palencia;Mujer;40-49;421;3.876611418;PA
2026-02-08;Palencia;Mujer;50-59;810;6.755629691;PA
2026-02-08;Palencia;Hombre;60-69;2239;17.22042763;PA
2026-02-08;Palencia;Hombre;>89;764;72.21172023;PA
2026-02-08;Palencia;Mujer;13-19;27;0.5841627;PA
2026-02-08;Palencia;Mujer;60-69;1845;14.21855734;PA
2026-02-08;Palencia;Mujer;70-79;3222;35.25549841;PA
2026-02-08;Palencia;Mujer;80-89;3182;51.99346405;PA
2026-02-08;Palencia;Mujer;>89;1945;67.30103806;PA
2026-02-08;Salamanca;Hombre;0-4;9;0.190677966;SA
2026-02-08;Salamanca;Hombre;20-29;157;0.982601076;SA
2026-02-08;Salamanca;Hombre;30-39;338;2.033205005;SA
2026-02-08;Salamanca;Hombre;80-89;5839;57.44785518;SA
2026-02-08;Salamanca;Mujer;0-4;8;0.181077411;SA
2026-02-08;Salamanca;Mujer;13-19;76;0.7555423;SA
2026-02-08;Salamanca;Mujer;20-29;325;2.099211988;SA
2026-02-08;Salamanca;Mujer;30-39;608;3.722297049;SA
2026-02-08;Salamanca;Hombre;05-12;32;0.324313368;SA
2026-02-08;Salamanca;Hombre;13-19;67;0.618709022;SA
2026-02-08;Salamanca;Hombre;40-49;709;3.254981177;SA
2026-02-08;Salamanca;Hombre;60-69;4234;17.33895737;SA
2026-02-08;Salamanca;Hombre;70-79;7393;44.10834676;SA
2026-02-08;Salamanca;Mujer;05-12;16;0.17015846;SA
2026-02-08;Salamanca;Mujer;40-49;982;4.44545043;SA
2026-02-08;Salamanca;Mujer;50-59;1721;6.527345824;SA
2026-02-08;Salamanca;Mujer;60-69;3785;15.05868311;SA
2026-02-08;Salamanca;Mujer;70-79;6983;36.2922925;SA
2026-02-08;Salamanca;Hombre;50-59;1477;5.903277378;SA
2026-02-08;Salamanca;Hombre;>89;2028;68.69918699;SA
2026-02-08;Salamanca;Mujer;80-89;7503;51.67355372;SA
2026-02-08;Salamanca;Mujer;>89;4231;67.35116205;SA
2026-02-08;Segovia;Hombre;05-12;14;0.253531329;SE
2026-02-08;Segovia;Hombre;30-39;159;1.766470392;SE
2026-02-08;Segovia;Hombre;50-59;866;6.714219259;SE
2026-02-08;Segovia;Mujer;13-19;40;0.73964497;SE
2026-02-08;Segovia;Mujer;20-29;180;2.342529932;SE
2026-02-08;Segovia;Mujer;50-59;1091;8.776445982;SE
2026-02-08;Segovia;Hombre;0-4;1;0.037965072;SE
2026-02-08;Segovia;Hombre;13-19;51;0.89223233;SE
2026-02-08;Segovia;Hombre;40-49;356;3.105644247;SE
2026-02-08;Segovia;Hombre;80-89;2528;67.75663361;SE
2026-02-08;Segovia;Mujer;0-4;2;0.081037277;SE
2026-02-08;Segovia;Mujer;05-12;15;0.284522003;SE
2026-02-08;Segovia;Mujer;30-39;289;3.50941105;SE
2026-02-08;Segovia;Mujer;40-49;535;4.812449402;SE
2026-02-08;Segovia;Mujer;70-79;3343;46.32118609;SE
2026-02-08;Segovia;Mujer;>89;1846;75.77996716;SE
2026-02-08;Segovia;Hombre;20-29;93;1.100852273;SE
2026-02-08;Segovia;Hombre;60-69;2580;21.91268898;SE
2026-02-08;Segovia;Hombre;70-79;3789;53.30613393;SE
2026-02-08;Segovia;Hombre;>89;876;78.07486631;SE
2026-02-08;Segovia;Mujer;60-69;2406;21.80928209;SE
2026-02-08;Segovia;Mujer;80-89;3417;61.74557282;SE
2026-02-08;Soria;Hombre;05-12;1;0.03257329;SO
2026-02-08;Soria;Hombre;60-69;1375;20.33722822;SO
2026-02-08;Soria;Mujer;0-4;0;0.0;SO
2026-02-08;Soria;Mujer;60-69;1117;17.9437751;SO
2026-02-08;Soria;Mujer;70-79;1941;43.97371998;SO
2026-02-08;Soria;Mujer;80-89;2236;65.07566938;SO
2026-02-08;Soria;Mujer;>89;1318;74.50537027;SO
2026-02-08;Soria;Hombre;0-4;1;0.066711141;SO
2026-02-08;Soria;Hombre;20-29;33;0.692259283;SO
2026-02-08;Soria;Hombre;40-49;174;2.749683944;SO
2026-02-08;Soria;Hombre;50-59;434;5.950095969;SO
2026-02-08;Soria;Hombre;70-79;2199;49.28283281;SO
2026-02-08;Soria;Hombre;80-89;1821;69.13439636;SO
2026-02-08;Soria;Hombre;>89;692;80.55878929;SO
2026-02-08;Soria;Mujer;13-19;11;0.38718761;SO
2026-02-08;Soria;Mujer;20-29;66;1.56102176;SO
2026-02-08;Soria;Hombre;13-19;8;0.254858235;SO
2026-02-08;Soria;Hombre;30-39;70;1.393034826;SO
2026-02-08;Soria;Mujer;05-12;0;0.0;SO
2026-02-08;Soria;Mujer;30-39;143;3.121589173;SO
2026-02-08;Soria;Mujer;40-49;220;3.670949441;SO
2026-02-08;Soria;Mujer;50-59;496;7.491315511;SO
2026-02-08;Valladolid;Hombre;0-4;11;0.131516021;VA
2026-02-08;Valladolid;Hombre;05-12;47;0.257830929;VA
2026-02-08;Valladolid;Hombre;30-39;645;2.405728992;VA
2026-02-08;Valladolid;Hombre;70-79;13678;52.86183575;VA
2026-02-08;Valladolid;Mujer;05-12;33;0.192487168;VA
2026-02-08;Valladolid;Mujer;13-19;195;1.077705317;VA
2026-02-08;Valladolid;Mujer;30-39;1115;4.220447405;VA
2026-02-08;Valladolid;Hombre;13-19;206;1.067855477;VA
2026-02-08;Valladolid;Hombre;80-89;9093;68.02573502;VA
2026-02-08;Valladolid;Mujer;0-4;7;0.088383838;VA
2026-02-08;Valladolid;Mujer;50-59;3392;7.863501484;VA
2026-02-08;Valladolid;Mujer;60-69;8475;22.24818208;VA
2026-02-08;Valladolid;Mujer;70-79;12920;42.44275812;VA
2026-02-08;Valladolid;Mujer;80-89;11344;59.56106269;VA
2026-02-08;Valladolid;Mujer;>89;4905;73.15436242;VA
2026-02-08;Valladolid;Hombre;20-29;356;1.403453442;VA
2026-02-08;Valladolid;Hombre;40-49;1501;3.7495004;VA
2026-02-08;Valladolid;Hombre;50-59;3199;7.56354179;VA
2026-02-08;Valladolid;Hombre;60-69;8872;25.37975227;VA
2026-02-08;Valladolid;Hombre;>89;2131;76.21602289;VA
2026-02-08;Valladolid;Mujer;20-29;574;2.357870523;VA
2026-02-08;Valladolid;Mujer;40-49;1959;4.907437561;VA
2026-02-08;Zamora;Hombre;13-19;13;0.288888889;ZA
2026-02-08;Zamora;Hombre;30-39;116;1.446023436;ZA
2026-02-08;Zamora;Hombre;50-59;620;4.828284402;ZA
2026-02-08;Zamora;Hombre;60-69;2116;15.25594809;ZA
2026-02-08;Zamora;Hombre;80-89;3530;57.61384038;ZA
2026-02-08;Zamora;Mujer;0-4;0;0.0;ZA
2026-02-08;Zamora;Mujer;13-19;17;0.40065991;ZA
2026-02-08;Zamora;Mujer;20-29;78;1.194121249;ZA
2026-02-08;Zamora;Mujer;40-49;360;3.375843961;ZA
2026-02-08;Zamora;Mujer;50-59;672;5.367412141;ZA
2026-02-08;Zamora;Mujer;60-69;1689;12.78189799;ZA
2026-02-08;Zamora;Mujer;70-79;3615;33.81665108;ZA
2026-02-08;Zamora;Hombre;20-29;59;0.841894977;ZA
2026-02-08;Zamora;Hombre;40-49;274;2.408579466;ZA
2026-02-08;Zamora;Hombre;70-79;4265;42.48007968;ZA
2026-02-08;Zamora;Mujer;05-12;4;0.099527246;ZA
2026-02-08;Zamora;Mujer;30-39;190;2.557544757;ZA
2026-02-08;Zamora;Hombre;0-4;0;0.0;ZA
2026-02-08;Zamora;Hombre;05-12;7;0.16021973;ZA
2026-02-08;Zamora;Hombre;>89;1266;67.48400853;ZA
2026-02-08;Zamora;Mujer;80-89;4431;50.87256028;ZA
2026-02-08;Zamora;Mujer;>89;2352;63.82632293;ZA
2026-02-01;Ávila;Hombre;0-4;2;0.080645161;AV
2026-02-01;Ávila;Hombre;50-59;709;5.578284815;AV
2026-02-01;Ávila;Hombre;70-79;3681;43.34667923;AV
2026-02-01;Ávila;Mujer;05-12;4;0.080224629;AV
2026-02-01;Ávila;Mujer;40-49;377;3.492357573;AV
2026-02-01;Ávila;Mujer;70-79;3142;36.62858475;AV
2026-02-01;Ávila;Mujer;>89;1653;58.30687831;AV
2026-02-01;Ávila;Hombre;13-19;36;0.636942675;AV
2026-02-01;Ávila;Hombre;20-29;86;1.131132448;AV
2026-02-01;Ávila;Hombre;60-69;2214;17.32665519;AV
2026-02-01;Ávila;Hombre;>89;877;61.11498258;AV
2026-02-01;Ávila;Mujer;0-4;0;0.0;AV
2026-02-01;Ávila;Mujer;13-19;25;0.487614589;AV
2026-02-01;Ávila;Mujer;20-29;110;1.580005745;AV
2026-02-01;Ávila;Mujer;30-39;206;2.601995705;AV
2026-02-01;Ávila;Mujer;50-59;800;6.488240065;AV
2026-02-01;Ávila;Mujer;60-69;1936;16.31002527;AV
2026-02-01;Ávila;Mujer;80-89;3151;50.10335506;AV
2026-02-01;Ávila;Hombre;05-12;9;0.167722698;AV
2026-02-01;Ávila;Hombre;30-39;140;1.687153531;AV
2026-02-01;Ávila;Hombre;40-49;301;2.659010601;AV
2026-02-01;Ávila;Hombre;80-89;2568;55.29715762;AV
2026-02-01;Burgos;Hombre;30-39;260;1.309296002;BU
2026-02-01;Burgos;Hombre;80-89;5882;63.62358031;BU
2026-02-01;Burgos;Mujer;13-19;67;0.551258845;BU
2026-02-01;Burgos;Mujer;20-29;263;1.613496933;BU
2026-02-01;Burgos;Mujer;30-39;453;2.480832421;BU
2026-02-01;Burgos;Mujer;60-69;4064;15.63497865;BU
2026-02-01;Burgos;Mujer;80-89;7374;56.86743271;BU
2026-02-01;Burgos;Mujer;>89;4082;69.86137258;BU
2026-02-01;Burgos;Hombre;05-12;21;0.167973124;BU
2026-02-01;Burgos;Hombre;13-19;71;0.547670472;BU
2026-02-01;Burgos;Hombre;20-29;138;0.754428165;BU
2026-02-01;Burgos;Hombre;60-69;4666;17.66220002;BU
2026-02-01;Burgos;Hombre;70-79;8445;45.45699214;BU
2026-02-01;Burgos;Hombre;>89;1664;70.6581741;BU
2026-02-01;Burgos;Mujer;0-4;4;0.075800644;BU
2026-02-01;Burgos;Mujer;40-49;885;3.483154912;BU
2026-02-01;Burgos;Hombre;0-4;4;0.07029877;BU
2026-02-01;Burgos;Hombre;40-49;639;2.403068707;BU
2026-02-01;Burgos;Hombre;50-59;1488;5.132981476;BU
2026-02-01;Burgos;Mujer;05-12;12;0.101841636;BU
2026-02-01;Burgos;Mujer;50-59;1697;6.045815669;BU
2026-02-01;Burgos;Mujer;70-79;7292;38.12411774;BU
2026-02-01;Castilla y León;Hombre;20-29;1184;1.778695061;Castilla y LE
2026-02-01;Castilla y León;Hombre;30-39;2215;3.195045389;Castilla y LE
2026-02-01;Castilla y León;Hombre;60-69;34155;16.67514093;Castilla y LE
2026-02-01;Castilla y León;Mujer;0-4;33;0.101405186;Castilla y LE
2026-02-01;Castilla y León;Mujer;20-29;1925;1.380753516;Castilla y LE
2026-02-01;Castilla y León;Mujer;30-39;3779;2.46039743;Castilla y LE
2026-02-01;Castilla y León;Mujer;60-69;30298;17.810945;Castilla y LE
2026-02-01;Castilla y León;Mujer;70-79;51457;41.59750519;Castilla y LE
2026-02-01;Castilla y León;Hombre;40-49;5045;3.967104951;Castilla y LE
2026-02-01;Castilla y León;Hombre;50-59;11314;6.590876689;Castilla y LE
2026-02-01;Castilla y León;Hombre;70-79;57184;37.68875962;Castilla y LE
2026-02-01;Castilla y León;Hombre;80-89;41082;54.12621862;Castilla y LE
2026-02-01;Castilla y León;Hombre;>89;12883;67.32486844;Castilla y LE
2026-02-01;Castilla y León;Mujer;05-12;124;0.19250763;Castilla y LE
2026-02-01;Castilla y León;Mujer;>89;27913;68.19406106;Castilla y LE
2026-02-01;Castilla y León;Hombre;0-4;39;0.093084707;Castilla y LE
2026-02-01;Castilla y León;Hombre;05-12;164;0.170395512;Castilla y LE
2026-02-01;Castilla y León;Hombre;13-19;536;0.666604698;Castilla y LE
2026-02-01;Castilla y León;Mujer;13-19;505;0.665424883;Castilla y LE
2026-02-01;Castilla y León;Mujer;40-49;6705;3.438562067;Castilla y LE
2026-02-01;Castilla y León;Mujer;50-59;12515;6.265042455;Castilla y LE
2026-02-01;Castilla y León;Mujer;80-89;52389;56.98319928;Castilla y LE
2026-02-01;León;Hombre;05-12;20;0.15470297;LE
2026-02-01;León;Hombre;30-39;281;1.261673851;LE
2026-02-01;León;Hombre;80-89;7289;55.80736544;LE
2026-02-01;León;Mujer;05-12;23;0.191730577;LE
2026-02-01;León;Mujer;40-49;954;3.01041338;LE
2026-02-01;León;Mujer;50-59;1815;5.052895323;LE
2026-02-01;León;Hombre;60-69;5728;16.17622141;LE
2026-02-01;León;Hombre;>89;2579;66.19609856;LE
2026-02-01;León;Mujer;20-29;213;1.160130719;LE
2026-02-01;León;Mujer;>89;5563;61.9418773;LE
2026-02-01;León;Hombre;0-4;6;0.100217137;LE
2026-02-01;León;Hombre;13-19;48;0.359389039;LE
2026-02-01;León;Hombre;20-29;124;0.621585042;LE
2026-02-01;León;Hombre;40-49;701;2.210519677;LE
2026-02-01;León;Hombre;50-59;1670;4.716048685;LE
2026-02-01;León;Hombre;70-79;9624;39.89388161;LE
2026-02-01;León;Mujer;0-4;6;0.109051254;LE
2026-02-01;León;Mujer;13-19;45;0.352692217;LE
2026-02-01;León;Mujer;30-39;534;2.542251845;LE
2026-02-01;León;Mujer;60-69;4870;13.3783858;LE
2026-02-01;León;Mujer;70-79;8867;32.47390588;LE
2026-02-01;León;Mujer;80-89;9670;48.34033193;LE
2026-02-01;Palencia;Hombre;0-4;5;0.207986689;PA
2026-02-01;Palencia;Hombre;40-49;367;3.249800762;PA
2026-02-01;Palencia;Hombre;60-69;2231;17.15889863;PA
2026-02-01;Palencia;Mujer;20-29;88;1.312844995;PA
2026-02-01;Palencia;Mujer;80-89;3183;52.00980392;PA
2026-02-01;Palencia;Mujer;>89;1945;67.30103806;PA
2026-02-01;Palencia;Hombre;30-39;183;2.185074627;PA
2026-02-01;Palencia;Hombre;>89;764;72.21172023;PA
2026-02-01;Palencia;Mujer;30-39;230;2.990897269;PA
2026-02-01;Palencia;Mujer;60-69;1842;14.19543773;PA
2026-02-01;Palencia;Hombre;05-12;13;0.25757876;PA
2026-02-01;Palencia;Hombre;13-19;35;0.709076175;PA
2026-02-01;Palencia;Hombre;20-29;113;1.55862069;PA
2026-02-01;Palencia;Hombre;50-59;826;6.606942889;PA
2026-02-01;Palencia;Hombre;70-79;3934;44.76049607;PA
2026-02-01;Palencia;Hombre;80-89;2463;59.43532819;PA
2026-02-01;Palencia;Mujer;0-4;4;0.182648402;PA
2026-02-01;Palencia;Mujer;05-12;17;0.360016942;PA
2026-02-01;Palencia;Mujer;13-19;27;0.5841627;PA
2026-02-01;Palencia;Mujer;40-49;419;3.858195212;PA
2026-02-01;Palencia;Mujer;50-59;803;6.697247706;PA
2026-02-01;Palencia;Mujer;70-79;3221;35.2445563;PA
2026-02-01;Salamanca;Hombre;05-12;32;0.324313368;SA
2026-02-01;Salamanca;Hombre;13-19;67;0.618709022;SA
2026-02-01;Salamanca;Hombre;30-39;338;2.033205005;SA
2026-02-01;Salamanca;Hombre;40-49;708;3.25039023;SA
2026-02-01;Salamanca;Hombre;50-59;1477;5.903277378;SA
2026-02-01;Salamanca;Hombre;>89;2026;68.63143631;SA
2026-02-01;Salamanca;Mujer;0-4;8;0.181077411;SA
2026-02-01;Salamanca;Mujer;05-12;15;0.159523556;SA
2026-02-01;Salamanca;Mujer;30-39;607;3.71617485;SA
2026-02-01;Salamanca;Mujer;50-59;1720;6.523553061;SA
2026-02-01;Salamanca;Hombre;0-4;9;0.190677966;SA
2026-02-01;Salamanca;Hombre;60-69;4230;17.32257668;SA
2026-02-01;Salamanca;Hombre;70-79;7391;44.0964143;SA
2026-02-01;Salamanca;Mujer;40-49;982;4.44545043;SA
2026-02-01;Salamanca;Mujer;60-69;3782;15.04674756;SA
2026-02-01;Salamanca;Mujer;70-79;6981;36.28189803;SA
2026-02-01;Salamanca;Mujer;80-89;7500;51.65289256;SA
2026-02-01;Salamanca;Hombre;20-29;157;0.982601076;SA
2026-02-01;Salamanca;Hombre;80-89;5838;57.43801653;SA
2026-02-01;Salamanca;Mujer;13-19;76;0.7555423;SA
2026-02-01;Salamanca;Mujer;20-29;323;2.08629376;SA
2026-02-01;Salamanca;Mujer;>89;4228;67.30340656;SA
2026-02-01;Segovia;Hombre;30-39;159;1.766470392;SE
2026-02-01;Segovia;Hombre;50-59;865;6.706466119;SE
2026-02-01;Segovia;Hombre;60-69;2577;21.8872091;SE
2026-02-01;Segovia;Hombre;70-79;3789;53.30613393;SE
2026-02-01;Segovia;Hombre;80-89;2528;67.75663361;SE
2026-02-01;Segovia;Mujer;13-19;39;0.721153846;SE
2026-02-01;Segovia;Mujer;20-29;180;2.342529932;SE
2026-02-01;Segovia;Mujer;60-69;2405;21.80021755;SE
2026-02-01;Segovia;Mujer;>89;1844;75.69786535;SE
2026-02-01;Segovia;Hombre;05-12;14;0.253531329;SE
2026-02-01;Segovia;Hombre;13-19;51;0.89223233;SE
2026-02-01;Segovia;Hombre;>89;875;77.98573975;SE
2026-02-01;Segovia;Mujer;0-4;2;0.081037277;SE
2026-02-01;Segovia;Mujer;30-39;289;3.50941105;SE
2026-02-01;Segovia;Mujer;40-49;534;4.803454169;SE
2026-02-01;Segovia;Mujer;50-59;1091;8.776445982;SE
2026-02-01;Segovia;Mujer;70-79;3342;46.30732992;SE
2026-02-01;Segovia;Mujer;80-89;3417;61.74557282;SE
2026-02-01;Segovia;Hombre;0-4;1;0.037965072;SE
2026-02-01;Segovia;Hombre;20-29;93;1.100852273;SE
2026-02-01;Segovia;Hombre;40-49;356;3.105644247;SE
2026-02-01;Segovia;Mujer;05-12;15;0.284522003;SE
2026-02-01;Soria;Hombre;0-4;1;0.066711141;SO
2026-02-01;Soria;Hombre;13-19;8;0.254858235;SO
2026-02-01;Soria;Hombre;20-29;33;0.692259283;SO
2026-02-01;Soria;Hombre;50-59;434;5.950095969;SO
2026-02-01;Soria;Hombre;80-89;1820;69.09643128;SO
2026-02-01;Soria;Hombre;>89;690;80.32596042;SO
2026-02-01;Soria;Mujer;>89;1317;74.44884115;SO
2026-02-01;Soria;Hombre;05-12;1;0.03257329;SO
2026-02-01;Soria;Hombre;60-69;1375;20.33722822;SO
2026-02-01;Soria;Hombre;70-79;2197;49.23800986;SO
2026-02-01;Soria;Mujer;0-4;0;0.0;SO
2026-02-01;Soria;Mujer;13-19;11;0.38718761;SO
2026-02-01;Soria;Mujer;20-29;66;1.56102176;SO
2026-02-01;Soria;Mujer;30-39;143;3.121589173;SO
2026-02-01;Soria;Mujer;70-79;1939;43.92840961;SO
2026-02-01;Soria;Hombre;30-39;70;1.393034826;SO
2026-02-01;Soria;Hombre;40-49;173;2.733881163;SO
2026-02-01;Soria;Mujer;05-12;0;0.0;SO
2026-02-01;Soria;Mujer;40-49;220;3.670949441;SO
2026-02-01;Soria;Mujer;50-59;496;7.491315511;SO
2026-02-01;Soria;Mujer;60-69;1115;17.91164659;SO
2026-02-01;Soria;Mujer;80-89;2235;65.04656577;SO
2026-02-01;Valladolid;Hombre;05-12;47;0.257830929;VA
2026-02-01;Valladolid;Hombre;20-29;356;1.403453442;VA
2026-02-01;Valladolid;Hombre;40-49;1501;3.7495004;VA
2026-02-01;Valladolid;Hombre;80-89;9089;67.99581058;VA
2026-02-01;Valladolid;Mujer;40-49;1957;4.902427416;VA
2026-02-01;Valladolid;Mujer;60-69;8471;22.23768146;VA
2026-02-01;Valladolid;Mujer;70-79;12914;42.42304786;VA
2026-02-01;Valladolid;Mujer;>89;4906;73.16927666;VA
2026-02-01;Valladolid;Hombre;30-39;645;2.405728992;VA
2026-02-01;Valladolid;Mujer;05-12;33;0.192487168;VA
2026-02-01;Valladolid;Mujer;13-19;195;1.077705317;VA
2026-02-01;Valladolid;Mujer;20-29;575;2.361978311;VA
2026-02-01;Valladolid;Mujer;50-59;3389;7.856546736;VA
2026-02-01;Valladolid;Hombre;0-4;11;0.131516021;VA
2026-02-01;Valladolid;Hombre;13-19;206;1.067855477;VA
2026-02-01;Valladolid;Hombre;50-59;3198;7.561177444;VA
2026-02-01;Valladolid;Hombre;60-69;8869;25.37117029;VA
2026-02-01;Valladolid;Hombre;70-79;13675;52.85024155;VA
2026-02-01;Valladolid;Hombre;>89;2131;76.21602289;VA
2026-02-01;Valladolid;Mujer;0-4;7;0.088383838;VA
2026-02-01;Valladolid;Mujer;30-39;1116;4.22423256;VA
2026-02-01;Valladolid;Mujer;80-89;11340;59.54006091;VA
2026-02-01;Zamora;Hombre;50-59;617;4.804921735;ZA
2026-02-01;Zamora;Hombre;60-69;2116;15.25594809;ZA
2026-02-01;Zamora;Hombre;80-89;3529;57.59751918;ZA
2026-02-01;Zamora;Mujer;60-69;1687;12.76676252;ZA
2026-02-01;Zamora;Mujer;>89;2352;63.82632293;ZA
2026-02-01;Zamora;Hombre;0-4;0;0.0;ZA
2026-02-01;Zamora;Hombre;30-39;116;1.446023436;ZA
2026-02-01;Zamora;Hombre;70-79;4262;42.4501992;ZA
2026-02-01;Zamora;Mujer;0-4;0;0.0;ZA
2026-02-01;Zamora;Mujer;13-19;17;0.40065991;ZA
2026-02-01;Zamora;Mujer;20-29;78;1.194121249;ZA
2026-02-01;Zamora;Mujer;30-39;188;2.530623233;ZA
2026-02-01;Zamora;Mujer;50-59;671;5.35942492;ZA
2026-02-01;Zamora;Mujer;70-79;3616;33.82600561;ZA
2026-02-01;Zamora;Mujer;80-89;4430;50.86107922;ZA
2026-02-01;Zamora;Hombre;05-12;7;0.16021973;ZA
2026-02-01;Zamora;Hombre;13-19;12;0.266666667;ZA
2026-02-01;Zamora;Hombre;20-29;59;0.841894977;ZA
2026-02-01;Zamora;Hombre;40-49;274;2.408579466;ZA
2026-02-01;Zamora;Hombre;>89;1267;67.53731343;ZA
2026-02-01;Zamora;Mujer;05-12;4;0.099527246;ZA
2026-02-01;Zamora;Mujer;40-49;358;3.357089272;ZA
2026-01-25;Ávila;Hombre;30-39;139;1.675102434;AV
2026-01-25;Ávila;Hombre;>89;877;61.11498258;AV
2026-01-25;Ávila;Mujer;50-59;800;6.488240065;AV
2026-01-25;Ávila;Mujer;>89;1653;58.30687831;AV
2026-01-25;Ávila;Hombre;05-12;9;0.167722698;AV
2026-01-25;Ávila;Mujer;0-4;0;0.0;AV
2026-01-25;Ávila;Mujer;05-12;4;0.080224629;AV
2026-01-25;Ávila;Mujer;20-29;111;1.594369434;AV
2026-01-25;Ávila;Mujer;60-69;1936;16.31002527;AV
2026-01-25;Ávila;Mujer;80-89;3150;50.08745429;AV
2026-01-25;Ávila;Hombre;0-4;2;0.080645161;AV
2026-01-25;Ávila;Hombre;13-19;36;0.636942675;AV
2026-01-25;Ávila;Hombre;20-29;86;1.131132448;AV
2026-01-25;Ávila;Hombre;40-49;301;2.659010601;AV
2026-01-25;Ávila;Hombre;50-59;707;5.562549174;AV
2026-01-25;Ávila;Hombre;60-69;2211;17.30317734;AV
2026-01-25;Ávila;Hombre;70-79;3680;43.33490344;AV
2026-01-25;Ávila;Hombre;80-89;2568;55.29715762;AV
2026-01-25;Ávila;Mujer;13-19;25;0.487614589;AV
2026-01-25;Ávila;Mujer;30-39;205;2.589364658;AV
2026-01-25;Ávila;Mujer;40-49;377;3.492357573;AV
2026-01-25;Ávila;Mujer;70-79;3142;36.62858475;AV
2026-01-25;Burgos;Hombre;0-4;4;0.07029877;BU
2026-01-25;Burgos;Hombre;30-39;258;1.299224494;BU
2026-01-25;Burgos;Hombre;40-49;638;2.399308037;BU
2026-01-25;Burgos;Hombre;80-89;5879;63.59113034;BU
2026-01-25;Burgos;Mujer;80-89;7370;56.83658518;BU
2026-01-25;Burgos;Hombre;13-19;71;0.547670472;BU
2026-01-25;Burgos;Hombre;60-69;4665;17.65841472;BU
2026-01-25;Burgos;Hombre;70-79;8443;45.44622672;BU
2026-01-25;Burgos;Hombre;>89;1664;70.6581741;BU
2026-01-25;Burgos;Mujer;13-19;67;0.551258845;BU
2026-01-25;Burgos;Mujer;30-39;453;2.480832421;BU
2026-01-25;Burgos;Mujer;60-69;4059;15.6157427;BU
2026-01-25;Burgos;Mujer;>89;4083;69.87848708;BU
2026-01-25;Burgos;Hombre;05-12;21;0.167973124;BU
2026-01-25;Burgos;Hombre;20-29;138;0.754428165;BU
2026-01-25;Burgos;Hombre;50-59;1487;5.129531891;BU
2026-01-25;Burgos;Mujer;0-4;4;0.075800644;BU
2026-01-25;Burgos;Mujer;05-12;12;0.101841636;BU
2026-01-25;Burgos;Mujer;20-29;262;1.607361963;BU
2026-01-25;Burgos;Mujer;40-49;885;3.483154912;BU
2026-01-25;Burgos;Mujer;50-59;1696;6.042253019;BU
2026-01-25;Burgos;Mujer;70-79;7289;38.10843311;BU
2026-01-25;Castilla y León;Hombre;13-19;534;0.663948902;Castilla y LE
2026-01-25;Castilla y León;Hombre;50-59;11300;6.584012293;Castilla y LE
2026-01-25;Castilla y León;Hombre;60-69;34132;16.65966619;Castilla y LE
2026-01-25;Castilla y León;Hombre;70-79;57159;37.66305306;Castilla y LE
2026-01-25;Castilla y León;Hombre;80-89;41045;54.09724091;Castilla y LE
2026-01-25;Castilla y León;Mujer;0-4;33;0.101405186;Castilla y LE
2026-01-25;Castilla y León;Mujer;13-19;503;0.662855675;Castilla y LE
2026-01-25;Castilla y León;Mujer;40-49;6698;3.434449657;Castilla y LE
2026-01-25;Castilla y León;Mujer;60-69;30270;17.79679127;Castilla y LE
2026-01-25;Castilla y León;Mujer;70-79;51423;41.57446204;Castilla y LE
2026-01-25;Castilla y León;Mujer;80-89;52363;56.94289222;Castilla y LE
2026-01-25;Castilla y León;Hombre;0-4;39;0.093084707;Castilla y LE
2026-01-25;Castilla y León;Hombre;05-12;164;0.170395512;Castilla y LE
2026-01-25;Castilla y León;Hombre;40-49;5039;3.962358191;Castilla y LE
2026-01-25;Castilla y León;Mujer;20-29;1921;1.378493691;Castilla y LE
2026-01-25;Castilla y León;Mujer;30-39;3772;2.455441947;Castilla y LE
2026-01-25;Castilla y León;Hombre;20-29;1183;1.77494254;Castilla y LE
2026-01-25;Castilla y León;Hombre;30-39;2210;3.189106643;Castilla y LE
2026-01-25;Castilla y León;Hombre;>89;12876;67.29590112;Castilla y LE
2026-01-25;Castilla y León;Mujer;05-12;124;0.19250763;Castilla y LE
2026-01-25;Castilla y León;Mujer;50-59;12502;6.257924886;Castilla y LE
2026-01-25;Castilla y León;Mujer;>89;27901;68.1622752;Castilla y LE
2026-01-25;León;Hombre;0-4;6;0.100217137;LE
2026-01-25;León;Hombre;20-29;124;0.621585042;LE
2026-01-25;León;Hombre;60-69;5725;16.16774922;LE
2026-01-25;León;Hombre;80-89;7282;55.75377077;LE
2026-01-25;León;Hombre;>89;2578;66.17043121;LE
2026-01-25;León;Mujer;13-19;45;0.352692217;LE
2026-01-25;León;Mujer;50-59;1814;5.050111359;LE
2026-01-25;León;Mujer;60-69;4860;13.35091478;LE
2026-01-25;León;Hombre;30-39;281;1.261673851;LE
2026-01-25;León;Hombre;50-59;1668;4.710400723;LE
2026-01-25;León;Hombre;70-79;9620;39.87730061;LE
2026-01-25;León;Mujer;20-29;211;1.149237473;LE
2026-01-25;León;Mujer;30-39;534;2.542251845;LE
2026-01-25;León;Mujer;80-89;9668;48.33033393;LE
2026-01-25;León;Hombre;05-12;20;0.15470297;LE
2026-01-25;León;Hombre;13-19;48;0.359389039;LE
2026-01-25;León;Hombre;40-49;701;2.210519677;LE
2026-01-25;León;Mujer;0-4;6;0.109051254;LE
2026-01-25;León;Mujer;05-12;23;0.191730577;LE
2026-01-25;León;Mujer;40-49;952;3.00410224;LE
2026-01-25;León;Mujer;70-79;8862;32.45559421;LE
2026-01-25;León;Mujer;>89;5561;61.91960806;LE
2026-01-25;Palencia;Hombre;05-12;13;0.25757876;PA
2026-01-25;Palencia;Hombre;30-39;183;2.185074627;PA
2026-01-25;Palencia;Hombre;60-69;2229;17.14351638;PA
2026-01-25;Palencia;Hombre;70-79;3934;44.76049607;PA
2026-01-25;Palencia;Hombre;>89;764;72.21172023;PA
2026-01-25;Palencia;Mujer;05-12;17;0.360016942;PA
2026-01-25;Palencia;Mujer;13-19;27;0.5841627;PA
2026-01-25;Palencia;Mujer;30-39;230;2.990897269;PA
2026-01-25;Palencia;Mujer;60-69;1840;14.18002466;PA
2026-01-25;Palencia;Mujer;70-79;3219;35.22267206;PA
2026-01-25;Palencia;Mujer;80-89;3183;52.00980392;PA
2026-01-25;Palencia;Mujer;>89;1944;67.26643599;PA
2026-01-25;Palencia;Hombre;0-4;5;0.207986689;PA
2026-01-25;Palencia;Hombre;13-19;35;0.709076175;PA
2026-01-25;Palencia;Hombre;20-29;113;1.55862069;PA
2026-01-25;Palencia;Hombre;40-49;366;3.240945719;PA
2026-01-25;Palencia;Hombre;50-59;825;6.598944169;PA
2026-01-25;Palencia;Mujer;0-4;4;0.182648402;PA
2026-01-25;Palencia;Mujer;40-49;419;3.858195212;PA
2026-01-25;Palencia;Hombre;80-89;2463;59.43532819;PA
2026-01-25;Palencia;Mujer;20-29;89;1.327763688;PA
2026-01-25;Palencia;Mujer;50-59;803;6.697247706;PA
2026-01-25;Salamanca;Hombre;0-4;9;0.190677966;SA
2026-01-25;Salamanca;Hombre;05-12;32;0.324313368;SA
2026-01-25;Salamanca;Hombre;30-39;338;2.033205005;SA
2026-01-25;Salamanca;Hombre;40-49;707;3.245799284;SA
2026-01-25;Salamanca;Hombre;50-59;1476;5.899280576;SA
2026-01-25;Salamanca;Hombre;>89;2025;68.59756098;SA
2026-01-25;Salamanca;Mujer;13-19;76;0.7555423;SA
2026-01-25;Salamanca;Mujer;20-29;323;2.08629376;SA
2026-01-25;Salamanca;Mujer;30-39;607;3.71617485;SA
2026-01-25;Salamanca;Mujer;50-59;1720;6.523553061;SA
2026-01-25;Salamanca;Mujer;60-69;3780;15.03879053;SA
2026-01-25;Salamanca;Hombre;13-19;67;0.618709022;SA
2026-01-25;Salamanca;Hombre;20-29;157;0.982601076;SA
2026-01-25;Salamanca;Hombre;60-69;4230;17.32257668;SA
2026-01-25;Salamanca;Mujer;0-4;8;0.181077411;SA
2026-01-25;Salamanca;Mujer;40-49;980;4.43639656;SA
2026-01-25;Salamanca;Mujer;80-89;7498;51.63911846;SA
2026-01-25;Salamanca;Mujer;>89;4228;67.30340656;SA
2026-01-25;Salamanca;Hombre;70-79;7390;44.09044806;SA
2026-01-25;Salamanca;Hombre;80-89;5833;57.3888233;SA
2026-01-25;Salamanca;Mujer;05-12;15;0.159523556;SA
2026-01-25;Salamanca;Mujer;70-79;6977;36.26110909;SA
2026-01-25;Segovia;Hombre;40-49;356;3.105644247;SE
2026-01-25;Segovia;Mujer;13-19;39;0.721153846;SE
2026-01-25;Segovia;Mujer;60-69;2405;21.80021755;SE
2026-01-25;Segovia;Mujer;>89;1844;75.69786535;SE
2026-01-25;Segovia;Hombre;0-4;1;0.037965072;SE
2026-01-25;Segovia;Hombre;20-29;93;1.100852273;SE
2026-01-25;Segovia;Mujer;0-4;2;0.081037277;SE
2026-01-25;Segovia;Mujer;05-12;15;0.284522003;SE
2026-01-25;Segovia;Mujer;20-29;178;2.316501822;SE
2026-01-25;Segovia;Mujer;30-39;288;3.49726776;SE
2026-01-25;Segovia;Mujer;40-49;534;4.803454169;SE
2026-01-25;Segovia;Mujer;50-59;1091;8.776445982;SE
2026-01-25;Segovia;Mujer;70-79;3340;46.27961757;SE
2026-01-25;Segovia;Hombre;05-12;14;0.253531329;SE
2026-01-25;Segovia;Hombre;13-19;51;0.89223233;SE
2026-01-25;Segovia;Hombre;30-39;159;1.766470392;SE
2026-01-25;Segovia;Hombre;50-59;863;6.690959839;SE
2026-01-25;Segovia;Hombre;60-69;2575;21.87022252;SE
2026-01-25;Segovia;Hombre;70-79;3788;53.29206528;SE
2026-01-25;Segovia;Hombre;80-89;2526;67.70302868;SE
2026-01-25;Segovia;Hombre;>89;876;78.07486631;SE
2026-01-25;Segovia;Mujer;80-89;3415;61.7094326;SE
2026-01-25;Soria;Hombre;05-12;1;0.03257329;SO
2026-01-25;Soria;Hombre;13-19;8;0.254858235;SO
2026-01-25;Soria;Hombre;30-39;69;1.373134328;SO
2026-01-25;Soria;Mujer;05-12;0;0.0;SO
2026-01-25;Soria;Mujer;13-19;11;0.38718761;SO
2026-01-25;Soria;Mujer;20-29;66;1.56102176;SO
2026-01-25;Soria;Mujer;>89;1311;74.10966648;SO
2026-01-25;Soria;Hombre;0-4;1;0.066711141;SO
2026-01-25;Soria;Hombre;20-29;33;0.692259283;SO
2026-01-25;Soria;Hombre;40-49;173;2.733881163;SO
2026-01-25;Soria;Mujer;0-4;0;0.0;SO
2026-01-25;Soria;Mujer;40-49;219;3.654263307;SO
2026-01-25;Soria;Mujer;50-59;496;7.491315511;SO
2026-01-25;Soria;Mujer;80-89;2230;64.90104773;SO
2026-01-25;Soria;Hombre;50-59;434;5.950095969;SO
2026-01-25;Soria;Hombre;60-69;1375;20.33722822;SO
2026-01-25;Soria;Hombre;70-79;2195;49.19318691;SO
2026-01-25;Soria;Hombre;80-89;1816;68.94457099;SO
2026-01-25;Soria;Hombre;>89;690;80.32596042;SO
2026-01-25;Soria;Mujer;30-39;142;3.099759878;SO
2026-01-25;Soria;Mujer;60-69;1115;17.91164659;SO
2026-01-25;Soria;Mujer;70-79;1938;43.90575442;SO
2026-01-25;Valladolid;Hombre;05-12;47;0.257830929;VA
2026-01-25;Valladolid;Hombre;20-29;355;1.399511157;VA
2026-01-25;Valladolid;Hombre;60-69;8858;25.33970306;VA
2026-01-25;Valladolid;Mujer;0-4;7;0.088383838;VA
2026-01-25;Valladolid;Mujer;13-19;193;1.066651929;VA
2026-01-25;Valladolid;Mujer;80-89;11327;59.4718051;VA
2026-01-25;Valladolid;Mujer;>89;4901;73.09470544;VA
2026-01-25;Valladolid;Hombre;30-39;645;2.405728992;VA
2026-01-25;Valladolid;Hombre;70-79;13662;52.8;VA
2026-01-25;Valladolid;Hombre;80-89;9072;67.8686317;VA
2026-01-25;Valladolid;Mujer;05-12;33;0.192487168;VA
2026-01-25;Valladolid;Mujer;20-29;574;2.357870523;VA
2026-01-25;Valladolid;Mujer;30-39;1113;4.212877096;VA
2026-01-25;Valladolid;Mujer;70-79;12897;42.36720213;VA
2026-01-25;Valladolid;Hombre;0-4;11;0.131516021;VA
2026-01-25;Valladolid;Hombre;13-19;204;1.057487948;VA
2026-01-25;Valladolid;Hombre;40-49;1500;3.747002398;VA
2026-01-25;Valladolid;Hombre;50-59;3193;7.549355716;VA
2026-01-25;Valladolid;Hombre;>89;2124;75.96566524;VA
2026-01-25;Valladolid;Mujer;40-49;1955;4.89741727;VA
2026-01-25;Valladolid;Mujer;50-59;3378;7.831045994;VA
2026-01-25;Valladolid;Mujer;60-69;8465;22.22193054;VA
2026-01-25;Zamora;Hombre;05-12;7;0.16021973;ZA
2026-01-25;Zamora;Hombre;40-49;272;2.390998594;ZA
2026-01-25;Zamora;Hombre;60-69;2115;15.24873828;ZA
2026-01-25;Zamora;Hombre;80-89;3529;57.59751918;ZA
2026-01-25;Zamora;Hombre;>89;1268;67.59061834;ZA
2026-01-25;Zamora;Mujer;0-4;0;0.0;ZA
2026-01-25;Zamora;Mujer;05-12;4;0.099527246;ZA
2026-01-25;Zamora;Mujer;20-29;78;1.194121249;ZA
2026-01-25;Zamora;Mujer;30-39;187;2.517162471;ZA
2026-01-25;Zamora;Mujer;50-59;671;5.35942492;ZA
2026-01-25;Zamora;Hombre;0-4;0;0.0;ZA
2026-01-25;Zamora;Hombre;20-29;59;0.841894977;ZA
2026-01-25;Zamora;Hombre;50-59;617;4.804921735;ZA
2026-01-25;Zamora;Mujer;13-19;17;0.40065991;ZA
2026-01-25;Zamora;Mujer;40-49;357;3.347711928;ZA
2026-01-25;Zamora;Mujer;60-69;1684;12.74405933;ZA
2026-01-25;Zamora;Mujer;80-89;4431;50.87256028;ZA
2026-01-25;Zamora;Mujer;>89;2353;63.85345997;ZA
2026-01-25;Zamora;Hombre;13-19;12;0.266666667;ZA
2026-01-25;Zamora;Hombre;30-39;115;1.433557716;ZA
2026-01-25;Zamora;Hombre;70-79;4261;42.44023904;ZA
2026-01-25;Zamora;Mujer;70-79;3615;33.81665108;ZA
2026-01-18;Ávila;Hombre;05-12;9;0.167722698;AV
2026-01-18;Ávila;Hombre;40-49;301;2.659010601;AV
2026-01-18;Ávila;Hombre;60-69;2209;17.28752543;AV
2026-01-18;Ávila;Hombre;80-89;2562;55.16795866;AV
2026-01-18;Ávila;Hombre;>89;870;60.6271777;AV
2026-01-18;Ávila;Mujer;0-4;0;0.0;AV
2026-01-18;Ávila;Mujer;05-12;4;0.080224629;AV
2026-01-18;Ávila;Mujer;13-19;25;0.487614589;AV
2026-01-18;Ávila;Mujer;30-39;205;2.589364658;AV
2026-01-18;Ávila;Mujer;50-59;798;6.472019465;AV
2026-01-18;Ávila;Mujer;80-89;3137;49.88074416;AV
2026-01-18;Ávila;Hombre;13-19;36;0.636942675;AV
2026-01-18;Ávila;Hombre;20-29;86;1.131132448;AV
2026-01-18;Ávila;Hombre;50-59;705;5.546813533;AV
2026-01-18;Ávila;Mujer;20-29;111;1.594369434;AV
2026-01-18;Ávila;Mujer;60-69;1934;16.29317607;AV
2026-01-18;Ávila;Mujer;70-79;3142;36.62858475;AV
2026-01-18;Ávila;Hombre;0-4;2;0.080645161;AV
2026-01-18;Ávila;Hombre;30-39;138;1.663051338;AV
2026-01-18;Ávila;Hombre;70-79;3678;43.31135186;AV
2026-01-18;Ávila;Mujer;40-49;376;3.483094025;AV
2026-01-18;Ávila;Mujer;>89;1631;57.5308642;AV
2026-01-18;Burgos;Hombre;0-4;4;0.07029877;BU
2026-01-18;Burgos;Hombre;05-12;21;0.167973124;BU
2026-01-18;Burgos;Hombre;13-19;71;0.547670472;BU
2026-01-18;Burgos;Hombre;20-29;137;0.748961295;BU
2026-01-18;Burgos;Hombre;30-39;257;1.29418874;BU
2026-01-18;Burgos;Hombre;40-49;638;2.399308037;BU
2026-01-18;Burgos;Hombre;70-79;8438;45.41931317;BU
2026-01-18;Burgos;Hombre;80-89;5876;63.55868037;BU
2026-01-18;Burgos;Mujer;05-12;12;0.101841636;BU
2026-01-18;Burgos;Mujer;13-19;66;0.543031101;BU
2026-01-18;Burgos;Mujer;20-29;262;1.607361963;BU
2026-01-18;Burgos;Mujer;40-49;884;3.479219144;BU
2026-01-18;Burgos;Mujer;50-59;1692;6.028002423;BU
2026-01-18;Burgos;Mujer;80-89;7363;56.78260199;BU
2026-01-18;Burgos;Hombre;50-59;1484;5.119183138;BU
2026-01-18;Burgos;Hombre;>89;1663;70.61571125;BU
2026-01-18;Burgos;Mujer;70-79;7283;38.07706384;BU
2026-01-18;Burgos;Mujer;>89;4082;69.86137258;BU
2026-01-18;Burgos;Hombre;60-69;4654;17.61677644;BU
2026-01-18;Burgos;Mujer;0-4;4;0.075800644;BU
2026-01-18;Burgos;Mujer;30-39;451;2.469879518;BU
2026-01-18;Burgos;Mujer;60-69;4046;15.56572923;BU
2026-01-18;Castilla y León;Hombre;20-29;1177;1.763684976;Castilla y LE
2026-01-18;Castilla y León;Hombre;50-59;11267;6.566059256;Castilla y LE
2026-01-18;Castilla y León;Hombre;60-69;34074;16.61711064;Castilla y LE
2026-01-18;Castilla y León;Hombre;>89;12862;67.17520398;Castilla y LE
2026-01-18;Castilla y León;Hombre;05-12;163;0.170395512;Castilla y LE
2026-01-18;Castilla y León;Hombre;40-49;5026;3.948711255;Castilla y LE
2026-01-18;Castilla y León;Mujer;0-4;33;0.099956541;Castilla y LE
2026-01-18;Castilla y León;Mujer;05-12;124;0.191836872;Castilla y LE
2026-01-18;Castilla y León;Hombre;0-4;38;0.093084707;Castilla y LE
2026-01-18;Castilla y León;Hombre;13-19;530;0.661293107;Castilla y LE
2026-01-18;Castilla y León;Hombre;30-39;2207;3.179774328;Castilla y LE
2026-01-18;Castilla y León;Hombre;70-79;57102;37.62118808;Castilla y LE
2026-01-18;Castilla y León;Hombre;80-89;41000;54.01755221;Castilla y LE
2026-01-18;Castilla y León;Mujer;13-19;501;0.659001863;Castilla y LE
2026-01-18;Castilla y León;Mujer;20-29;1910;1.370358318;Castilla y LE
2026-01-18;Castilla y León;Mujer;30-39;3761;2.449660549;Castilla y LE
2026-01-18;Castilla y León;Mujer;40-49;6676;3.423874889;Castilla y LE
2026-01-18;Castilla y León;Mujer;50-59;12468;6.24026277;Castilla y LE
2026-01-18;Castilla y León;Mujer;60-69;30196;17.75904798;Castilla y LE
2026-01-18;Castilla y León;Mujer;70-79;51366;41.53068004;Castilla y LE
2026-01-18;Castilla y León;Mujer;80-89;52286;56.8677745;Castilla y LE
2026-01-18;Castilla y León;Mujer;>89;27852;68.05520703;Castilla y LE
2026-01-18;León;Hombre;20-29;123;0.616572259;LE
2026-01-18;León;Hombre;50-59;1663;4.696280817;LE
2026-01-18;León;Hombre;>89;2576;66.11909651;LE
2026-01-18;León;Mujer;30-39;533;2.537491074;LE
2026-01-18;León;Mujer;50-59;1811;5.041759465;LE
2026-01-18;León;Mujer;60-69;4854;13.33443217;LE
2026-01-18;León;Hombre;60-69;5717;16.14515674;LE
2026-01-18;León;Mujer;0-4;6;0.109051254;LE
2026-01-18;León;Mujer;20-29;208;1.132897603;LE
2026-01-18;León;Mujer;70-79;8853;32.42263322;LE
2026-01-18;León;Mujer;80-89;9660;48.29034193;LE
2026-01-18;León;Mujer;>89;5553;61.83053112;LE
2026-01-18;León;Hombre;0-4;6;0.100217137;LE
2026-01-18;León;Hombre;05-12;20;0.15470297;LE
2026-01-18;León;Hombre;13-19;48;0.359389039;LE
2026-01-18;León;Hombre;30-39;281;1.261673851;LE
2026-01-18;León;Hombre;40-49;702;2.213673058;LE
2026-01-18;León;Hombre;70-79;9613;39.84828387;LE
2026-01-18;León;Hombre;80-89;7276;55.70783248;LE
2026-01-18;León;Mujer;05-12;23;0.191730577;LE
2026-01-18;León;Mujer;13-19;45;0.352692217;LE
2026-01-18;León;Mujer;40-49;951;3.000946671;LE
2026-01-18;Palencia;Hombre;70-79;3930;44.71498464;PA
2026-01-18;Palencia;Hombre;80-89;2461;59.38706564;PA
2026-01-18;Palencia;Hombre;>89;764;72.21172023;PA
2026-01-18;Palencia;Mujer;50-59;801;6.680567139;PA
2026-01-18;Palencia;Mujer;>89;1940;67.12802768;PA
2026-01-18;Palencia;Hombre;05-12;13;0.25757876;PA
2026-01-18;Palencia;Hombre;20-29;112;1.544827586;PA
2026-01-18;Palencia;Hombre;50-59;824;6.590945449;PA
2026-01-18;Palencia;Hombre;60-69;2226;17.12044301;PA
2026-01-18;Palencia;Mujer;05-12;17;0.360016942;PA
2026-01-18;Palencia;Mujer;13-19;26;0.562527045;PA
2026-01-18;Palencia;Mujer;20-29;88;1.312844995;PA
2026-01-18;Palencia;Mujer;40-49;419;3.858195212;PA
2026-01-18;Palencia;Mujer;60-69;1839;14.17231813;PA
2026-01-18;Palencia;Mujer;80-89;3182;51.99346405;PA
2026-01-18;Palencia;Hombre;0-4;5;0.207986689;PA
2026-01-18;Palencia;Hombre;13-19;35;0.709076175;PA
2026-01-18;Palencia;Hombre;30-39;182;2.173134328;PA
2026-01-18;Palencia;Hombre;40-49;366;3.240945719;PA
2026-01-18;Palencia;Mujer;0-4;4;0.182648402;PA
2026-01-18;Palencia;Mujer;30-39;230;2.990897269;PA
2026-01-18;Palencia;Mujer;70-79;3217;35.20078783;PA
2026-01-18;Salamanca;Hombre;30-39;339;2.039220404;SA
2026-01-18;Salamanca;Hombre;80-89;5828;57.33963007;SA
2026-01-18;Salamanca;Hombre;>89;2024;68.56368564;SA
2026-01-18;Salamanca;Mujer;0-4;8;0.181077411;SA
2026-01-18;Salamanca;Mujer;20-29;320;2.066916419;SA
2026-01-18;Salamanca;Mujer;40-49;974;4.409234948;SA
2026-01-18;Salamanca;Mujer;60-69;3770;14.99900537;SA
2026-01-18;Salamanca;Mujer;70-79;6969;36.21953121;SA
2026-01-18;Salamanca;Hombre;13-19;66;0.609474559;SA
2026-01-18;Salamanca;Hombre;20-29;157;0.982601076;SA
2026-01-18;Salamanca;Hombre;50-59;1473;5.887290168;SA
2026-01-18;Salamanca;Hombre;60-69;4221;17.28572014;SA
2026-01-18;Salamanca;Hombre;70-79;7386;44.06658314;SA
2026-01-18;Salamanca;Mujer;05-12;15;0.159523556;SA
2026-01-18;Salamanca;Mujer;13-19;76;0.7555423;SA
2026-01-18;Salamanca;Mujer;30-39;606;3.710052651;SA
2026-01-18;Salamanca;Mujer;50-59;1713;6.497003717;SA
2026-01-18;Salamanca;Mujer;>89;4224;67.23973257;SA
2026-01-18;Salamanca;Hombre;0-4;8;0.169491525;SA
2026-01-18;Salamanca;Hombre;05-12;32;0.324313368;SA
2026-01-18;Salamanca;Hombre;40-49;705;3.236617391;SA
2026-01-18;Salamanca;Mujer;80-89;7490;51.58402204;SA
2026-01-18;Segovia;Hombre;40-49;354;3.088196807;SE
2026-01-18;Segovia;Hombre;80-89;2527;67.72983114;SE
2026-01-18;Segovia;Hombre;>89;876;78.07486631;SE
2026-01-18;Segovia;Mujer;05-12;15;0.284522003;SE
2026-01-18;Segovia;Mujer;30-39;287;3.485124469;SE
2026-01-18;Segovia;Mujer;40-49;533;4.794458937;SE
2026-01-18;Segovia;Mujer;70-79;3336;46.22419288;SE
2026-01-18;Segovia;Hombre;05-12;13;0.235421949;SE
2026-01-18;Segovia;Hombre;30-39;158;1.755360515;SE
2026-01-18;Segovia;Hombre;60-69;2573;21.85323594;SE
2026-01-18;Segovia;Mujer;0-4;2;0.081037277;SE
2026-01-18;Segovia;Mujer;60-69;2398;21.73676577;SE
2026-01-18;Segovia;Hombre;0-4;1;0.037965072;SE
2026-01-18;Segovia;Hombre;13-19;50;0.874737579;SE
2026-01-18;Segovia;Hombre;20-29;92;1.089015152;SE
2026-01-18;Segovia;Hombre;50-59;864;6.698712979;SE
2026-01-18;Segovia;Hombre;70-79;3783;53.221722;SE
2026-01-18;Segovia;Mujer;13-19;39;0.721153846;SE
2026-01-18;Segovia;Mujer;20-29;176;2.290473712;SE
2026-01-18;Segovia;Mujer;50-59;1088;8.752312766;SE
2026-01-18;Segovia;Mujer;80-89;3410;61.61908204;SE
2026-01-18;Segovia;Mujer;>89;1844;75.69786535;SE
2026-01-18;Soria;Hombre;20-29;33;0.692259283;SO
2026-01-18;Soria;Hombre;40-49;171;2.702275601;SO
2026-01-18;Soria;Hombre;50-59;434;5.950095969;SO
2026-01-18;Soria;Mujer;20-29;66;1.56102176;SO
2026-01-18;Soria;Mujer;50-59;496;7.491315511;SO
2026-01-18;Soria;Mujer;60-69;1113;17.87951807;SO
2026-01-18;Soria;Hombre;0-4;1;0.066711141;SO
2026-01-18;Soria;Hombre;05-12;1;0.03257329;SO
2026-01-18;Soria;Hombre;13-19;8;0.254858235;SO
2026-01-18;Soria;Hombre;30-39;69;1.373134328;SO
2026-01-18;Soria;Hombre;60-69;1373;20.3076468;SO
2026-01-18;Soria;Hombre;70-79;2193;49.14836396;SO
2026-01-18;Soria;Hombre;80-89;1816;68.94457099;SO
2026-01-18;Soria;Hombre;>89;691;80.44237485;SO
2026-01-18;Soria;Mujer;30-39;142;3.099759878;SO
2026-01-18;Soria;Mujer;0-4;0;0.0;SO
2026-01-18;Soria;Mujer;05-12;0;0.0;SO
2026-01-18;Soria;Mujer;13-19;11;0.38718761;SO
2026-01-18;Soria;Mujer;40-49;218;3.637577173;SO
2026-01-18;Soria;Mujer;70-79;1933;43.79247848;SO
2026-01-18;Soria;Mujer;80-89;2227;64.8137369;SO
2026-01-18;Soria;Mujer;>89;1309;73.99660825;SO
2026-01-18;Valladolid;Hombre;05-12;47;0.257830929;VA
2026-01-18;Valladolid;Hombre;20-29;353;1.391626587;VA
2026-01-18;Valladolid;Hombre;60-69;8842;25.29393255;VA
2026-01-18;Valladolid;Hombre;70-79;13635;52.69565217;VA
2026-01-18;Valladolid;Mujer;05-12;33;0.192487168;VA
2026-01-18;Valladolid;Mujer;50-59;3370;7.8125;VA
2026-01-18;Valladolid;Hombre;30-39;645;2.405728992;VA
2026-01-18;Valladolid;Hombre;>89;2121;75.8583691;VA
2026-01-18;Valladolid;Mujer;0-4;7;0.088383838;VA
2026-01-18;Valladolid;Mujer;30-39;1109;4.197736478;VA
2026-01-18;Valladolid;Mujer;40-49;1946;4.874871615;VA
2026-01-18;Valladolid;Mujer;60-69;8432;22.13530045;VA
2026-01-18;Valladolid;Mujer;70-79;12878;42.30478631;VA
2026-01-18;Valladolid;Mujer;80-89;11295;59.30379082;VA
2026-01-18;Valladolid;Hombre;0-4;11;0.131516021;VA
2026-01-18;Valladolid;Hombre;13-19;202;1.047120419;VA
2026-01-18;Valladolid;Hombre;40-49;1495;3.73451239;VA
2026-01-18;Valladolid;Hombre;50-59;3181;7.520983568;VA
2026-01-18;Valladolid;Hombre;80-89;9049;67.69656617;VA
2026-01-18;Valladolid;Mujer;13-19;193;1.066651929;VA
2026-01-18;Valladolid;Mujer;20-29;571;2.345547157;VA
2026-01-18;Valladolid;Mujer;>89;4892;72.96047726;VA
2026-01-18;Zamora;Hombre;05-12;7;0.16021973;ZA
2026-01-18;Zamora;Hombre;13-19;12;0.266666667;ZA
2026-01-18;Zamora;Hombre;30-39;115;1.433557716;ZA
2026-01-18;Zamora;Hombre;40-49;269;2.364627286;ZA
2026-01-18;Zamora;Hombre;50-59;609;4.742621291;ZA
2026-01-18;Zamora;Hombre;80-89;3527;57.56487677;ZA
2026-01-18;Zamora;Mujer;0-4;0;0.0;ZA
2026-01-18;Zamora;Mujer;20-29;78;1.194121249;ZA
2026-01-18;Zamora;Mujer;>89;2353;63.85345997;ZA
2026-01-18;Zamora;Hombre;0-4;0;0.0;ZA
2026-01-18;Zamora;Hombre;20-29;59;0.841894977;ZA
2026-01-18;Zamora;Mujer;05-12;4;0.099527246;ZA
2026-01-18;Zamora;Mujer;40-49;354;3.319579895;ZA
2026-01-18;Zamora;Mujer;50-59;666;5.319488818;ZA
2026-01-18;Zamora;Mujer;60-69;1681;12.72135614;ZA
2026-01-18;Zamora;Mujer;80-89;4431;50.87256028;ZA
2026-01-18;Zamora;Hombre;60-69;2109;15.20547945;ZA
2026-01-18;Zamora;Hombre;70-79;4260;42.43027888;ZA
2026-01-18;Zamora;Hombre;>89;1267;67.53731343;ZA
2026-01-18;Zamora;Mujer;13-19;17;0.40065991;ZA
2026-01-18;Zamora;Mujer;30-39;185;2.490240948;ZA
2026-01-18;Zamora;Mujer;70-79;3611;33.77923293;ZA
2026-01-11;Ávila;Hombre;30-39;138;1.650717703;AV
2026-01-11;Ávila;Hombre;80-89;2560;54.64247599;AV
2026-01-11;Ávila;Mujer;13-19;25;0.495343769;AV
2026-01-11;Ávila;Mujer;70-79;3141;37.09258385;AV
2026-01-11;Ávila;Hombre;0-4;2;0.080515298;AV
2026-01-11;Ávila;Hombre;05-12;9;0.167130919;AV
2026-01-11;Ávila;Hombre;40-49;301;2.610354696;AV
2026-01-11;Ávila;Hombre;50-59;704;5.493990947;AV
2026-01-11;Ávila;Hombre;70-79;3676;43.65795724;AV
2026-01-11;Ávila;Hombre;>89;869;63.29206118;AV
2026-01-11;Ávila;Mujer;05-12;4;0.08097166;AV
2026-01-11;Ávila;Mujer;20-29;112;1.601601602;AV
2026-01-11;Ávila;Mujer;30-39;205;2.568922306;AV
2026-01-11;Ávila;Mujer;40-49;376;3.417249841;AV
2026-01-11;Ávila;Mujer;60-69;1933;16.76496097;AV
2026-01-11;Ávila;Hombre;13-19;36;0.654426468;AV
2026-01-11;Ávila;Hombre;20-29;86;1.144834931;AV
2026-01-11;Ávila;Hombre;60-69;2207;17.61372706;AV
2026-01-11;Ávila;Mujer;0-4;0;0.0;AV
2026-01-11;Ávila;Mujer;50-59;795;6.399935598;AV
2026-01-11;Ávila;Mujer;80-89;3134;49.0914787;AV
2026-01-11;Ávila;Mujer;>89;1630;58.3392985;AV
2026-01-11;Burgos;Hombre;13-19;71;0.560555819;BU
2026-01-11;Burgos;Hombre;20-29;136;0.773210529;BU
2026-01-11;Burgos;Hombre;30-39;255;1.2972478;BU
2026-01-11;Burgos;Hombre;40-49;638;2.356417359;BU
2026-01-11;Burgos;Hombre;50-59;1479;5.141307748;BU
2026-01-11;Burgos;Hombre;>89;1662;72.16673904;BU
2026-01-11;Burgos;Mujer;05-12;12;0.100764128;BU
2026-01-11;Burgos;Mujer;20-29;258;1.631568962;BU
2026-01-11;Burgos;Mujer;30-39;451;2.454421769;BU
2026-01-11;Burgos;Mujer;40-49;879;3.400913101;BU
2026-01-11;Burgos;Mujer;80-89;7358;57.00340874;BU
2026-01-11;Burgos;Mujer;>89;4080;71.6040716;BU
2026-01-11;Burgos;Hombre;60-69;4648;17.86730222;BU
2026-01-11;Burgos;Hombre;70-79;8433;46.15763547;BU
2026-01-11;Burgos;Hombre;80-89;5872;64.92702344;BU
2026-01-11;Burgos;Mujer;13-19;66;0.555134999;BU
2026-01-11;Burgos;Mujer;70-79;7277;38.62321533;BU
2026-01-11;Burgos;Hombre;0-4;4;0.068787618;BU
2026-01-11;Burgos;Hombre;05-12;21;0.16634981;BU
2026-01-11;Burgos;Mujer;0-4;4;0.072966071;BU
2026-01-11;Burgos;Mujer;50-59;1687;6.025645605;BU
2026-01-11;Burgos;Mujer;60-69;4043;16.07043485;BU
2026-01-11;Castilla y León;Hombre;0-4;39;0.091224766;Castilla y LE
2026-01-11;Castilla y León;Hombre;13-19;528;0.664380338;Castilla y LE
2026-01-11;Castilla y León;Hombre;20-29;1174;1.795597333;Castilla y LE
2026-01-11;Castilla y León;Hombre;60-69;34020;17.08362018;Castilla y LE
2026-01-11;Castilla y León;Hombre;70-79;57047;37.93085556;Castilla y LE
2026-01-11;Castilla y León;Hombre;80-89;40964;53.99747375;Castilla y LE
2026-01-11;Castilla y León;Mujer;0-4;33;0.099665409;Castilla y LE
2026-01-11;Castilla y León;Mujer;20-29;1903;1.400374546;Castilla y LE
2026-01-11;Castilla y León;Mujer;70-79;51315;41.9330047;Castilla y LE
2026-01-11;Castilla y León;Mujer;80-89;52245;57.19308814;Castilla y LE
2026-01-11;Castilla y León;Hombre;50-59;11240;6.530962458;Castilla y LE
2026-01-11;Castilla y León;Hombre;>89;12858;69.00394649;Castilla y LE
2026-01-11;Castilla y León;Mujer;13-19;497;0.665136418;Castilla y LE
2026-01-11;Castilla y León;Mujer;30-39;3756;2.424865206;Castilla y LE
2026-01-11;Castilla y León;Mujer;50-59;12438;6.212039509;Castilla y LE
2026-01-11;Castilla y León;Mujer;60-69;30155;18.16938453;Castilla y LE
2026-01-11;Castilla y León;Hombre;05-12;163;0.168159136;Castilla y LE
2026-01-11;Castilla y León;Hombre;30-39;2204;3.137787617;Castilla y LE
2026-01-11;Castilla y León;Hombre;40-49;5017;3.868983474;Castilla y LE
2026-01-11;Castilla y León;Mujer;05-12;124;0.189343785;Castilla y LE
2026-01-11;Castilla y León;Mujer;40-49;6663;3.35604544;Castilla y LE
2026-01-11;Castilla y León;Mujer;>89;27827;69.79207802;Castilla y LE
2026-01-11;León;Hombre;20-29;123;0.636316606;LE
2026-01-11;León;Hombre;30-39;281;1.236142882;LE
2026-01-11;León;Hombre;40-49;699;2.173102033;LE
2026-01-11;León;Mujer;13-19;45;0.354386518;LE
2026-01-11;León;Mujer;20-29;208;1.161362367;LE
2026-01-11;León;Mujer;50-59;1805;4.982746722;LE
2026-01-11;León;Mujer;60-69;4848;13.68293302;LE
2026-01-11;León;Mujer;80-89;9653;47.57985016;LE
2026-01-11;León;Mujer;>89;5550;63.8224471;LE
2026-01-11;León;Hombre;0-4;6;0.098199673;LE
2026-01-11;León;Hombre;13-19;48;0.363306085;LE
2026-01-11;León;Hombre;50-59;1658;4.650640936;LE
2026-01-11;León;Hombre;70-79;9602;40.60729087;LE
2026-01-11;León;Mujer;05-12;23;0.188354762;LE
2026-01-11;León;Mujer;40-49;951;2.944545933;LE
2026-01-11;León;Mujer;70-79;8839;32.72370516;LE
2026-01-11;León;Hombre;05-12;20;0.152613506;LE
2026-01-11;León;Hombre;60-69;5709;16.32915737;LE
2026-01-11;León;Hombre;80-89;7270;55.36938309;LE
2026-01-11;León;Hombre;>89;2574;68.07722825;LE
2026-01-11;León;Mujer;0-4;6;0.106496273;LE
2026-01-11;León;Mujer;30-39;532;2.465702633;LE
2026-01-11;Palencia;Hombre;30-39;182;2.144961697;PA
2026-01-11;Palencia;Hombre;60-69;2223;17.28615863;PA
2026-01-11;Palencia;Hombre;>89;765;71.1627907;PA
2026-01-11;Palencia;Mujer;0-4;4;0.179937022;PA
2026-01-11;Palencia;Mujer;13-19;26;0.568678915;PA
2026-01-11;Palencia;Mujer;60-69;1836;14.55294864;PA
2026-01-11;Palencia;Mujer;>89;1932;68.26855124;PA
2026-01-11;Palencia;Hombre;05-12;13;0.255202199;PA
2026-01-11;Palencia;Hombre;13-19;35;0.726442507;PA
2026-01-11;Palencia;Hombre;50-59;822;6.492378169;PA
2026-01-11;Palencia;Hombre;80-89;2458;60.97742496;PA
2026-01-11;Palencia;Mujer;05-12;17;0.360016942;PA
2026-01-11;Palencia;Mujer;20-29;88;1.33393967;PA
2026-01-11;Palencia;Mujer;40-49;419;3.828931737;PA
2026-01-11;Palencia;Mujer;50-59;801;6.561271298;PA
2026-01-11;Palencia;Mujer;80-89;3179;51.80899609;PA
2026-01-11;Palencia;Hombre;0-4;6;0.251572327;PA
2026-01-11;Palencia;Hombre;20-29;110;1.567621491;PA
2026-01-11;Palencia;Hombre;40-49;365;3.218978746;PA
2026-01-11;Palencia;Hombre;70-79;3922;45.72161343;PA
2026-01-11;Palencia;Mujer;30-39;230;2.938546059;PA
2026-01-11;Palencia;Mujer;70-79;3217;35.56267964;PA
2026-01-11;Salamanca;Hombre;13-19;66;0.619951155;SA
2026-01-11;Salamanca;Hombre;20-29;157;1.007443532;SA
2026-01-11;Salamanca;Hombre;30-39;338;2.014302741;SA
2026-01-11;Salamanca;Hombre;40-49;704;3.17260027;SA
2026-01-11;Salamanca;Hombre;50-59;1469;5.810458033;SA
2026-01-11;Salamanca;Hombre;>89;2023;69.71054445;SA
2026-01-11;Salamanca;Mujer;13-19;75;0.743752479;SA
2026-01-11;Salamanca;Mujer;30-39;603;3.645927807;SA
2026-01-11;Salamanca;Mujer;40-49;970;4.316866934;SA
2026-01-11;Salamanca;Mujer;60-69;3764;15.48397713;SA
2026-01-11;Salamanca;Mujer;70-79;6958;36.32471939;SA
2026-01-11;Salamanca;Mujer;>89;4223;69.41157133;SA
2026-01-11;Salamanca;Hombre;80-89;5815;58.13256023;SA
2026-01-11;Salamanca;Mujer;05-12;15;0.155827966;SA
2026-01-11;Salamanca;Mujer;80-89;7481;51.64296562;SA
2026-01-11;Salamanca;Hombre;0-4;8;0.166320166;SA
2026-01-11;Salamanca;Hombre;05-12;32;0.318028225;SA
2026-01-11;Salamanca;Hombre;60-69;4213;17.6868178;SA
2026-01-11;Salamanca;Hombre;70-79;7376;44.39362022;SA
2026-01-11;Salamanca;Mujer;0-4;8;0.178412132;SA
2026-01-11;Salamanca;Mujer;20-29;320;2.127376679;SA
2026-01-11;Salamanca;Mujer;50-59;1711;6.437412995;SA
2026-01-11;Segovia;Hombre;0-4;1;0.037481259;SE
2026-01-11;Segovia;Hombre;13-19;49;0.875625447;SE
2026-01-11;Segovia;Hombre;20-29;92;1.1215409;SE
2026-01-11;Segovia;Hombre;30-39;158;1.795454545;SE
2026-01-11;Segovia;Hombre;40-49;353;3.031083634;SE
2026-01-11;Segovia;Hombre;50-59;863;6.672336478;SE
2026-01-11;Segovia;Hombre;60-69;2571;22.62208535;SE
2026-01-11;Segovia;Hombre;80-89;2527;67.98493409;SE
2026-01-11;Segovia;Mujer;0-4;2;0.079840319;SE
2026-01-11;Segovia;Mujer;05-12;15;0.286095747;SE
2026-01-11;Segovia;Mujer;13-19;39;0.741303935;SE
2026-01-11;Segovia;Mujer;30-39;287;3.500853867;SE
2026-01-11;Segovia;Mujer;70-79;3334;46.57725622;SE
2026-01-11;Segovia;Hombre;05-12;13;0.234530038;SE
2026-01-11;Segovia;Mujer;20-29;174;2.300674336;SE
2026-01-11;Segovia;Mujer;50-59;1087;8.723216435;SE
2026-01-11;Segovia;Mujer;80-89;3410;61.74180699;SE
2026-01-11;Segovia;Mujer;>89;1841;75.98018985;SE
2026-01-11;Segovia;Hombre;70-79;3780;54.18577982;SE
2026-01-11;Segovia;Hombre;>89;875;82.46936852;SE
2026-01-11;Segovia;Mujer;40-49;532;4.725528513;SE
2026-01-11;Segovia;Mujer;60-69;2398;22.79901122;SE
2026-01-11;Soria;Hombre;05-12;1;0.032268474;SO
2026-01-11;Soria;Hombre;>89;691;77.55331089;SO
2026-01-11;Soria;Mujer;0-4;0;0.0;SO
2026-01-11;Soria;Mujer;05-12;0;0.0;SO
2026-01-11;Soria;Mujer;30-39;141;3.019271949;SO
2026-01-11;Soria;Mujer;40-49;219;3.611477573;SO
2026-01-11;Soria;Mujer;60-69;1111;18.64719705;SO
2026-01-11;Soria;Mujer;70-79;1933;44.32469617;SO
2026-01-11;Soria;Hombre;13-19;8;0.263071358;SO
2026-01-11;Soria;Hombre;20-29;33;0.7132051;SO
2026-01-11;Soria;Hombre;50-59;434;5.93220339;SO
2026-01-11;Soria;Hombre;60-69;1374;20.79297821;SO
2026-01-11;Soria;Mujer;50-59;496;7.395258685;SO
2026-01-11;Soria;Mujer;80-89;2226;62.86359785;SO
2026-01-11;Soria;Mujer;>89;1308;75.82608696;SO
2026-01-11;Soria;Hombre;0-4;1;0.06377551;SO
2026-01-11;Soria;Hombre;30-39;69;1.369047619;SO
2026-01-11;Soria;Hombre;40-49;171;2.61547874;SO
2026-01-11;Soria;Hombre;70-79;2191;49.54771597;SO
2026-01-11;Soria;Hombre;80-89;1814;70.22841657;SO
2026-01-11;Soria;Mujer;13-19;11;0.392716887;SO
2026-01-11;Soria;Mujer;20-29;66;1.569560048;SO
2026-01-11;Valladolid;Hombre;05-12;47;0.252728935;VA
2026-01-11;Valladolid;Mujer;70-79;12860;42.55741611;VA
2026-01-11;Valladolid;Mujer;80-89;11281;61.16683837;VA
2026-01-11;Valladolid;Hombre;0-4;11;0.131327603;VA
2026-01-11;Valladolid;Hombre;13-19;201;1.057449495;VA
2026-01-11;Valladolid;Hombre;40-49;1491;3.631536644;VA
2026-01-11;Valladolid;Hombre;50-59;3171;7.616737125;VA
2026-01-11;Valladolid;Hombre;60-69;8823;25.87769468;VA
2026-01-11;Valladolid;Hombre;70-79;13623;52.84738925;VA
2026-01-11;Valladolid;Hombre;>89;2121;77.86343612;VA
2026-01-11;Valladolid;Mujer;0-4;7;0.086945721;VA
2026-01-11;Valladolid;Mujer;05-12;33;0.187542623;VA
2026-01-11;Valladolid;Mujer;13-19;191;1.076662909;VA
2026-01-11;Valladolid;Mujer;20-29;568;2.397231367;VA
2026-01-11;Valladolid;Mujer;30-39;1107;4.185096972;VA
2026-01-11;Valladolid;Mujer;40-49;1942;4.740979444;VA
2026-01-11;Valladolid;Mujer;50-59;3360;7.876046037;VA
2026-01-11;Valladolid;Mujer;60-69;8413;22.56040331;VA
2026-01-11;Valladolid;Mujer;>89;4883;75.41312741;VA
2026-01-11;Valladolid;Hombre;20-29;353;1.434609445;VA
2026-01-11;Valladolid;Hombre;30-39;645;2.396166134;VA
2026-01-11;Valladolid;Hombre;80-89;9042;70.95660363;VA
2026-01-11;Zamora;Hombre;0-4;0;0.0;ZA
2026-01-11;Zamora;Hombre;13-19;12;0.266134398;ZA
2026-01-11;Zamora;Hombre;20-29;59;0.842255532;ZA
2026-01-11;Zamora;Hombre;70-79;4258;42.49925142;ZA
2026-01-11;Zamora;Mujer;20-29;78;1.211556384;ZA
2026-01-11;Zamora;Mujer;40-49;354;3.268698061;ZA
2026-01-11;Zamora;Mujer;80-89;4432;49.92677706;ZA
2026-01-11;Zamora;Mujer;>89;2354;66.04938272;ZA
2026-01-11;Zamora;Hombre;05-12;7;0.159308147;ZA
2026-01-11;Zamora;Hombre;30-39;115;1.396817685;ZA
2026-01-11;Zamora;Hombre;60-69;2105;15.39643066;ZA
2026-01-11;Zamora;Hombre;80-89;3528;57.31925264;ZA
2026-01-11;Zamora;Mujer;0-4;0;0.0;ZA
2026-01-11;Zamora;Mujer;05-12;4;0.099850225;ZA
2026-01-11;Zamora;Mujer;30-39;186;2.434554974;ZA
2026-01-11;Zamora;Mujer;60-69;1680;12.97497683;ZA
2026-01-11;Zamora;Mujer;70-79;3612;33.92186326;ZA
2026-01-11;Zamora;Hombre;40-49;270;2.359521105;ZA
2026-01-11;Zamora;Hombre;50-59;609;4.636114495;ZA
2026-01-11;Zamora;Hombre;>89;1268;68.76355748;ZA
2026-01-11;Zamora;Mujer;13-19;16;0.375322543;ZA
2026-01-11;Zamora;Mujer;50-59;665;5.231277533;ZA
2026-01-04;Ávila;Hombre;0-4;2;0.080515298;AV
2026-01-04;Ávila;Hombre;50-59;703;5.486186983;AV
2026-01-04;Ávila;Hombre;70-79;3676;43.65795724;AV
2026-01-04;Ávila;Hombre;80-89;2559;54.62113127;AV
2026-01-04;Ávila;Mujer;0-4;0;0.0;AV
2026-01-04;Ávila;Mujer;05-12;4;0.08097166;AV
2026-01-04;Ávila;Mujer;13-19;25;0.495343769;AV
2026-01-04;Ávila;Mujer;80-89;3132;49.06015038;AV
2026-01-04;Ávila;Mujer;>89;1630;58.3392985;AV
2026-01-04;Ávila;Hombre;13-19;36;0.654426468;AV
2026-01-04;Ávila;Hombre;40-49;300;2.601682421;AV
2026-01-04;Ávila;Hombre;60-69;2204;17.58978452;AV
2026-01-04;Ávila;Mujer;20-29;112;1.601601602;AV
2026-01-04;Ávila;Mujer;40-49;375;3.408161411;AV
2026-01-04;Ávila;Mujer;50-59;795;6.399935598;AV
2026-01-04;Ávila;Mujer;60-69;1931;16.74761492;AV
2026-01-04;Ávila;Hombre;05-12;9;0.167130919;AV
2026-01-04;Ávila;Hombre;20-29;86;1.144834931;AV
2026-01-04;Ávila;Hombre;30-39;138;1.650717703;AV
2026-01-04;Ávila;Hombre;>89;868;63.21922797;AV
2026-01-04;Ávila;Mujer;30-39;206;2.581453634;AV
2026-01-04;Ávila;Mujer;70-79;3138;37.05715635;AV
2026-01-04;Burgos;Hombre;50-59;1474;5.123926722;BU
2026-01-04;Burgos;Hombre;70-79;8427;46.12479475;BU
2026-01-04;Burgos;Hombre;>89;1662;72.16673904;BU
2026-01-04;Burgos;Mujer;20-29;255;1.61259723;BU
2026-01-04;Burgos;Hombre;0-4;4;0.068787618;BU
2026-01-04;Burgos;Hombre;05-12;21;0.16634981;BU
2026-01-04;Burgos;Hombre;13-19;70;0.552660666;BU
2026-01-04;Burgos;Hombre;60-69;4637;17.8250173;BU
2026-01-04;Burgos;Mujer;0-4;4;0.072966071;BU
2026-01-04;Burgos;Mujer;05-12;12;0.100764128;BU
2026-01-04;Burgos;Mujer;40-49;876;3.389305889;BU
2026-01-04;Burgos;Mujer;50-59;1683;6.01135836;BU
2026-01-04;Burgos;Mujer;70-79;7270;38.58606231;BU
2026-01-04;Burgos;Hombre;20-29;136;0.773210529;BU
2026-01-04;Burgos;Hombre;30-39;253;1.287073307;BU
2026-01-04;Burgos;Hombre;40-49;638;2.356417359;BU
2026-01-04;Burgos;Hombre;80-89;5871;64.91596639;BU
2026-01-04;Burgos;Mujer;13-19;66;0.555134999;BU
2026-01-04;Burgos;Mujer;30-39;451;2.454421769;BU
2026-01-04;Burgos;Mujer;60-69;4036;16.0426107;BU
2026-01-04;Burgos;Mujer;80-89;7348;56.9259374;BU
2026-01-04;Burgos;Mujer;>89;4079;71.58652159;BU
2026-01-04;Castilla y León;Hombre;40-49;4987;3.858498424;Castilla y LE
2026-01-04;Castilla y León;Hombre;60-69;33942;17.05687902;Castilla y LE
2026-01-04;Castilla y León;Mujer;30-39;3744;2.407670484;Castilla y LE
2026-01-04;Castilla y León;Mujer;50-59;12412;6.194678626;Castilla y LE
2026-01-04;Castilla y León;Hombre;05-12;163;0.168159136;Castilla y LE
2026-01-04;Castilla y León;Hombre;20-29;1164;1.785046281;Castilla y LE
2026-01-04;Castilla y León;Hombre;70-79;57000;37.89824026;Castilla y LE
2026-01-04;Castilla y León;Hombre;80-89;40932;53.95398919;Castilla y LE
2026-01-04;Castilla y León;Hombre;>89;12851;68.97167961;Castilla y LE
2026-01-04;Castilla y León;Mujer;0-4;32;0.096817826;Castilla y LE
2026-01-04;Castilla y León;Mujer;13-19;495;0.66252804;Castilla y LE
2026-01-04;Castilla y León;Mujer;20-29;1891;1.390640065;Castilla y LE
2026-01-04;Castilla y León;Hombre;0-4;38;0.088282032;Castilla y LE
2026-01-04;Castilla y León;Hombre;13-19;526;0.661690539;Castilla y LE
2026-01-04;Castilla y León;Hombre;30-39;2173;3.12772523;Castilla y LE
2026-01-04;Castilla y León;Hombre;50-59;11199;6.51727623;Castilla y LE
2026-01-04;Castilla y León;Mujer;05-12;124;0.189343785;Castilla y LE
2026-01-04;Castilla y León;Mujer;40-49;6645;3.342487408;Castilla y LE
2026-01-04;Castilla y León;Mujer;60-69;30109;18.13412571;Castilla y LE
2026-01-04;Castilla y León;Mujer;70-79;51272;41.89768272;Castilla y LE
2026-01-04;Castilla y León;Mujer;80-89;52203;57.14575509;Castilla y LE
2026-01-04;Castilla y León;Mujer;>89;27814;69.75773913;Castilla y LE
2026-01-04;León;Hombre;40-49;699;2.173102033;LE
2026-01-04;León;Hombre;50-59;1655;4.642226025;LE
2026-01-04;León;Mujer;05-12;23;0.188354762;LE
2026-01-04;León;Mujer;20-29;206;1.150195422;LE
2026-01-04;León;Mujer;30-39;529;2.451798294;LE
2026-01-04;León;Mujer;80-89;9651;47.56999211;LE
2026-01-04;León;Hombre;0-4;6;0.098199673;LE
2026-01-04;León;Hombre;13-19;48;0.363306085;LE
2026-01-04;León;Hombre;70-79;9597;40.58614565;LE
2026-01-04;León;Hombre;80-89;7265;55.33130236;LE
2026-01-04;León;Mujer;13-19;45;0.354386518;LE
2026-01-04;León;Mujer;40-49;949;2.938353407;LE
2026-01-04;León;Mujer;50-59;1801;4.971704624;LE
2026-01-04;León;Mujer;60-69;4838;13.65470915;LE
2026-01-04;León;Mujer;70-79;8833;32.70149198;LE
2026-01-04;León;Hombre;05-12;20;0.152613506;LE
2026-01-04;León;Hombre;20-29;123;0.636316606;LE
2026-01-04;León;Hombre;30-39;279;1.227344712;LE
2026-01-04;León;Hombre;60-69;5700;16.30341514;LE
2026-01-04;León;Hombre;>89;2574;68.07722825;LE
2026-01-04;León;Mujer;0-4;6;0.106496273;LE
2026-01-04;León;Mujer;>89;5547;63.78794848;LE
2026-01-04;Palencia;Hombre;50-59;803;6.342311034;PA
2026-01-04;Palencia;Mujer;30-39;229;2.925769771;PA
2026-01-04;Palencia;Mujer;60-69;1831;14.51331642;PA
2026-01-04;Palencia;Mujer;80-89;3165;51.58083442;PA
2026-01-04;Palencia;Mujer;>89;1927;68.09187279;PA
2026-01-04;Palencia;Hombre;0-4;5;0.209643606;PA
2026-01-04;Palencia;Hombre;05-12;13;0.255202199;PA
2026-01-04;Palencia;Hombre;20-29;103;1.467863759;PA
2026-01-04;Palencia;Hombre;60-69;2205;17.14618974;PA
2026-01-04;Palencia;Hombre;70-79;3914;45.6283516;PA
2026-01-04;Palencia;Hombre;80-89;2448;60.72934756;PA
2026-01-04;Palencia;Hombre;>89;761;70.79069767;PA
2026-01-04;Palencia;Mujer;0-4;4;0.179937022;PA
2026-01-04;Palencia;Mujer;13-19;26;0.568678915;PA
2026-01-04;Palencia;Mujer;40-49;419;3.828931737;PA
2026-01-04;Palencia;Mujer;70-79;3211;35.49635198;PA
2026-01-04;Palencia;Hombre;13-19;35;0.726442507;PA
2026-01-04;Palencia;Hombre;30-39;165;1.944608132;PA
2026-01-04;Palencia;Hombre;40-49;348;3.069053708;PA
2026-01-04;Palencia;Mujer;05-12;17;0.360016942;PA
2026-01-04;Palencia;Mujer;20-29;88;1.33393967;PA
2026-01-04;Palencia;Mujer;50-59;799;6.544888598;PA
2026-01-04;Salamanca;Hombre;0-4;8;0.166320166;SA
2026-01-04;Salamanca;Hombre;20-29;157;1.007443532;SA
2026-01-04;Salamanca;Hombre;50-59;1466;5.798591884;SA
2026-01-04;Salamanca;Hombre;70-79;7365;44.32741499;SA
2026-01-04;Salamanca;Mujer;60-69;3756;15.45106751;SA
2026-01-04;Salamanca;Mujer;80-89;7475;51.60154632;SA
2026-01-04;Salamanca;Mujer;>89;4223;69.41157133;SA
2026-01-04;Salamanca;Hombre;05-12;32;0.318028225;SA
2026-01-04;Salamanca;Hombre;13-19;66;0.619951155;SA
2026-01-04;Salamanca;Hombre;40-49;701;3.159080667;SA
2026-01-04;Salamanca;Hombre;60-69;4205;17.65323258;SA
2026-01-04;Salamanca;Hombre;80-89;5810;58.08257523;SA
2026-01-04;Salamanca;Mujer;13-19;75;0.743752479;SA
2026-01-04;Salamanca;Mujer;30-39;600;3.627788863;SA
2026-01-04;Salamanca;Mujer;40-49;966;4.299065421;SA
2026-01-04;Salamanca;Mujer;50-59;1706;6.418601151;SA
2026-01-04;Salamanca;Mujer;70-79;6957;36.31949883;SA
2026-01-04;Salamanca;Hombre;30-39;336;2.00238379;SA
2026-01-04;Salamanca;Hombre;>89;2021;69.64162646;SA
2026-01-04;Salamanca;Mujer;0-4;8;0.178412132;SA
2026-01-04;Salamanca;Mujer;05-12;15;0.155827966;SA
2026-01-04;Salamanca;Mujer;20-29;317;2.107432522;SA
2026-01-04;Segovia;Hombre;13-19;49;0.875625447;SE
2026-01-04;Segovia;Hombre;20-29;92;1.1215409;SE
2026-01-04;Segovia;Hombre;80-89;2524;67.90422384;SE
2026-01-04;Segovia;Hombre;>89;875;82.46936852;SE
2026-01-04;Segovia;Mujer;13-19;39;0.741303935;SE
2026-01-04;Segovia;Mujer;60-69;2395;22.77048869;SE
2026-01-04;Segovia;Mujer;70-79;3326;46.46549315;SE
2026-01-04;Segovia;Hombre;05-12;13;0.234530038;SE
2026-01-04;Segovia;Hombre;40-49;353;3.031083634;SE
2026-01-04;Segovia;Hombre;50-59;861;6.656873357;SE
2026-01-04;Segovia;Hombre;60-69;2568;22.59568852;SE
2026-01-04;Segovia;Mujer;05-12;15;0.286095747;SE
2026-01-04;Segovia;Mujer;30-39;286;3.48865577;SE
2026-01-04;Segovia;Mujer;50-59;1084;8.699141321;SE
2026-01-04;Segovia;Mujer;>89;1843;76.06273215;SE
2026-01-04;Segovia;Hombre;0-4;1;0.037481259;SE
2026-01-04;Segovia;Hombre;30-39;153;1.738636364;SE
2026-01-04;Segovia;Hombre;70-79;3774;54.09977064;SE
2026-01-04;Segovia;Mujer;0-4;2;0.079840319;SE
2026-01-04;Segovia;Mujer;20-29;173;2.287452069;SE
2026-01-04;Segovia;Mujer;40-49;530;4.707763368;SE
2026-01-04;Segovia;Mujer;80-89;3408;61.70559479;SE
2026-01-04;Soria;Hombre;0-4;1;0.06377551;SO
2026-01-04;Soria;Hombre;13-19;8;0.263071358;SO
2026-01-04;Soria;Hombre;40-49;169;2.584888345;SO
2026-01-04;Soria;Hombre;60-69;1371;20.74757869;SO
2026-01-04;Soria;Hombre;80-89;1812;70.15098722;SO
2026-01-04;Soria;Hombre;>89;691;77.55331089;SO
2026-01-04;Soria;Mujer;0-4;0;0.0;SO
2026-01-04;Soria;Mujer;05-12;0;0.0;SO
2026-01-04;Soria;Mujer;13-19;11;0.392716887;SO
2026-01-04;Soria;Mujer;40-49;219;3.611477573;SO
2026-01-04;Soria;Mujer;50-59;496;7.395258685;SO
2026-01-04;Soria;Mujer;80-89;2226;62.86359785;SO
2026-01-04;Soria;Mujer;>89;1308;75.82608696;SO
2026-01-04;Soria;Hombre;05-12;1;0.032268474;SO
2026-01-04;Soria;Hombre;20-29;33;0.7132051;SO
2026-01-04;Soria;Hombre;30-39;69;1.369047619;SO
2026-01-04;Soria;Hombre;50-59;433;5.918534718;SO
2026-01-04;Soria;Hombre;70-79;2192;49.57033017;SO
2026-01-04;Soria;Mujer;20-29;66;1.569560048;SO
2026-01-04;Soria;Mujer;30-39;141;3.019271949;SO
2026-01-04;Soria;Mujer;60-69;1111;18.64719705;SO
2026-01-04;Soria;Mujer;70-79;1933;44.32469617;SO
2026-01-04;Valladolid;Hombre;13-19;200;1.052188552;VA
2026-01-04;Valladolid;Hombre;20-29;350;1.422417297;VA
2026-01-04;Valladolid;Hombre;>89;2122;77.90014684;VA
2026-01-04;Valladolid;Mujer;0-4;6;0.074524904;VA
2026-01-04;Valladolid;Mujer;13-19;189;1.065388952;VA
2026-01-04;Valladolid;Mujer;30-39;1103;4.16997467;VA
2026-01-04;Valladolid;Mujer;60-69;8404;22.5362688;VA
2026-01-04;Valladolid;Mujer;80-89;11279;61.15599414;VA
2026-01-04;Valladolid;Hombre;05-12;47;0.252728935;VA
2026-01-04;Valladolid;Hombre;40-49;1486;3.619358453;VA
2026-01-04;Valladolid;Hombre;50-59;3166;7.604727133;VA
2026-01-04;Valladolid;Hombre;70-79;13613;52.80859648;VA
2026-01-04;Valladolid;Hombre;80-89;9036;70.90951895;VA
2026-01-04;Valladolid;Mujer;05-12;33;0.187542623;VA
2026-01-04;Valladolid;Mujer;20-29;566;2.388790411;VA
2026-01-04;Valladolid;Mujer;50-59;3353;7.859637608;VA
2026-01-04;Valladolid;Hombre;0-4;11;0.131327603;VA
2026-01-04;Valladolid;Hombre;30-39;643;2.388736162;VA
2026-01-04;Valladolid;Hombre;60-69;8804;25.82196803;VA
2026-01-04;Valladolid;Mujer;40-49;1937;4.728773009;VA
2026-01-04;Valladolid;Mujer;70-79;12851;42.52763254;VA
2026-01-04;Valladolid;Mujer;>89;4878;75.33590734;VA
2026-01-04;Zamora;Hombre;20-29;59;0.842255532;ZA
2026-01-04;Zamora;Hombre;50-59;608;4.628501827;ZA
2026-01-04;Zamora;Hombre;60-69;2102;15.374488;ZA
2026-01-04;Zamora;Hombre;80-89;3526;57.28675873;ZA
2026-01-04;Zamora;Hombre;>89;1267;68.70932755;ZA
2026-01-04;Zamora;Mujer;0-4;0;0.0;ZA
2026-01-04;Zamora;Mujer;05-12;4;0.099850225;ZA
2026-01-04;Zamora;Mujer;20-29;78;1.211556384;ZA
2026-01-04;Zamora;Mujer;50-59;664;5.22341095;ZA
2026-01-04;Zamora;Mujer;80-89;4428;49.8817168;ZA
2026-01-04;Zamora;Mujer;>89;2353;66.02132435;ZA
2026-01-04;Zamora;Hombre;0-4;0;0.0;ZA
2026-01-04;Zamora;Hombre;30-39;115;1.396817685;ZA
2026-01-04;Zamora;Hombre;40-49;269;2.350782138;ZA
2026-01-04;Zamora;Hombre;70-79;4256;42.47928935;ZA
2026-01-04;Zamora;Mujer;13-19;16;0.375322543;ZA
2026-01-04;Zamora;Mujer;30-39;185;2.421465969;ZA
2026-01-04;Zamora;Hombre;05-12;7;0.159308147;ZA
2026-01-04;Zamora;Hombre;13-19;12;0.266134398;ZA
2026-01-04;Zamora;Mujer;40-49;353;3.259464451;ZA
2026-01-04;Zamora;Mujer;60-69;1677;12.95180723;ZA
2026-01-04;Zamora;Mujer;70-79;3608;33.88429752;ZA
2025-12-28;Ávila;Hombre;0-4;2;0.080515298;AV
2025-12-28;Ávila;Hombre;20-29;85;1.131522897;AV
2025-12-28;Ávila;Hombre;70-79;3674;43.63420428;AV
2025-12-28;Ávila;Hombre;80-89;2555;54.5357524;AV
2025-12-28;Ávila;Mujer;70-79;3137;37.04534719;AV
2025-12-28;Ávila;Mujer;80-89;3126;48.96616541;AV
2025-12-28;Ávila;Hombre;30-39;138;1.650717703;AV
2025-12-28;Ávila;Hombre;40-49;300;2.601682421;AV
2025-12-28;Ávila;Hombre;60-69;2200;17.55786113;AV
2025-12-28;Ávila;Hombre;>89;865;63.00072833;AV
2025-12-28;Ávila;Mujer;05-12;4;0.08097166;AV
2025-12-28;Ávila;Mujer;13-19;25;0.495343769;AV
2025-12-28;Ávila;Mujer;30-39;205;2.568922306;AV
2025-12-28;Ávila;Mujer;40-49;375;3.408161411;AV
2025-12-28;Ávila;Mujer;>89;1626;58.19613457;AV
2025-12-28;Ávila;Hombre;05-12;9;0.167130919;AV
2025-12-28;Ávila;Hombre;13-19;34;0.618069442;AV
2025-12-28;Ávila;Hombre;50-59;703;5.486186983;AV
2025-12-28;Ávila;Mujer;0-4;0;0.0;AV
2025-12-28;Ávila;Mujer;20-29;109;1.558701559;AV
2025-12-28;Ávila;Mujer;50-59;793;6.383835131;AV
2025-12-28;Ávila;Mujer;60-69;1928;16.72159584;AV
2025-12-28;Burgos;Hombre;0-4;4;0.068787618;BU
2025-12-28;Burgos;Hombre;20-29;135;0.767525158;BU
2025-12-28;Burgos;Hombre;30-39;252;1.281986061;BU
2025-12-28;Burgos;Hombre;40-49;635;2.345337027;BU
2025-12-28;Burgos;Hombre;80-89;5867;64.87173817;BU
2025-12-28;Burgos;Mujer;13-19;63;0.52990159;BU
2025-12-28;Burgos;Mujer;20-29;253;1.599949409;BU
2025-12-28;Burgos;Hombre;05-12;21;0.16634981;BU
2025-12-28;Burgos;Hombre;>89;1661;72.12331741;BU
2025-12-28;Burgos;Mujer;05-12;12;0.100764128;BU
2025-12-28;Burgos;Mujer;50-59;1675;5.98278387;BU
2025-12-28;Burgos;Mujer;70-79;7262;38.54360172;BU
2025-12-28;Burgos;Mujer;80-89;7344;56.89494887;BU
2025-12-28;Burgos;Mujer;>89;4075;71.51632152;BU
2025-12-28;Burgos;Hombre;13-19;70;0.552660666;BU
2025-12-28;Burgos;Hombre;50-59;1471;5.113498105;BU
2025-12-28;Burgos;Hombre;60-69;4626;17.78273237;BU
2025-12-28;Burgos;Hombre;70-79;8417;46.07006021;BU
2025-12-28;Burgos;Mujer;0-4;4;0.072966071;BU
2025-12-28;Burgos;Mujer;30-39;447;2.432653061;BU
2025-12-28;Burgos;Mujer;40-49;873;3.377698677;BU
2025-12-28;Burgos;Mujer;60-69;4026;16.00286191;BU
2025-12-28;Castilla y León;Hombre;0-4;38;0.088282032;Castilla y LE
2025-12-28;Castilla y León;Hombre;05-12;161;0.165424841;Castilla y LE
2025-12-28;Castilla y León;Hombre;30-39;2162;3.117662843;Castilla y LE
2025-12-28;Castilla y León;Hombre;50-59;11175;6.496220496;Castilla y LE
2025-12-28;Castilla y León;Hombre;70-79;56943;37.85376484;Castilla y LE
2025-12-28;Castilla y León;Hombre;80-89;40889;53.90843393;Castilla y LE
2025-12-28;Castilla y León;Hombre;>89;12845;68.93196654;Castilla y LE
2025-12-28;Castilla y León;Mujer;0-4;32;0.096817826;Castilla y LE
2025-12-28;Castilla y León;Mujer;13-19;487;0.653398717;Castilla y LE
2025-12-28;Castilla y León;Mujer;30-39;3731;2.398254326;Castilla y LE
2025-12-28;Castilla y León;Mujer;40-49;6623;3.329794783;Castilla y LE
2025-12-28;Castilla y León;Mujer;70-79;51213;41.85226876;Castilla y LE
2025-12-28;Castilla y León;Mujer;>89;27798;69.71996635;Castilla y LE
2025-12-28;Castilla y León;Hombre;13-19;520;0.650931343;Castilla y LE
2025-12-28;Castilla y León;Hombre;40-49;4965;3.845683363;Castilla y LE
2025-12-28;Castilla y León;Hombre;60-69;33872;17.0324137;Castilla y LE
2025-12-28;Castilla y León;Mujer;05-12;122;0.18669562;Castilla y LE
2025-12-28;Castilla y León;Hombre;20-29;1158;1.762025802;Castilla y LE
2025-12-28;Castilla y León;Mujer;20-29;1867;1.376733665;Castilla y LE
2025-12-28;Castilla y León;Mujer;50-59;12371;6.177843831;Castilla y LE
2025-12-28;Castilla y León;Mujer;60-69;30066;18.10227903;Castilla y LE
2025-12-28;Castilla y León;Mujer;80-89;52159;57.09227488;Castilla y LE
2025-12-28;León;Hombre;40-49;692;2.151339924;LE
2025-12-28;León;Hombre;50-59;1650;4.628201172;LE
2025-12-28;León;Hombre;70-79;9584;40.53116806;LE
2025-12-28;León;Hombre;80-89;7258;55.27798934;LE
2025-12-28;León;Hombre;>89;2573;68.05078022;LE
2025-12-28;León;Mujer;05-12;22;0.180165425;LE
2025-12-28;León;Mujer;50-59;1798;4.96342305;LE
2025-12-28;León;Mujer;>89;5547;63.78794848;LE
2025-12-28;León;Hombre;13-19;48;0.363306085;LE
2025-12-28;León;Hombre;60-69;5690;16.27481265;LE
2025-12-28;León;Mujer;13-19;43;0.338636006;LE
2025-12-28;León;Mujer;20-29;205;1.144611949;LE
2025-12-28;León;Mujer;60-69;4834;13.6434196;LE
2025-12-28;León;Mujer;80-89;9641;47.52070189;LE
2025-12-28;León;Hombre;0-4;6;0.098199673;LE
2025-12-28;León;Hombre;05-12;20;0.152613506;LE
2025-12-28;León;Hombre;20-29;122;0.631143301;LE
2025-12-28;León;Hombre;30-39;276;1.214147457;LE
2025-12-28;León;Mujer;0-4;6;0.106496273;LE
2025-12-28;León;Mujer;30-39;528;2.447163515;LE
2025-12-28;León;Mujer;40-49;947;2.932160882;LE
2025-12-28;León;Mujer;70-79;8820;32.65336344;LE
2025-12-28;Palencia;Hombre;05-12;13;0.255202199;PA
2025-12-28;Palencia;Hombre;13-19;35;0.726442507;PA
2025-12-28;Palencia;Hombre;30-39;165;1.944608132;PA
2025-12-28;Palencia;Hombre;50-59;800;6.318616223;PA
2025-12-28;Palencia;Hombre;60-69;2201;17.11508554;PA
2025-12-28;Palencia;Hombre;80-89;2439;60.5060779;PA
2025-12-28;Palencia;Mujer;13-19;25;0.546806649;PA
2025-12-28;Palencia;Mujer;30-39;229;2.925769771;PA
2025-12-28;Palencia;Mujer;60-69;1827;14.48161065;PA
2025-12-28;Palencia;Mujer;70-79;3208;35.46318815;PA
2025-12-28;Palencia;Mujer;80-89;3163;51.5482399;PA
2025-12-28;Palencia;Mujer;>89;1927;68.09187279;PA
2025-12-28;Palencia;Hombre;20-29;103;1.467863759;PA
2025-12-28;Palencia;Hombre;40-49;348;3.069053708;PA
2025-12-28;Palencia;Hombre;>89;761;70.79069767;PA
2025-12-28;Palencia;Mujer;0-4;4;0.179937022;PA
2025-12-28;Palencia;Mujer;05-12;17;0.360016942;PA
2025-12-28;Palencia;Mujer;40-49;415;3.79237869;PA
2025-12-28;Palencia;Hombre;0-4;5;0.209643606;PA
2025-12-28;Palencia;Hombre;70-79;3907;45.54674749;PA
2025-12-28;Palencia;Mujer;20-29;88;1.33393967;PA
2025-12-28;Palencia;Mujer;50-59;795;6.512123198;PA
2025-12-28;Salamanca;Hombre;05-12;32;0.318028225;SA
2025-12-28;Salamanca;Hombre;20-29;155;0.994609856;SA
2025-12-28;Salamanca;Hombre;30-39;332;1.978545888;SA
2025-12-28;Salamanca;Mujer;0-4;8;0.178412132;SA
2025-12-28;Salamanca;Mujer;05-12;15;0.155827966;SA
2025-12-28;Salamanca;Mujer;30-39;597;3.609649918;SA
2025-12-28;Salamanca;Mujer;60-69;3750;15.42638529;SA
2025-12-28;Salamanca;Mujer;70-79;6948;36.2725137;SA
2025-12-28;Salamanca;Hombre;70-79;7361;44.30334036;SA
2025-12-28;Salamanca;Hombre;80-89;5807;58.05258422;SA
2025-12-28;Salamanca;Mujer;13-19;73;0.72391908;SA
2025-12-28;Salamanca;Mujer;40-49;960;4.272363151;SA
2025-12-28;Salamanca;Mujer;80-89;7469;51.56012702;SA
2025-12-28;Salamanca;Hombre;0-4;8;0.166320166;SA
2025-12-28;Salamanca;Hombre;13-19;64;0.601164757;SA
2025-12-28;Salamanca;Hombre;40-49;697;3.141054529;SA
2025-12-28;Salamanca;Hombre;50-59;1462;5.78277035;SA
2025-12-28;Salamanca;Hombre;60-69;4196;17.6154492;SA
2025-12-28;Salamanca;Hombre;>89;2020;69.60716747;SA
2025-12-28;Salamanca;Mujer;20-29;308;2.047600053;SA
2025-12-28;Salamanca;Mujer;50-59;1698;6.388502201;SA
2025-12-28;Salamanca;Mujer;>89;4219;69.34582512;SA
2025-12-28;Segovia;Mujer;20-29;169;2.234563004;SE
2025-12-28;Segovia;Mujer;40-49;529;4.698880796;SE
2025-12-28;Segovia;Mujer;60-69;2388;22.70393611;SE
2025-12-28;Segovia;Hombre;0-4;1;0.037481259;SE
2025-12-28;Segovia;Hombre;05-12;13;0.234530038;SE
2025-12-28;Segovia;Hombre;30-39;152;1.727272727;SE
2025-12-28;Segovia;Hombre;40-49;351;3.013910355;SE
2025-12-28;Segovia;Hombre;60-69;2555;22.48130224;SE
2025-12-28;Segovia;Mujer;0-4;2;0.079840319;SE
2025-12-28;Segovia;Mujer;30-39;286;3.48865577;SE
2025-12-28;Segovia;Mujer;50-59;1075;8.626915978;SE
2025-12-28;Segovia;Mujer;70-79;3315;46.31181894;SE
2025-12-28;Segovia;Mujer;80-89;3403;61.61506428;SE
2025-12-28;Segovia;Hombre;13-19;49;0.875625447;SE
2025-12-28;Segovia;Hombre;20-29;92;1.1215409;SE
2025-12-28;Segovia;Hombre;50-59;856;6.618215556;SE
2025-12-28;Segovia;Hombre;70-79;3761;53.91341743;SE
2025-12-28;Segovia;Hombre;80-89;2516;67.6889965;SE
2025-12-28;Segovia;Hombre;>89;874;82.37511781;SE
2025-12-28;Segovia;Mujer;05-12;15;0.286095747;SE
2025-12-28;Segovia;Mujer;13-19;39;0.741303935;SE
2025-12-28;Segovia;Mujer;>89;1841;75.98018985;SE
2025-12-28;Soria;Hombre;20-29;33;0.7132051;SO
2025-12-28;Soria;Hombre;30-39;69;1.369047619;SO
2025-12-28;Soria;Mujer;0-4;0;0.0;SO
2025-12-28;Soria;Mujer;13-19;11;0.392716887;SO
2025-12-28;Soria;Mujer;30-39;141;3.019271949;SO
2025-12-28;Soria;Hombre;05-12;1;0.032268474;SO
2025-12-28;Soria;Hombre;50-59;433;5.918534718;SO
2025-12-28;Soria;Hombre;80-89;1812;70.15098722;SO
2025-12-28;Soria;Mujer;05-12;0;0.0;SO
2025-12-28;Soria;Mujer;20-29;66;1.569560048;SO
2025-12-28;Soria;Mujer;60-69;1109;18.61362873;SO
2025-12-28;Soria;Mujer;70-79;1932;44.30176565;SO
2025-12-28;Soria;Hombre;0-4;1;0.06377551;SO
2025-12-28;Soria;Hombre;13-19;8;0.263071358;SO
2025-12-28;Soria;Hombre;40-49;169;2.584888345;SO
2025-12-28;Soria;Hombre;60-69;1371;20.74757869;SO
2025-12-28;Soria;Hombre;70-79;2191;49.54771597;SO
2025-12-28;Soria;Hombre;>89;691;77.55331089;SO
2025-12-28;Soria;Mujer;40-49;219;3.611477573;SO
2025-12-28;Soria;Mujer;50-59;495;7.380348889;SO
2025-12-28;Soria;Mujer;80-89;2226;62.86359785;SO
2025-12-28;Soria;Mujer;>89;1308;75.82608696;SO
2025-12-28;Valladolid;Hombre;05-12;45;0.241974512;VA
2025-12-28;Valladolid;Hombre;80-89;9030;70.86243428;VA
2025-12-28;Valladolid;Mujer;13-19;189;1.065388952;VA
2025-12-28;Valladolid;Mujer;50-59;3349;7.850261363;VA
2025-12-28;Valladolid;Mujer;70-79;12838;42.48461182;VA
2025-12-28;Valladolid;Mujer;>89;4878;75.33590734;VA
2025-12-28;Valladolid;Hombre;0-4;11;0.131327603;VA
2025-12-28;Valladolid;Hombre;30-39;641;2.381306189;VA
2025-12-28;Valladolid;Hombre;40-49;1481;3.607180262;VA
2025-12-28;Valladolid;Hombre;50-59;3162;7.595119139;VA
2025-12-28;Valladolid;Hombre;70-79;13607;52.78532082;VA
2025-12-28;Valladolid;Mujer;0-4;6;0.074524904;VA
2025-12-28;Valladolid;Mujer;30-39;1099;4.154852369;VA
2025-12-28;Valladolid;Mujer;40-49;1931;4.714125287;VA
2025-12-28;Valladolid;Mujer;60-69;8397;22.51749752;VA
2025-12-28;Valladolid;Mujer;80-89;11269;61.10177303;VA
2025-12-28;Valladolid;Hombre;13-19;198;1.041666667;VA
2025-12-28;Valladolid;Hombre;20-29;349;1.418353247;VA
2025-12-28;Valladolid;Hombre;60-69;8787;25.77210735;VA
2025-12-28;Valladolid;Hombre;>89;2122;77.90014684;VA
2025-12-28;Valladolid;Mujer;05-12;32;0.181859514;VA
2025-12-28;Valladolid;Mujer;20-29;562;2.3719085;VA
2025-12-28;Zamora;Hombre;0-4;0;0.0;ZA
2025-12-28;Zamora;Hombre;13-19;12;0.266134398;ZA
2025-12-28;Zamora;Hombre;70-79;4255;42.46930831;ZA
2025-12-28;Zamora;Hombre;>89;1268;68.76355748;ZA
2025-12-28;Zamora;Mujer;05-12;4;0.099850225;ZA
2025-12-28;Zamora;Mujer;20-29;77;1.19602361;ZA
2025-12-28;Zamora;Mujer;60-69;1677;12.95180723;ZA
2025-12-28;Zamora;Mujer;70-79;3607;33.87490609;ZA
2025-12-28;Zamora;Mujer;80-89;4427;49.87045173;ZA
2025-12-28;Zamora;Mujer;>89;2351;65.96520763;ZA
2025-12-28;Zamora;Hombre;30-39;115;1.396817685;ZA
2025-12-28;Zamora;Hombre;40-49;268;2.34204317;ZA
2025-12-28;Zamora;Hombre;50-59;608;4.628501827;ZA
2025-12-28;Zamora;Hombre;60-69;2101;15.36717379;ZA
2025-12-28;Zamora;Hombre;80-89;3524;57.25426483;ZA
2025-12-28;Zamora;Mujer;0-4;0;0.0;ZA
2025-12-28;Zamora;Mujer;13-19;16;0.375322543;ZA
2025-12-28;Zamora;Mujer;50-59;663;5.215544368;ZA
2025-12-28;Zamora;Hombre;05-12;7;0.159308147;ZA
2025-12-28;Zamora;Hombre;20-29;59;0.842255532;ZA
2025-12-28;Zamora;Mujer;30-39;186;2.434554974;ZA
2025-12-28;Zamora;Mujer;40-49;353;3.259464451;ZA
2025-12-21;Ávila;Hombre;0-4;2;0.080515298;AV
2025-12-21;Ávila;Hombre;05-12;9;0.167130919;AV
2025-12-21;Ávila;Hombre;30-39;138;1.650717703;AV
2025-12-21;Ávila;Hombre;40-49;297;2.575665597;AV
2025-12-21;Ávila;Hombre;60-69;2194;17.50997606;AV
2025-12-21;Ávila;Hombre;80-89;2552;54.47171825;AV
2025-12-21;Ávila;Mujer;60-69;1925;16.69557676;AV
2025-12-21;Ávila;Mujer;>89;1626;58.19613457;AV
2025-12-21;Ávila;Hombre;50-59;701;5.470579054;AV
2025-12-21;Ávila;Mujer;0-4;0;0.0;AV
2025-12-21;Ávila;Mujer;05-12;4;0.08097166;AV
2025-12-21;Ávila;Mujer;30-39;204;2.556390977;AV
2025-12-21;Ávila;Mujer;50-59;792;6.375784898;AV
2025-12-21;Ávila;Mujer;80-89;3123;48.91917293;AV
2025-12-21;Ávila;Hombre;13-19;34;0.618069442;AV
2025-12-21;Ávila;Hombre;20-29;85;1.131522897;AV
2025-12-21;Ávila;Hombre;70-79;3670;43.58669834;AV
2025-12-21;Ávila;Hombre;>89;864;62.92789512;AV
2025-12-21;Ávila;Mujer;13-19;24;0.475530018;AV
2025-12-21;Ávila;Mujer;20-29;107;1.53010153;AV
2025-12-21;Ávila;Mujer;40-49;371;3.371807689;AV
2025-12-21;Ávila;Mujer;70-79;3133;36.99811053;AV
2025-12-21;Burgos;Hombre;05-12;21;0.16634981;BU
2025-12-21;Burgos;Hombre;13-19;70;0.552660666;BU
2025-12-21;Burgos;Hombre;20-29;132;0.750469043;BU
2025-12-21;Burgos;Hombre;60-69;4619;17.75582379;BU
2025-12-21;Burgos;Hombre;70-79;8396;45.95511768;BU
2025-12-21;Burgos;Mujer;30-39;443;2.410884354;BU
2025-12-21;Burgos;Mujer;40-49;866;3.350615182;BU
2025-12-21;Burgos;Mujer;50-59;1670;5.964924813;BU
2025-12-21;Burgos;Mujer;60-69;4017;15.967088;BU
2025-12-21;Burgos;Hombre;0-4;4;0.068787618;BU
2025-12-21;Burgos;Hombre;30-39;249;1.266724322;BU
2025-12-21;Burgos;Hombre;40-49;633;2.337950139;BU
2025-12-21;Burgos;Hombre;>89;1659;72.03647416;BU
2025-12-21;Burgos;Mujer;13-19;62;0.521490453;BU
2025-12-21;Burgos;Mujer;>89;4071;71.44612145;BU
2025-12-21;Burgos;Hombre;50-59;1458;5.068307436;BU
2025-12-21;Burgos;Hombre;80-89;5861;64.80539584;BU
2025-12-21;Burgos;Mujer;0-4;4;0.072966071;BU
2025-12-21;Burgos;Mujer;05-12;12;0.100764128;BU
2025-12-21;Burgos;Mujer;20-29;250;1.580977677;BU
2025-12-21;Burgos;Mujer;70-79;7239;38.42152752;BU
2025-12-21;Burgos;Mujer;80-89;7333;56.8097304;BU
2025-12-21;Castilla y León;Hombre;0-4;38;0.085339297;Castilla y LE
2025-12-21;Castilla y León;Hombre;20-29;1143;1.731331831;Castilla y LE
2025-12-21;Castilla y León;Hombre;60-69;33747;16.97665553;Castilla y LE
2025-12-21;Castilla y León;Mujer;0-4;31;0.095394034;Castilla y LE
2025-12-21;Castilla y León;Mujer;30-39;3711;2.380650206;Castilla y LE
2025-12-21;Castilla y León;Mujer;80-89;52042;56.96871715;Castilla y LE
2025-12-21;Castilla y León;Hombre;30-39;2139;3.100892198;Castilla y LE
2025-12-21;Castilla y León;Hombre;70-79;56811;37.75814271;Castilla y LE
2025-12-21;Castilla y León;Hombre;>89;12816;68.6415647;Castilla y LE
2025-12-21;Castilla y León;Mujer;13-19;479;0.642965204;Castilla y LE
2025-12-21;Castilla y León;Mujer;20-29;1835;1.35494697;Castilla y LE
2025-12-21;Castilla y León;Mujer;>89;27681;69.46929245;Castilla y LE
2025-12-21;Castilla y León;Hombre;05-12;161;0.165424841;Castilla y LE
2025-12-21;Castilla y León;Hombre;13-19;512;0.640172147;Castilla y LE
2025-12-21;Castilla y León;Hombre;40-49;4928;3.816558224;Castilla y LE
2025-12-21;Castilla y León;Hombre;50-59;11104;6.464636894;Castilla y LE
2025-12-21;Castilla y León;Hombre;80-89;40805;53.78729837;Castilla y LE
2025-12-21;Castilla y León;Mujer;05-12;122;0.18669562;Castilla y LE
2025-12-21;Castilla y León;Mujer;40-49;6573;3.304698002;Castilla y LE
2025-12-21;Castilla y León;Mujer;50-59;12311;6.143385109;Castilla y LE
2025-12-21;Castilla y León;Mujer;60-69;29968;18.03887001;Castilla y LE
2025-12-21;Castilla y León;Mujer;70-79;51082;41.75173699;Castilla y LE
2025-12-21;León;Hombre;50-59;1637;4.591736557;LE
2025-12-21;León;Mujer;40-49;935;2.895005728;LE
2025-12-21;León;Mujer;80-89;9628;47.45662461;LE
2025-12-21;León;Hombre;0-4;6;0.098199673;LE
2025-12-21;León;Hombre;13-19;47;0.355737209;LE
2025-12-21;León;Hombre;20-29;119;0.615623383;LE
2025-12-21;León;Hombre;80-89;7241;55.14851485;LE
2025-12-21;León;Mujer;13-19;40;0.315010238;LE
2025-12-21;León;Mujer;20-29;200;1.116694584;LE
2025-12-21;León;Mujer;>89;5537;63.67295308;LE
2025-12-21;León;Hombre;05-12;20;0.152613506;LE
2025-12-21;León;Hombre;30-39;271;1.192152032;LE
2025-12-21;León;Hombre;40-49;683;2.12336007;LE
2025-12-21;León;Hombre;60-69;5652;16.16612322;LE
2025-12-21;León;Hombre;70-79;9547;40.37469339;LE
2025-12-21;León;Hombre;>89;2568;67.91854007;LE
2025-12-21;León;Mujer;0-4;6;0.106496273;LE
2025-12-21;León;Mujer;05-12;22;0.180165425;LE
2025-12-21;León;Mujer;30-39;527;2.442528736;LE
2025-12-21;León;Mujer;50-59;1783;4.922015183;LE
2025-12-21;León;Mujer;60-69;4807;13.56721515;LE
2025-12-21;León;Mujer;70-79;8795;32.56080856;LE
2025-12-21;Palencia;Hombre;05-12;13;0.255202199;PA
2025-12-21;Palencia;Hombre;20-29;102;1.453612655;PA
2025-12-21;Palencia;Hombre;50-59;798;6.302819682;PA
2025-12-21;Palencia;Hombre;70-79;3903;45.50011658;PA
2025-12-21;Palencia;Mujer;0-4;4;0.179937022;PA
2025-12-21;Palencia;Mujer;20-29;87;1.318781264;PA
2025-12-21;Palencia;Mujer;40-49;413;3.774102166;PA
2025-12-21;Palencia;Mujer;50-59;790;6.471166448;PA
2025-12-21;Palencia;Mujer;70-79;3206;35.44107893;PA
2025-12-21;Palencia;Hombre;80-89;2438;60.48127016;PA
2025-12-21;Palencia;Mujer;30-39;228;2.912993484;PA
2025-12-21;Palencia;Mujer;>89;1926;68.0565371;PA
2025-12-21;Palencia;Hombre;0-4;5;0.209643606;PA
2025-12-21;Palencia;Hombre;13-19;35;0.726442507;PA
2025-12-21;Palencia;Hombre;30-39;161;1.897466117;PA
2025-12-21;Palencia;Hombre;40-49;347;3.060234589;PA
2025-12-21;Palencia;Hombre;60-69;2193;17.05287714;PA
2025-12-21;Palencia;Hombre;>89;761;70.79069767;PA
2025-12-21;Palencia;Mujer;05-12;17;0.360016942;PA
2025-12-21;Palencia;Mujer;13-19;25;0.546806649;PA
2025-12-21;Palencia;Mujer;60-69;1822;14.44197844;PA
2025-12-21;Palencia;Mujer;80-89;3161;51.51564537;PA
2025-12-21;Salamanca;Hombre;20-29;155;0.994609856;SA
2025-12-21;Salamanca;Hombre;50-59;1454;5.751127284;SA
2025-12-21;Salamanca;Hombre;80-89;5795;57.93262021;SA
2025-12-21;Salamanca;Mujer;20-29;301;2.001063688;SA
2025-12-21;Salamanca;Mujer;30-39;594;3.591510974;SA
2025-12-21;Salamanca;Mujer;40-49;953;4.241210503;SA
2025-12-21;Salamanca;Mujer;70-79;6935;36.20464631;SA
2025-12-21;Salamanca;Hombre;05-12;32;0.318028225;SA
2025-12-21;Salamanca;Hombre;40-49;690;3.109508788;SA
2025-12-21;Salamanca;Hombre;60-69;4187;17.57766583;SA
2025-12-21;Salamanca;Hombre;70-79;7347;44.21907915;SA
2025-12-21;Salamanca;Mujer;13-19;72;0.71400238;SA
2025-12-21;Salamanca;Mujer;50-59;1690;6.358403251;SA
2025-12-21;Salamanca;Mujer;80-89;7456;51.4703852;SA
2025-12-21;Salamanca;Mujer;>89;4213;69.24720579;SA
2025-12-21;Salamanca;Hombre;0-4;8;0.166320166;SA
2025-12-21;Salamanca;Hombre;13-19;63;0.591771557;SA
2025-12-21;Salamanca;Hombre;30-39;327;1.94874851;SA
2025-12-21;Salamanca;Hombre;>89;2016;69.4693315;SA
2025-12-21;Salamanca;Mujer;0-4;7;0.156110616;SA
2025-12-21;Salamanca;Mujer;05-12;15;0.155827966;SA
2025-12-21;Salamanca;Mujer;60-69;3738;15.37702086;SA
2025-12-21;Segovia;Hombre;13-19;49;0.875625447;SE
2025-12-21;Segovia;Hombre;20-29;90;1.097159576;SE
2025-12-21;Segovia;Hombre;30-39;151;1.715909091;SE
2025-12-21;Segovia;Hombre;40-49;345;2.96239052;SE
2025-12-21;Segovia;Mujer;0-4;2;0.079840319;SE
2025-12-21;Segovia;Mujer;70-79;3306;46.1860855;SE
2025-12-21;Segovia;Mujer;80-89;3395;61.47021546;SE
2025-12-21;Segovia;Mujer;>89;1839;75.89764754;SE
2025-12-21;Segovia;Hombre;0-4;1;0.037481259;SE
2025-12-21;Segovia;Hombre;05-12;13;0.234530038;SE
2025-12-21;Segovia;Hombre;60-69;2540;22.34931808;SE
2025-12-21;Segovia;Hombre;>89;874;82.37511781;SE
2025-12-21;Segovia;Mujer;13-19;38;0.722296141;SE
2025-12-21;Segovia;Mujer;20-29;162;2.14200714;SE
2025-12-21;Segovia;Mujer;50-59;1069;8.578765749;SE
2025-12-21;Segovia;Mujer;60-69;2382;22.64689104;SE
2025-12-21;Segovia;Hombre;50-59;848;6.556363074;SE
2025-12-21;Segovia;Hombre;70-79;3751;53.77006881;SE
2025-12-21;Segovia;Hombre;80-89;2508;67.47376917;SE
2025-12-21;Segovia;Mujer;05-12;15;0.286095747;SE
2025-12-21;Segovia;Mujer;30-39;282;3.439863381;SE
2025-12-21;Segovia;Mujer;40-49;523;4.645585362;SE
2025-12-21;Soria;Hombre;60-69;1369;20.71731235;SO
2025-12-21;Soria;Hombre;80-89;1810;70.07355788;SO
2025-12-21;Soria;Hombre;>89;691;77.55331089;SO
2025-12-21;Soria;Mujer;0-4;0;0.0;SO
2025-12-21;Soria;Mujer;13-19;11;0.392716887;SO
2025-12-21;Soria;Mujer;20-29;66;1.569560048;SO
2025-12-21;Soria;Mujer;30-39;140;2.997858672;SO
2025-12-21;Soria;Mujer;40-49;219;3.611477573;SO
2025-12-21;Soria;Hombre;05-12;1;0.032268474;SO
2025-12-21;Soria;Hombre;70-79;2188;49.47987336;SO
2025-12-21;Soria;Mujer;70-79;1926;44.16418253;SO
2025-12-21;Soria;Hombre;0-4;1;0.06377551;SO
2025-12-21;Soria;Hombre;13-19;8;0.263071358;SO
2025-12-21;Soria;Hombre;20-29;33;0.7132051;SO
2025-12-21;Soria;Hombre;30-39;69;1.369047619;SO
2025-12-21;Soria;Hombre;40-49;168;2.569593148;SO
2025-12-21;Soria;Hombre;50-59;430;5.877528704;SO
2025-12-21;Soria;Mujer;05-12;0;0.0;SO
2025-12-21;Soria;Mujer;50-59;493;7.350529298;SO
2025-12-21;Soria;Mujer;60-69;1106;18.56327627;SO
2025-12-21;Soria;Mujer;80-89;2223;62.77887602;SO
2025-12-21;Soria;Mujer;>89;1308;75.82608696;SO
2025-12-21;Valladolid;Hombre;0-4;11;0.131327603;VA
2025-12-21;Valladolid;Hombre;30-39;637;2.366446244;VA
2025-12-21;Valladolid;Hombre;60-69;8757;25.68411791;VA
2025-12-21;Valladolid;Hombre;80-89;9007;70.68194303;VA
2025-12-21;Valladolid;Hombre;>89;2108;77.38619677;VA
2025-12-21;Valladolid;Mujer;40-49;1923;4.69459499;VA
2025-12-21;Valladolid;Mujer;70-79;12815;42.40849825;VA
2025-12-21;Valladolid;Hombre;13-19;194;1.020622896;VA
2025-12-21;Valladolid;Hombre;40-49;1476;3.59500207;VA
2025-12-21;Valladolid;Mujer;05-12;32;0.181859514;VA
2025-12-21;Valladolid;Mujer;13-19;189;1.065388952;VA
2025-12-21;Valladolid;Mujer;20-29;555;2.342365156;VA
2025-12-21;Valladolid;Mujer;50-59;3337;7.822132627;VA
2025-12-21;Valladolid;Mujer;80-89;11214;60.80355691;VA
2025-12-21;Valladolid;Mujer;>89;4789;73.96138996;VA
2025-12-21;Valladolid;Hombre;05-12;45;0.241974512;VA
2025-12-21;Valladolid;Hombre;20-29;344;1.398033;VA
2025-12-21;Valladolid;Hombre;50-59;3147;7.559089162;VA
2025-12-21;Valladolid;Hombre;70-79;13593;52.73101094;VA
2025-12-21;Valladolid;Mujer;0-4;6;0.074524904;VA
2025-12-21;Valladolid;Mujer;30-39;1096;4.143510642;VA
2025-12-21;Valladolid;Mujer;60-69;8374;22.45582044;VA
2025-12-21;Zamora;Hombre;30-39;114;1.384671444;ZA
2025-12-21;Zamora;Hombre;60-69;2091;15.2940316;ZA
2025-12-21;Zamora;Mujer;0-4;0;0.0;ZA
2025-12-21;Zamora;Mujer;20-29;77;1.19602361;ZA
2025-12-21;Zamora;Hombre;05-12;7;0.159308147;ZA
2025-12-21;Zamora;Hombre;13-19;10;0.221778665;ZA
2025-12-21;Zamora;Hombre;>89;1265;68.60086768;ZA
2025-12-21;Zamora;Mujer;05-12;4;0.099850225;ZA
2025-12-21;Zamora;Mujer;13-19;15;0.351864884;ZA
2025-12-21;Zamora;Mujer;40-49;349;3.222530009;ZA
2025-12-21;Zamora;Mujer;50-59;657;5.168344871;ZA
2025-12-21;Zamora;Mujer;80-89;4418;49.76906613;ZA
2025-12-21;Zamora;Mujer;>89;2346;65.82491582;ZA
2025-12-21;Zamora;Hombre;0-4;0;0.0;ZA
2025-12-21;Zamora;Hombre;20-29;58;0.827980014;ZA
2025-12-21;Zamora;Hombre;40-49;265;2.315826269;ZA
2025-12-21;Zamora;Hombre;50-59;601;4.575213155;ZA
2025-12-21;Zamora;Hombre;70-79;4232;42.23974449;ZA
2025-12-21;Zamora;Hombre;80-89;3512;57.05930138;ZA
2025-12-21;Zamora;Mujer;30-39;184;2.408376963;ZA
2025-12-21;Zamora;Mujer;60-69;1667;12.87457522;ZA
2025-12-21;Zamora;Mujer;70-79;3583;33.64951165;ZA
2025-12-14;Ávila;Hombre;13-19;31;0.563533903;AV
2025-12-14;Ávila;Hombre;30-39;135;1.614832536;AV
2025-12-14;Ávila;Hombre;60-69;2170;17.31843575;AV
2025-12-14;Ávila;Hombre;80-89;2536;54.13020277;AV
2025-12-14;Ávila;Hombre;>89;860;62.63656227;AV
2025-12-14;Ávila;Mujer;70-79;3108;36.70288144;AV
2025-12-14;Ávila;Mujer;80-89;3106;48.65288221;AV
2025-12-14;Ávila;Mujer;>89;1617;57.87401575;AV
2025-12-14;Ávila;Hombre;05-12;8;0.148560817;AV
2025-12-14;Ávila;Hombre;20-29;84;1.118210863;AV
2025-12-14;Ávila;Hombre;40-49;296;2.566993322;AV
2025-12-14;Ávila;Hombre;50-59;695;5.423755268;AV
2025-12-14;Ávila;Mujer;05-12;4;0.08097166;AV
2025-12-14;Ávila;Mujer;13-19;23;0.455716267;AV
2025-12-14;Ávila;Mujer;20-29;103;1.472901473;AV
2025-12-14;Ávila;Mujer;40-49;369;3.353630828;AV
2025-12-14;Ávila;Mujer;50-59;782;6.295282563;AV
2025-12-14;Ávila;Hombre;0-4;2;0.080515298;AV
2025-12-14;Ávila;Hombre;70-79;3638;43.20665083;AV
2025-12-14;Ávila;Mujer;0-4;0;0.0;AV
2025-12-14;Ávila;Mujer;30-39;200;2.506265664;AV
2025-12-14;Ávila;Mujer;60-69;1907;16.53946227;AV
2025-12-14;Burgos;Hombre;30-39;239;1.215851859;BU
2025-12-14;Burgos;Hombre;40-49;624;2.304709141;BU
2025-12-14;Burgos;Hombre;70-79;8333;45.61029009;BU
2025-12-14;Burgos;Hombre;80-89;5831;64.47368421;BU
2025-12-14;Burgos;Mujer;05-12;10;0.083970107;BU
2025-12-14;Burgos;Mujer;50-59;1637;5.847055042;BU
2025-12-14;Burgos;Mujer;70-79;7182;38.11899581;BU
2025-12-14;Burgos;Mujer;80-89;7294;56.50759219;BU
2025-12-14;Burgos;Mujer;>89;4058;71.21797122;BU
2025-12-14;Burgos;Hombre;0-4;4;0.068787618;BU
2025-12-14;Burgos;Hombre;05-12;18;0.142585551;BU
2025-12-14;Burgos;Hombre;20-29;127;0.722042185;BU
2025-12-14;Burgos;Hombre;50-59;1429;4.96749748;BU
2025-12-14;Burgos;Hombre;>89;1653;71.77594442;BU
2025-12-14;Burgos;Mujer;13-19;58;0.487845908;BU
2025-12-14;Burgos;Mujer;20-29;239;1.511414659;BU
2025-12-14;Burgos;Mujer;30-39;437;2.378231293;BU
2025-12-14;Burgos;Hombre;13-19;65;0.513184904;BU
2025-12-14;Burgos;Hombre;60-69;4554;17.50595833;BU
2025-12-14;Burgos;Mujer;0-4;5;0.091207588;BU
2025-12-14;Burgos;Mujer;40-49;846;3.273233769;BU
2025-12-14;Burgos;Mujer;60-69;3962;15.74846967;BU
2025-12-14;Castilla y León;Hombre;13-19;487;0.617308856;Castilla y LE
2025-12-14;Castilla y León;Hombre;20-29;1110;1.672821447;Castilla y LE
2025-12-14;Castilla y León;Hombre;30-39;2064;3.035486684;Castilla y LE
2025-12-14;Castilla y León;Mujer;0-4;32;0.096817826;Castilla y LE
2025-12-14;Castilla y León;Mujer;05-12;114;0.176765002;Castilla y LE
2025-12-14;Castilla y León;Mujer;30-39;3633;2.318831086;Castilla y LE
2025-12-14;Castilla y León;Mujer;40-49;6439;3.237196315;Castilla y LE
2025-12-14;Castilla y León;Hombre;05-12;153;0.155854809;Castilla y LE
2025-12-14;Castilla y León;Hombre;40-49;4827;3.738502851;Castilla y LE
2025-12-14;Castilla y León;Mujer;13-19;462;0.615577234;Castilla y LE
2025-12-14;Castilla y León;Mujer;50-59;12101;6.030276327;Castilla y LE
2025-12-14;Castilla y León;Mujer;70-79;50630;41.38376742;Castilla y LE
2025-12-14;Castilla y León;Hombre;0-4;38;0.088282032;Castilla y LE
2025-12-14;Castilla y León;Hombre;50-59;10882;6.355147074;Castilla y LE
2025-12-14;Castilla y León;Hombre;60-69;33286;16.75988143;Castilla y LE
2025-12-14;Castilla y León;Hombre;70-79;56306;37.42680088;Castilla y LE
2025-12-14;Castilla y León;Hombre;80-89;40560;53.43631582;Castilla y LE
2025-12-14;Castilla y León;Hombre;>89;12745;68.2791829;Castilla y LE
2025-12-14;Castilla y León;Mujer;20-29;1772;1.311837128;Castilla y LE
2025-12-14;Castilla y León;Mujer;60-69;29583;17.80144163;Castilla y LE
2025-12-14;Castilla y León;Mujer;80-89;51702;56.61033828;Castilla y LE
2025-12-14;Castilla y León;Mujer;>89;27533;69.09671549;Castilla y LE
2025-12-14;León;Hombre;30-39;263;1.156959352;LE
2025-12-14;León;Hombre;40-49;669;2.079835852;LE
2025-12-14;León;Hombre;50-59;1597;4.479537741;LE
2025-12-14;León;Hombre;>89;2548;67.38957948;LE
2025-12-14;León;Mujer;05-12;20;0.16378675;LE
2025-12-14;León;Mujer;80-89;9542;47.03272871;LE
2025-12-14;León;Mujer;>89;5498;63.22447102;LE
2025-12-14;León;Hombre;05-12;20;0.152613506;LE
2025-12-14;León;Hombre;13-19;44;0.333030578;LE
2025-12-14;León;Mujer;13-19;39;0.307134982;LE
2025-12-14;León;Mujer;20-29;199;1.111111111;LE
2025-12-14;León;Mujer;50-59;1740;4.803312629;LE
2025-12-14;León;Hombre;0-4;6;0.098199673;LE
2025-12-14;León;Hombre;20-29;117;0.605276772;LE
2025-12-14;León;Hombre;60-69;5575;15.9458841;LE
2025-12-14;León;Hombre;70-79;9436;39.90526939;LE
2025-12-14;León;Hombre;80-89;7179;54.67631379;LE
2025-12-14;León;Mujer;0-4;6;0.106496273;LE
2025-12-14;León;Mujer;30-39;522;2.419354839;LE
2025-12-14;León;Mujer;40-49;910;2.817599158;LE
2025-12-14;León;Mujer;60-69;4734;13.36118089;LE
2025-12-14;León;Mujer;70-79;8685;32.15356707;LE
2025-12-14;Palencia;Hombre;05-12;13;0.255202199;PA
2025-12-14;Palencia;Hombre;13-19;35;0.726442507;PA
2025-12-14;Palencia;Hombre;30-39;158;1.862109605;PA
2025-12-14;Palencia;Hombre;50-59;777;6.136956007;PA
2025-12-14;Palencia;Hombre;70-79;3880;45.23198881;PA
2025-12-14;Palencia;Hombre;80-89;2434;60.3820392;PA
2025-12-14;Palencia;Mujer;05-12;17;0.360016942;PA
2025-12-14;Palencia;Mujer;20-29;85;1.288464454;PA
2025-12-14;Palencia;Mujer;30-39;219;2.798006899;PA
2025-12-14;Palencia;Mujer;40-49;407;3.719272594;PA
2025-12-14;Palencia;Mujer;50-59;774;6.340104849;PA
2025-12-14;Palencia;Mujer;60-69;1800;14.2675967;PA
2025-12-14;Palencia;Hombre;0-4;5;0.209643606;PA
2025-12-14;Palencia;Hombre;>89;757;70.41860465;PA
2025-12-14;Palencia;Mujer;0-4;4;0.179937022;PA
2025-12-14;Palencia;Mujer;80-89;3156;51.43415906;PA
2025-12-14;Palencia;Mujer;>89;1919;67.80918728;PA
2025-12-14;Palencia;Hombre;20-29;100;1.425110446;PA
2025-12-14;Palencia;Hombre;40-49;343;3.024958109;PA
2025-12-14;Palencia;Hombre;60-69;2151;16.72628305;PA
2025-12-14;Palencia;Mujer;13-19;26;0.568678915;PA
2025-12-14;Palencia;Mujer;70-79;3188;35.24209595;PA
2025-12-14;Salamanca;Hombre;0-4;8;0.166320166;SA
2025-12-14;Salamanca;Hombre;05-12;29;0.288213079;SA
2025-12-14;Salamanca;Hombre;20-29;148;0.949691992;SA
2025-12-14;Salamanca;Hombre;30-39;310;1.847437426;SA
2025-12-14;Salamanca;Hombre;50-59;1418;5.608733486;SA
2025-12-14;Salamanca;Hombre;>89;2007;69.15920055;SA
2025-12-14;Salamanca;Mujer;30-39;576;3.482677308;SA
2025-12-14;Salamanca;Mujer;60-69;3694;15.19601794;SA
2025-12-14;Salamanca;Mujer;80-89;7410;51.15283722;SA
2025-12-14;Salamanca;Hombre;13-19;57;0.535412361;SA
2025-12-14;Salamanca;Hombre;60-69;4128;17.32997481;SA
2025-12-14;Salamanca;Mujer;0-4;7;0.156110616;SA
2025-12-14;Salamanca;Mujer;13-19;65;0.644585482;SA
2025-12-14;Salamanca;Mujer;20-29;289;1.921287063;SA
2025-12-14;Salamanca;Mujer;50-59;1667;6.271868769;SA
2025-12-14;Salamanca;Mujer;>89;4191;68.88560158;SA
2025-12-14;Salamanca;Hombre;40-49;675;3.041910771;SA
2025-12-14;Salamanca;Hombre;70-79;7273;43.77369847;SA
2025-12-14;Salamanca;Hombre;80-89;5760;57.58272518;SA
2025-12-14;Salamanca;Mujer;05-12;12;0.124662373;SA
2025-12-14;Salamanca;Mujer;40-49;928;4.129951046;SA
2025-12-14;Salamanca;Mujer;70-79;6877;35.9018533;SA
2025-12-14;Segovia;Hombre;20-29;89;1.084968914;SE
2025-12-14;Segovia;Hombre;30-39;148;1.681818182;SE
2025-12-14;Segovia;Hombre;50-59;835;6.455852791;SE
2025-12-14;Segovia;Hombre;60-69;2508;22.06775187;SE
2025-12-14;Segovia;Hombre;70-79;3715;53.25401376;SE
2025-12-14;Segovia;Mujer;30-39;270;3.293486216;SE
2025-12-14;Segovia;Mujer;40-49;515;4.574524782;SE
2025-12-14;Segovia;Mujer;50-59;1058;8.49049033;SE
2025-12-14;Segovia;Mujer;60-69;2349;22.33314318;SE
2025-12-14;Segovia;Mujer;>89;1830;75.52620718;SE
2025-12-14;Segovia;Hombre;0-4;1;0.037481259;SE
2025-12-14;Segovia;Hombre;05-12;13;0.234530038;SE
2025-12-14;Segovia;Hombre;13-19;49;0.875625447;SE
2025-12-14;Segovia;Hombre;40-49;341;2.928043964;SE
2025-12-14;Segovia;Hombre;80-89;2493;67.07021792;SE
2025-12-14;Segovia;Hombre;>89;871;82.09236569;SE
2025-12-14;Segovia;Mujer;05-12;15;0.286095747;SE
2025-12-14;Segovia;Mujer;20-29;157;2.075895809;SE
2025-12-14;Segovia;Mujer;0-4;2;0.079840319;SE
2025-12-14;Segovia;Mujer;13-19;36;0.684280555;SE
2025-12-14;Segovia;Mujer;70-79;3273;45.72506287;SE
2025-12-14;Segovia;Mujer;80-89;3373;61.07188122;SE
2025-12-14;Soria;Hombre;0-4;1;0.06377551;SO
2025-12-14;Soria;Hombre;05-12;1;0.032268474;SO
2025-12-14;Soria;Hombre;13-19;7;0.230187438;SO
2025-12-14;Soria;Hombre;40-49;163;2.493117161;SO
2025-12-14;Soria;Hombre;50-59;423;5.781848004;SO
2025-12-14;Soria;Hombre;60-69;1354;20.49031477;SO
2025-12-14;Soria;Mujer;05-12;0;0.0;SO
2025-12-14;Soria;Mujer;13-19;11;0.392716887;SO
2025-12-14;Soria;Mujer;20-29;65;1.545778835;SO
2025-12-14;Soria;Mujer;30-39;137;2.933618844;SO
2025-12-14;Soria;Mujer;70-79;1910;43.7972942;SO
2025-12-14;Soria;Hombre;20-29;32;0.691592825;SO
2025-12-14;Soria;Hombre;30-39;66;1.30952381;SO
2025-12-14;Soria;Hombre;70-79;2168;49.02758933;SO
2025-12-14;Soria;Hombre;80-89;1801;69.72512582;SO
2025-12-14;Soria;Hombre;>89;689;77.328844;SO
2025-12-14;Soria;Mujer;40-49;214;3.529023747;SO
2025-12-14;Soria;Mujer;50-59;486;7.246160728;SO
2025-12-14;Soria;Mujer;60-69;1098;18.42900302;SO
2025-12-14;Soria;Mujer;>89;1305;75.65217391;SO
2025-12-14;Soria;Mujer;0-4;0;0.0;SO
2025-12-14;Soria;Mujer;80-89;2207;62.32702626;SO
2025-12-14;Valladolid;Hombre;05-12;44;0.236597301;VA
2025-12-14;Valladolid;Hombre;70-79;13490;52.33144542;VA
2025-12-14;Valladolid;Mujer;0-4;6;0.074524904;VA
2025-12-14;Valladolid;Mujer;60-69;8273;22.18497761;VA
2025-12-14;Valladolid;Mujer;70-79;12710;42.06102323;VA
2025-12-14;Valladolid;Hombre;0-4;11;0.131327603;VA
2025-12-14;Valladolid;Hombre;13-19;189;0.994318182;VA
2025-12-14;Valladolid;Hombre;20-29;333;1.353328456;VA
2025-12-14;Valladolid;Hombre;30-39;613;2.277286574;VA
2025-12-14;Valladolid;Hombre;40-49;1435;3.495140902;VA
2025-12-14;Valladolid;Hombre;60-69;8642;25.34682505;VA
2025-12-14;Valladolid;Hombre;80-89;8951;70.24248607;VA
2025-12-14;Valladolid;Hombre;>89;2092;76.79882526;VA
2025-12-14;Valladolid;Mujer;30-39;1076;4.067899134;VA
2025-12-14;Valladolid;Mujer;80-89;11125;60.32098899;VA
2025-12-14;Valladolid;Mujer;>89;4752;73.38996139;VA
2025-12-14;Valladolid;Hombre;50-59;3086;7.412567256;VA
2025-12-14;Valladolid;Mujer;05-12;32;0.181859514;VA
2025-12-14;Valladolid;Mujer;13-19;186;1.048478016;VA
2025-12-14;Valladolid;Mujer;20-29;531;2.24107369;VA
2025-12-14;Valladolid;Mujer;40-49;1888;4.609149944;VA
2025-12-14;Valladolid;Mujer;50-59;3281;7.690865193;VA
2025-12-14;Zamora;Hombre;05-12;7;0.159308147;ZA
2025-12-14;Zamora;Hombre;13-19;8;0.177422932;ZA
2025-12-14;Zamora;Hombre;20-29;56;0.799428979;ZA
2025-12-14;Zamora;Hombre;50-59;592;4.506699147;ZA
2025-12-14;Zamora;Hombre;70-79;4193;41.85048408;ZA
2025-12-14;Zamora;Mujer;0-4;0;0.0;ZA
2025-12-14;Zamora;Mujer;13-19;15;0.351864884;ZA
2025-12-14;Zamora;Mujer;20-29;76;1.180490836;ZA
2025-12-14;Zamora;Mujer;40-49;341;3.148661127;ZA
2025-12-14;Zamora;Hombre;0-4;0;0.0;ZA
2025-12-14;Zamora;Hombre;30-39;112;1.360378963;ZA
2025-12-14;Zamora;Hombre;80-89;3495;56.78310317;ZA
2025-12-14;Zamora;Hombre;>89;1258;68.22125813;ZA
2025-12-14;Zamora;Mujer;60-69;1640;12.66604881;ZA
2025-12-14;Zamora;Mujer;70-79;3558;33.41472577;ZA
2025-12-14;Zamora;Mujer;>89;2339;65.6285073;ZA
2025-12-14;Zamora;Hombre;40-49;258;2.2546535;ZA
2025-12-14;Zamora;Hombre;60-69;2066;15.11117613;ZA
2025-12-14;Zamora;Mujer;05-12;4;0.099850225;ZA
2025-12-14;Zamora;Mujer;30-39;183;2.395287958;ZA
2025-12-14;Zamora;Mujer;50-59;648;5.097545626;ZA
2025-12-14;Zamora;Mujer;80-89;4399;49.55502985;ZA
2025-12-07;Ávila;Hombre;0-4;2;0.080515298;AV
2025-12-07;Ávila;Hombre;30-39;132;1.578947368;AV
2025-12-07;Ávila;Hombre;50-59;673;5.252068051;AV
2025-12-07;Ávila;Hombre;80-89;2516;53.70330843;AV
2025-12-07;Ávila;Mujer;40-49;360;3.271834954;AV
2025-12-07;Ávila;Mujer;80-89;3075;48.16729323;AV
2025-12-07;Ávila;Mujer;>89;1608;57.55189692;AV
2025-12-07;Ávila;Hombre;40-49;290;2.514959674;AV
2025-12-07;Ávila;Hombre;60-69;2121;16.9273743;AV
2025-12-07;Ávila;Mujer;0-4;0;0.0;AV
2025-12-07;Ávila;Mujer;05-12;4;0.08097166;AV
2025-12-07;Ávila;Mujer;70-79;3075;36.31317903;AV
2025-12-07;Ávila;Hombre;05-12;8;0.148560817;AV
2025-12-07;Ávila;Hombre;13-19;30;0.54535539;AV
2025-12-07;Ávila;Hombre;20-29;84;1.118210863;AV
2025-12-07;Ávila;Hombre;70-79;3593;42.67220903;AV
2025-12-07;Ávila;Hombre;>89;856;62.34522942;AV
2025-12-07;Ávila;Mujer;13-19;23;0.455716267;AV
2025-12-07;Ávila;Mujer;20-29;99;1.415701416;AV
2025-12-07;Ávila;Mujer;30-39;196;2.456140351;AV
2025-12-07;Ávila;Mujer;50-59;769;6.190629528;AV
2025-12-07;Ávila;Mujer;60-69;1870;16.21856028;AV
2025-12-07;Burgos;Hombre;0-4;4;0.068787618;BU
2025-12-07;Burgos;Hombre;20-29;123;0.699300699;BU
2025-12-07;Burgos;Hombre;80-89;5780;63.90977444;BU
2025-12-07;Burgos;Mujer;40-49;825;3.191983286;BU
2025-12-07;Burgos;Mujer;70-79;7104;37.70500504;BU
2025-12-07;Burgos;Hombre;05-12;17;0.134664132;BU
2025-12-07;Burgos;Hombre;30-39;231;1.175153889;BU
2025-12-07;Burgos;Hombre;40-49;601;2.219759926;BU
2025-12-07;Burgos;Hombre;50-59;1394;4.845830292;BU
2025-12-07;Burgos;Hombre;70-79;8224;45.01368363;BU
2025-12-07;Burgos;Mujer;30-39;432;2.351020408;BU
2025-12-07;Burgos;Mujer;80-89;7222;55.94979857;BU
2025-12-07;Burgos;Hombre;13-19;61;0.481604295;BU
2025-12-07;Burgos;Hombre;60-69;4468;17.17536711;BU
2025-12-07;Burgos;Hombre;>89;1637;71.08119844;BU
2025-12-07;Burgos;Mujer;0-4;5;0.091207588;BU
2025-12-07;Burgos;Mujer;05-12;10;0.083970107;BU
2025-12-07;Burgos;Mujer;13-19;54;0.454201363;BU
2025-12-07;Burgos;Mujer;20-29;233;1.473471195;BU
2025-12-07;Burgos;Mujer;50-59;1602;5.722041647;BU
2025-12-07;Burgos;Mujer;60-69;3890;15.4622784;BU
2025-12-07;Burgos;Mujer;>89;3987;69.97191997;BU
2025-12-07;Castilla y León;Hombre;0-4;37;0.088282032;Castilla y LE
2025-12-07;Castilla y León;Hombre;30-39;1974;2.938216945;Castilla y LE
2025-12-07;Castilla y León;Hombre;50-59;10508;6.199861032;Castilla y LE
2025-12-07;Castilla y León;Hombre;60-69;32558;16.41452216;Castilla y LE
2025-12-07;Castilla y León;Mujer;0-4;32;0.095394034;Castilla y LE
2025-12-07;Castilla y León;Mujer;13-19;431;0.575799468;Castilla y LE
2025-12-07;Castilla y León;Mujer;40-49;6253;3.127001252;Castilla y LE
2025-12-07;Castilla y León;Mujer;80-89;51258;56.11487795;Castilla y LE
2025-12-07;Castilla y León;Mujer;>89;27333;68.59536768;Castilla y LE
2025-12-07;Castilla y León;Hombre;13-19;456;0.576961872;Castilla y LE
2025-12-07;Castilla y León;Hombre;20-29;1042;1.605678385;Castilla y LE
2025-12-07;Castilla y León;Hombre;40-49;4631;3.630739837;Castilla y LE
2025-12-07;Castilla y León;Hombre;80-89;40193;52.97869256;Castilla y LE
2025-12-07;Castilla y León;Mujer;05-12;113;0.172792755;Castilla y LE
2025-12-07;Castilla y León;Mujer;20-29;1702;1.248794779;Castilla y LE
2025-12-07;Castilla y León;Mujer;60-69;28969;17.42297795;Castilla y LE
2025-12-07;Castilla y León;Hombre;05-12;148;0.154487661;Castilla y LE
2025-12-07;Castilla y León;Hombre;70-79;55525;36.99242435;Castilla y LE
2025-12-07;Castilla y León;Hombre;>89;12653;67.78276949;Castilla y LE
2025-12-07;Castilla y León;Mujer;30-39;3517;2.234495069;Castilla y LE
2025-12-07;Castilla y León;Mujer;50-59;11806;5.85456315;Castilla y LE
2025-12-07;Castilla y León;Mujer;70-79;50039;40.85354966;Castilla y LE
2025-12-07;León;Hombre;05-12;20;0.152613506;LE
2025-12-07;León;Hombre;13-19;42;0.317892825;LE
2025-12-07;León;Hombre;30-39;255;1.121766673;LE
2025-12-07;León;Hombre;60-69;5426;15.51970711;LE
2025-12-07;León;Mujer;30-39;499;2.312754913;LE
2025-12-07;León;Mujer;50-59;1701;4.695652174;LE
2025-12-07;León;Mujer;70-79;8547;31.6426641;LE
2025-12-07;León;Mujer;80-89;9435;46.50532334;LE
2025-12-07;León;Hombre;0-4;6;0.098199673;LE
2025-12-07;León;Hombre;40-49;650;2.02076727;LE
2025-12-07;León;Hombre;50-59;1545;4.33367928;LE
2025-12-07;León;Hombre;80-89;7096;54.04417365;LE
2025-12-07;León;Hombre;>89;2521;66.67548268;LE
2025-12-07;León;Mujer;0-4;6;0.106496273;LE
2025-12-07;León;Mujer;>89;5455;62.7299908;LE
2025-12-07;León;Hombre;20-29;114;0.589756855;LE
2025-12-07;León;Hombre;70-79;9252;39.1271251;LE
2025-12-07;León;Mujer;05-12;19;0.155597412;LE
2025-12-07;León;Mujer;13-19;38;0.299259726;LE
2025-12-07;León;Mujer;20-29;193;1.077610274;LE
2025-12-07;León;Mujer;40-49;884;2.737096325;LE
2025-12-07;León;Mujer;60-69;4615;13.02531681;LE
2025-12-07;Palencia;Hombre;0-4;4;0.167714885;PA
2025-12-07;Palencia;Hombre;05-12;13;0.255202199;PA
2025-12-07;Palencia;Hombre;13-19;31;0.643420506;PA
2025-12-07;Palencia;Hombre;20-29;65;0.92632179;PA
2025-12-07;Palencia;Hombre;30-39;129;1.520329994;PA
2025-12-07;Palencia;Hombre;40-49;293;2.584002117;PA
2025-12-07;Palencia;Hombre;>89;754;70.13953488;PA
2025-12-07;Palencia;Mujer;0-4;4;0.179937022;PA
2025-12-07;Palencia;Mujer;30-39;206;2.631915165;PA
2025-12-07;Palencia;Mujer;40-49;385;3.518230832;PA
2025-12-07;Palencia;Mujer;50-59;743;6.086173001;PA
2025-12-07;Palencia;Mujer;70-79;3147;34.78885695;PA
2025-12-07;Palencia;Mujer;80-89;3115;50.76597132;PA
2025-12-07;Palencia;Hombre;60-69;2030;15.78538103;PA
2025-12-07;Palencia;Mujer;>89;1902;67.20848057;PA
2025-12-07;Palencia;Hombre;50-59;694;5.481399573;PA
2025-12-07;Palencia;Hombre;70-79;3781;44.07787363;PA
2025-12-07;Palencia;Hombre;80-89;2390;59.29049864;PA
2025-12-07;Palencia;Mujer;05-12;17;0.360016942;PA
2025-12-07;Palencia;Mujer;13-19;23;0.503062117;PA
2025-12-07;Palencia;Mujer;20-29;77;1.167197211;PA
2025-12-07;Palencia;Mujer;60-69;1749;13.86334813;PA
2025-12-07;Salamanca;Hombre;05-12;25;0.248459551;SA
2025-12-07;Salamanca;Hombre;30-39;300;1.78784267;SA
2025-12-07;Salamanca;Hombre;80-89;5715;57.13286014;SA
2025-12-07;Salamanca;Hombre;>89;1989;68.53893866;SA
2025-12-07;Salamanca;Mujer;0-4;7;0.156110616;SA
2025-12-07;Salamanca;Mujer;50-59;1627;6.121374017;SA
2025-12-07;Salamanca;Hombre;70-79;7186;43.25007523;SA
2025-12-07;Salamanca;Mujer;05-12;12;0.124662373;SA
2025-12-07;Salamanca;Mujer;13-19;60;0.595001983;SA
2025-12-07;Salamanca;Mujer;40-49;898;3.996439697;SA
2025-12-07;Salamanca;Mujer;70-79;6787;35.43200209;SA
2025-12-07;Salamanca;Mujer;>89;4165;68.45825115;SA
2025-12-07;Salamanca;Hombre;0-4;8;0.166320166;SA
2025-12-07;Salamanca;Hombre;13-19;53;0.497839564;SA
2025-12-07;Salamanca;Hombre;20-29;144;0.924024641;SA
2025-12-07;Salamanca;Hombre;40-49;640;2.884182064;SA
2025-12-07;Salamanca;Hombre;50-59;1381;5.462384305;SA
2025-12-07;Salamanca;Hombre;60-69;4039;16.95633921;SA
2025-12-07;Salamanca;Mujer;20-29;270;1.794974073;SA
2025-12-07;Salamanca;Mujer;30-39;558;3.373843642;SA
2025-12-07;Salamanca;Mujer;60-69;3597;14.79698877;SA
2025-12-07;Salamanca;Mujer;80-89;7354;50.76625708;SA
2025-12-07;Segovia;Hombre;05-12;13;0.234530038;SE
2025-12-07;Segovia;Hombre;20-29;85;1.036206266;SE
2025-12-07;Segovia;Hombre;60-69;2453;21.58380994;SE
2025-12-07;Segovia;Hombre;80-89;2466;66.34382567;SE
2025-12-07;Segovia;Mujer;0-4;2;0.079840319;SE
2025-12-07;Segovia;Mujer;30-39;260;3.171505245;SE
2025-12-07;Segovia;Mujer;80-89;3352;60.69165309;SE
2025-12-07;Segovia;Hombre;0-4;1;0.037481259;SE
2025-12-07;Segovia;Hombre;30-39;145;1.647727273;SE
2025-12-07;Segovia;Hombre;50-59;806;6.231637544;SE
2025-12-07;Segovia;Hombre;70-79;3662;52.49426606;SE
2025-12-07;Segovia;Hombre;>89;866;81.62111216;SE
2025-12-07;Segovia;Mujer;20-29;153;2.023006743;SE
2025-12-07;Segovia;Mujer;40-49;504;4.476816486;SE
2025-12-07;Segovia;Mujer;70-79;3227;45.08242526;SE
2025-12-07;Segovia;Mujer;>89;1823;75.23730912;SE
2025-12-07;Segovia;Hombre;13-19;47;0.839885633;SE
2025-12-07;Segovia;Hombre;40-49;326;2.799244376;SE
2025-12-07;Segovia;Mujer;05-12;15;0.286095747;SE
2025-12-07;Segovia;Mujer;13-19;34;0.646264969;SE
2025-12-07;Segovia;Mujer;50-59;1020;8.185538881;SE
2025-12-07;Segovia;Mujer;60-69;2292;21.79121506;SE
2025-12-07;Soria;Hombre;20-29;32;0.691592825;SO
2025-12-07;Soria;Hombre;60-69;1337;20.23305085;SO
2025-12-07;Soria;Hombre;80-89;1783;69.02826171;SO
2025-12-07;Soria;Hombre;>89;687;77.1043771;SO
2025-12-07;Soria;Mujer;05-12;0;0.0;SO
2025-12-07;Soria;Mujer;30-39;133;2.847965739;SO
2025-12-07;Soria;Mujer;40-49;210;3.463060686;SO
2025-12-07;Soria;Mujer;60-69;1080;18.12688822;SO
2025-12-07;Soria;Mujer;70-79;1896;43.47626691;SO
2025-12-07;Soria;Hombre;0-4;1;0.06377551;SO
2025-12-07;Soria;Hombre;05-12;1;0.032268474;SO
2025-12-07;Soria;Hombre;30-39;63;1.25;SO
2025-12-07;Soria;Mujer;13-19;10;0.357015352;SO
2025-12-07;Soria;Mujer;50-59;472;7.037423587;SO
2025-12-07;Soria;Hombre;13-19;6;0.197303519;SO
2025-12-07;Soria;Hombre;40-49;162;2.477821964;SO
2025-12-07;Soria;Hombre;50-59;411;5.617823948;SO
2025-12-07;Soria;Hombre;70-79;2144;48.48484848;SO
2025-12-07;Soria;Mujer;0-4;0;0.0;SO
2025-12-07;Soria;Mujer;20-29;61;1.450653983;SO
2025-12-07;Soria;Mujer;80-89;2196;62.01637955;SO
2025-12-07;Soria;Mujer;>89;1298;75.24637681;SO
2025-12-07;Valladolid;Hombre;05-12;44;0.236597301;VA
2025-12-07;Valladolid;Hombre;13-19;177;0.931186869;VA
2025-12-07;Valladolid;Hombre;40-49;1394;3.395279733;VA
2025-12-07;Valladolid;Hombre;>89;2082;76.43171806;VA
2025-12-07;Valladolid;Mujer;0-4;6;0.074524904;VA
2025-12-07;Valladolid;Mujer;70-79;12601;41.70031107;VA
2025-12-07;Valladolid;Mujer;80-89;11053;59.93059697;VA
2025-12-07;Valladolid;Hombre;0-4;11;0.131327603;VA
2025-12-07;Valladolid;Hombre;30-39;590;2.19184189;VA
2025-12-07;Valladolid;Hombre;50-59;3001;7.208397387;VA
2025-12-07;Valladolid;Hombre;60-69;8517;24.98020238;VA
2025-12-07;Valladolid;Mujer;20-29;514;2.169325568;VA
2025-12-07;Valladolid;Mujer;30-39;1038;3.924237269;VA
2025-12-07;Valladolid;Mujer;40-49;1834;4.477320443;VA
2025-12-07;Valladolid;Mujer;50-59;3206;7.515060594;VA
2025-12-07;Valladolid;Mujer;>89;4738;73.17374517;VA
2025-12-07;Valladolid;Hombre;20-29;320;1.300495814;VA
2025-12-07;Valladolid;Hombre;70-79;13369;51.86205291;VA
2025-12-07;Valladolid;Hombre;80-89;8902;69.85796123;VA
2025-12-07;Valladolid;Mujer;05-12;32;0.181859514;VA
2025-12-07;Valladolid;Mujer;13-19;175;0.986471251;VA
2025-12-07;Valladolid;Mujer;60-69;8139;21.82564158;VA
2025-12-07;Zamora;Hombre;0-4;0;0.0;ZA
2025-12-07;Zamora;Hombre;50-59;574;4.369671133;ZA
2025-12-07;Zamora;Hombre;70-79;4135;41.27158399;ZA
2025-12-07;Zamora;Hombre;>89;1251;67.84164859;ZA
2025-12-07;Zamora;Mujer;70-79;3521;33.06724267;ZA
2025-12-07;Zamora;Mujer;>89;2333;65.46015713;ZA
2025-12-07;Zamora;Hombre;20-29;53;0.756602427;ZA
2025-12-07;Zamora;Hombre;30-39;109;1.32394024;ZA
2025-12-07;Zamora;Hombre;40-49;251;2.193480731;ZA
2025-12-07;Zamora;Hombre;80-89;3468;56.34443542;ZA
2025-12-07;Zamora;Mujer;05-12;4;0.099850225;ZA
2025-12-07;Zamora;Mujer;13-19;12;0.281491907;ZA
2025-12-07;Zamora;Mujer;30-39;182;2.382198953;ZA
2025-12-07;Zamora;Mujer;60-69;1618;12.4961384;ZA
2025-12-07;Zamora;Mujer;80-89;4368;49.20581277;ZA
2025-12-07;Zamora;Hombre;05-12;7;0.159308147;ZA
2025-12-07;Zamora;Hombre;13-19;7;0.155245065;ZA
2025-12-07;Zamora;Hombre;60-69;2033;14.8698069;ZA
2025-12-07;Zamora;Mujer;0-4;0;0.0;ZA
2025-12-07;Zamora;Mujer;20-29;74;1.149425287;ZA
2025-12-07;Zamora;Mujer;40-49;333;3.074792244;ZA
2025-12-07;Zamora;Mujer;50-59;638;5.018879799;ZA
2025-11-30;Ávila;Hombre;0-4;1;0.040257649;AV
2025-11-30;Ávila;Hombre;13-19;27;0.490819851;AV
2025-11-30;Ávila;Hombre;40-49;272;2.358858729;AV
2025-11-30;Ávila;Hombre;60-69;2044;16.31284916;AV
2025-11-30;Ávila;Hombre;80-89;2466;52.63607257;AV
2025-11-30;Ávila;Hombre;>89;846;61.61689731;AV
2025-11-30;Ávila;Mujer;0-4;0;0.0;AV
2025-11-30;Ávila;Mujer;20-29;93;1.32990133;AV
2025-11-30;Ávila;Mujer;30-39;189;2.368421053;AV
2025-11-30;Ávila;Mujer;40-49;342;3.108243206;AV
2025-11-30;Ávila;Mujer;80-89;3011;47.16478697;AV
2025-11-30;Ávila;Mujer;>89;1589;56.87186829;AV
2025-11-30;Ávila;Hombre;05-12;6;0.111420613;AV
2025-11-30;Ávila;Hombre;50-59;635;4.955517403;AV
2025-11-30;Ávila;Hombre;70-79;3483;41.36579572;AV
2025-11-30;Ávila;Mujer;05-12;4;0.08097166;AV
2025-11-30;Ávila;Mujer;50-59;727;5.852519723;AV
2025-11-30;Ávila;Mujer;70-79;2990;35.30940009;AV
2025-11-30;Ávila;Hombre;20-29;74;0.985090522;AV
2025-11-30;Ávila;Hombre;30-39;127;1.519138756;AV
2025-11-30;Ávila;Mujer;13-19;21;0.416088766;AV
2025-11-30;Ávila;Mujer;60-69;1809;15.68950564;AV
2025-11-30;Burgos;Hombre;0-4;4;0.068787618;BU
2025-11-30;Burgos;Hombre;05-12;15;0.118821293;BU
2025-11-30;Burgos;Hombre;13-19;53;0.418443076;BU
2025-11-30;Burgos;Hombre;20-29;112;0.636761612;BU
2025-11-30;Burgos;Hombre;30-39;215;1.093757949;BU
2025-11-30;Burgos;Mujer;05-12;8;0.067176085;BU
2025-11-30;Burgos;Mujer;13-19;49;0.412145681;BU
2025-11-30;Burgos;Mujer;20-29;221;1.397584266;BU
2025-11-30;Burgos;Mujer;>89;3879;68.07651808;BU
2025-11-30;Burgos;Hombre;50-59;1303;4.529495603;BU
2025-11-30;Burgos;Hombre;80-89;5630;62.25121628;BU
2025-11-30;Burgos;Hombre;>89;1601;69.51801997;BU
2025-11-30;Burgos;Mujer;0-4;5;0.091207588;BU
2025-11-30;Burgos;Mujer;30-39;402;2.187755102;BU
2025-11-30;Burgos;Mujer;50-59;1511;5.397006822;BU
2025-11-30;Burgos;Mujer;70-79;6852;36.36749642;BU
2025-11-30;Burgos;Hombre;40-49;562;2.075715605;BU
2025-11-30;Burgos;Hombre;60-69;4261;16.37964173;BU
2025-11-30;Burgos;Hombre;70-79;7972;43.63437329;BU
2025-11-30;Burgos;Mujer;40-49;775;2.998529753;BU
2025-11-30;Burgos;Mujer;60-69;3732;14.83424756;BU
2025-11-30;Burgos;Mujer;80-89;7013;54.33064766;BU
2025-11-30;Castilla y León;Hombre;20-29;945;1.501127044;Castilla y LE
2025-11-30;Castilla y León;Hombre;30-39;1831;2.776380224;Castilla y LE
2025-11-30;Castilla y León;Hombre;70-79;53872;35.89832921;Castilla y LE
2025-11-30;Castilla y León;Mujer;70-79;48559;39.64406319;Castilla y LE
2025-11-30;Castilla y León;Hombre;13-19;429;0.527200592;Castilla y LE
2025-11-30;Castilla y León;Hombre;40-49;4333;3.411136288;Castilla y LE
2025-11-30;Castilla y León;Hombre;60-69;31129;15.72892427;Castilla y LE
2025-11-30;Castilla y León;Hombre;80-89;39320;51.84291719;Castilla y LE
2025-11-30;Castilla y León;Hombre;>89;12450;66.69562412;Castilla y LE
2025-11-30;Castilla y León;Mujer;0-4;30;0.085427493;Castilla y LE
2025-11-30;Castilla y León;Mujer;60-69;27751;16.67685571;Castilla y LE
2025-11-30;Castilla y León;Mujer;80-89;50160;54.90573345;Castilla y LE
2025-11-30;Castilla y León;Hombre;0-4;32;0.082396563;Castilla y LE
2025-11-30;Castilla y León;Hombre;05-12;133;0.124410418;Castilla y LE
2025-11-30;Castilla y León;Hombre;50-59;9861;5.858231739;Castilla y LE
2025-11-30;Castilla y León;Mujer;05-12;91;0.14829723;Castilla y LE
2025-11-30;Castilla y León;Mujer;13-19;394;0.534065418;Castilla y LE
2025-11-30;Castilla y León;Mujer;20-29;1592;1.154231254;Castilla y LE
2025-11-30;Castilla y León;Mujer;30-39;3324;2.096937292;Castilla y LE
2025-11-30;Castilla y León;Mujer;40-49;5875;2.932861783;Castilla y LE
2025-11-30;Castilla y León;Mujer;50-59;11154;5.51418463;Castilla y LE
2025-11-30;Castilla y León;Mujer;>89;26894;67.4930893;Castilla y LE
2025-11-30;León;Hombre;05-12;20;0.152613506;LE
2025-11-30;León;Hombre;30-39;236;1.038184058;LE
2025-11-30;León;Hombre;40-49;615;1.911956724;LE
2025-11-30;León;Hombre;70-79;8870;37.51162987;LE
2025-11-30;León;Hombre;80-89;6921;52.71134806;LE
2025-11-30;León;Hombre;>89;2479;65.56466543;LE
2025-11-30;León;Mujer;0-4;6;0.106496273;LE
2025-11-30;León;Mujer;05-12;19;0.155597412;LE
2025-11-30;León;Mujer;13-19;37;0.29138447;LE
2025-11-30;León;Mujer;20-29;182;1.016192071;LE
2025-11-30;León;Mujer;70-79;8206;30.38021547;LE
2025-11-30;León;Hombre;13-19;40;0.302755071;LE
2025-11-30;León;Hombre;50-59;1458;4.089646854;LE
2025-11-30;León;Mujer;30-39;473;2.192250649;LE
2025-11-30;León;Mujer;50-59;1600;4.416839199;LE
2025-11-30;León;Mujer;60-69;4368;12.32818718;LE
2025-11-30;León;Mujer;80-89;9231;45.49980284;LE
2025-11-30;León;Hombre;0-4;5;0.081833061;LE
2025-11-30;León;Hombre;20-29;100;0.517330574;LE
2025-11-30;León;Hombre;60-69;5155;14.74457983;LE
2025-11-30;León;Mujer;40-49;822;2.54512803;LE
2025-11-30;León;Mujer;>89;5361;61.64903404;LE
2025-11-30;Palencia;Hombre;40-49;257;2.266513802;PA
2025-11-30;Palencia;Hombre;70-79;3690;43.01702028;PA
2025-11-30;Palencia;Mujer;0-4;2;0.089968511;PA
2025-11-30;Palencia;Mujer;60-69;1639;12.99143944;PA
2025-11-30;Palencia;Hombre;13-19;29;0.601909506;PA
2025-11-30;Palencia;Hombre;20-29;54;0.769559641;PA
2025-11-30;Palencia;Hombre;30-39;109;1.284619918;PA
2025-11-30;Palencia;Hombre;60-69;1920;14.93001555;PA
2025-11-30;Palencia;Mujer;05-12;12;0.254129606;PA
2025-11-30;Palencia;Mujer;20-29;72;1.091405184;PA
2025-11-30;Palencia;Mujer;70-79;3059;33.81605129;PA
2025-11-30;Palencia;Hombre;0-4;3;0.125786164;PA
2025-11-30;Palencia;Hombre;05-12;11;0.215940322;PA
2025-11-30;Palencia;Hombre;50-59;628;4.960113735;PA
2025-11-30;Palencia;Hombre;80-89;2344;58.14934259;PA
2025-11-30;Palencia;Hombre;>89;742;69.02325581;PA
2025-11-30;Palencia;Mujer;13-19;23;0.503062117;PA
2025-11-30;Palencia;Mujer;30-39;181;2.312507985;PA
2025-11-30;Palencia;Mujer;40-49;352;3.21666819;PA
2025-11-30;Palencia;Mujer;50-59;660;5.406290957;PA
2025-11-30;Palencia;Mujer;80-89;3054;49.77183833;PA
2025-11-30;Palencia;Mujer;>89;1881;66.4664311;PA
2025-11-30;Salamanca;Hombre;05-12;23;0.228582787;SA
2025-11-30;Salamanca;Hombre;50-59;1297;5.13013211;SA
2025-11-30;Salamanca;Hombre;60-69;3819;16.03274559;SA
2025-11-30;Salamanca;Hombre;70-79;6932;41.72133614;SA
2025-11-30;Salamanca;Mujer;0-4;7;0.156110616;SA
2025-11-30;Salamanca;Mujer;20-29;254;1.688605239;SA
2025-11-30;Salamanca;Mujer;50-59;1525;5.737612401;SA
2025-11-30;Salamanca;Mujer;>89;4113;67.6035503;SA
2025-11-30;Salamanca;Hombre;0-4;6;0.124740125;SA
2025-11-30;Salamanca;Hombre;20-29;127;0.814938398;SA
2025-11-30;Salamanca;Hombre;30-39;280;1.668653159;SA
2025-11-30;Salamanca;Hombre;40-49;596;2.685894547;SA
2025-11-30;Salamanca;Hombre;>89;1958;67.47070986;SA
2025-11-30;Salamanca;Mujer;05-12;11;0.114273842;SA
2025-11-30;Salamanca;Mujer;60-69;3402;13.99481673;SA
2025-11-30;Salamanca;Hombre;13-19;52;0.488446365;SA
2025-11-30;Salamanca;Hombre;80-89;5580;55.78326502;SA
2025-11-30;Salamanca;Mujer;13-19;55;0.545418485;SA
2025-11-30;Salamanca;Mujer;30-39;525;3.174315255;SA
2025-11-30;Salamanca;Mujer;40-49;834;3.711615487;SA
2025-11-30;Salamanca;Mujer;70-79;6551;34.19994779;SA
2025-11-30;Salamanca;Mujer;80-89;7153;49.37871048;SA
2025-11-30;Segovia;Hombre;0-4;1;0.037481259;SE
2025-11-30;Segovia;Hombre;60-69;2349;20.66871975;SE
2025-11-30;Segovia;Hombre;>89;856;80.67860509;SE
2025-11-30;Segovia;Mujer;05-12;14;0.267022697;SE
2025-11-30;Segovia;Mujer;13-19;29;0.551226003;SE
2025-11-30;Segovia;Mujer;20-29;142;1.877561814;SE
2025-11-30;Segovia;Mujer;30-39;256;3.122712857;SE
2025-11-30;Segovia;Mujer;70-79;3151;44.02067617;SE
2025-11-30;Segovia;Hombre;20-29;78;0.950871632;SE
2025-11-30;Segovia;Hombre;30-39;139;1.579545455;SE
2025-11-30;Segovia;Mujer;0-4;2;0.079840319;SE
2025-11-30;Segovia;Mujer;50-59;984;7.896637509;SE
2025-11-30;Segovia;Mujer;>89;1807;74.5769707;SE
2025-11-30;Segovia;Hombre;05-12;12;0.216489266;SE
2025-11-30;Segovia;Hombre;13-19;47;0.839885633;SE
2025-11-30;Segovia;Hombre;40-49;309;2.65327151;SE
2025-11-30;Segovia;Hombre;50-59;758;5.860522653;SE
2025-11-30;Segovia;Hombre;70-79;3563;51.07511468;SE
2025-11-30;Segovia;Hombre;80-89;2404;64.67581383;SE
2025-11-30;Segovia;Mujer;40-49;485;4.308047611;SE
2025-11-30;Segovia;Mujer;60-69;2209;21.00209165;SE
2025-11-30;Segovia;Mujer;80-89;3290;59.56907478;SE
2025-11-30;Soria;Hombre;0-4;1;0.06377551;SO
2025-11-30;Soria;Hombre;05-12;0;0.0;SO
2025-11-30;Soria;Hombre;30-39;57;1.130952381;SO
2025-11-30;Soria;Mujer;13-19;9;0.321313816;SO
2025-11-30;Soria;Mujer;40-49;200;3.298153034;SO
2025-11-30;Soria;Mujer;50-59;450;6.709408081;SO
2025-11-30;Soria;Mujer;60-69;1053;17.67371601;SO
2025-11-30;Soria;Mujer;70-79;1857;42.58197661;SO
2025-11-30;Soria;Hombre;20-29;31;0.669980549;SO
2025-11-30;Soria;Hombre;50-59;388;5.303444505;SO
2025-11-30;Soria;Hombre;60-69;1295;19.59745763;SO
2025-11-30;Soria;Hombre;70-79;2103;47.55766621;SO
2025-11-30;Soria;Hombre;80-89;1750;67.75067751;SO
2025-11-30;Soria;Hombre;>89;675;75.75757576;SO
2025-11-30;Soria;Mujer;05-12;0;0.0;SO
2025-11-30;Soria;Mujer;20-29;56;1.331747919;SO
2025-11-30;Soria;Mujer;30-39;128;2.740899358;SO
2025-11-30;Soria;Mujer;>89;1283;74.37681159;SO
2025-11-30;Soria;Hombre;13-19;4;0.131535679;SO
2025-11-30;Soria;Hombre;40-49;149;2.278984399;SO
2025-11-30;Soria;Mujer;0-4;0;0.0;SO
2025-11-30;Soria;Mujer;80-89;2169;61.25388308;SO
2025-11-30;Valladolid;Hombre;13-19;168;0.883838384;VA
2025-11-30;Valladolid;Hombre;30-39;547;2.032097481;VA
2025-11-30;Valladolid;Mujer;40-49;1731;4.225867878;VA
2025-11-30;Valladolid;Mujer;70-79;12312;40.74392746;VA
2025-11-30;Valladolid;Hombre;0-4;11;0.131327603;VA
2025-11-30;Valladolid;Hombre;05-12;40;0.215088455;VA
2025-11-30;Valladolid;Hombre;60-69;8195;24.03578237;VA
2025-11-30;Valladolid;Hombre;70-79;13054;50.64008069;VA
2025-11-30;Valladolid;Hombre;80-89;8733;68.53174292;VA
2025-11-30;Valladolid;Mujer;50-59;3057;7.165795457;VA
2025-11-30;Valladolid;Mujer;>89;4647;71.76833977;VA
2025-11-30;Valladolid;Hombre;20-29;299;1.215150776;VA
2025-11-30;Valladolid;Hombre;40-49;1310;3.190686119;VA
2025-11-30;Valladolid;Hombre;50-59;2833;6.804861645;VA
2025-11-30;Valladolid;Hombre;>89;2043;75.0;VA
2025-11-30;Valladolid;Mujer;0-4;6;0.074524904;VA
2025-11-30;Valladolid;Mujer;05-12;19;0.107979086;VA
2025-11-30;Valladolid;Mujer;13-19;158;0.890642616;VA
2025-11-30;Valladolid;Mujer;20-29;475;2.004726935;VA
2025-11-30;Valladolid;Mujer;30-39;984;3.720086197;VA
2025-11-30;Valladolid;Mujer;60-69;7861;21.08015339;VA
2025-11-30;Valladolid;Mujer;80-89;10844;58.7973757;VA
2025-11-30;Zamora;Hombre;40-49;241;2.10609106;ZA
2025-11-30;Zamora;Hombre;60-69;1967;14.38706846;ZA
2025-11-30;Zamora;Mujer;0-4;0;0.0;ZA
2025-11-30;Zamora;Mujer;30-39;173;2.264397906;ZA
2025-11-30;Zamora;Mujer;70-79;3451;32.40984222;ZA
2025-11-30;Zamora;Mujer;>89;2311;64.84287318;ZA
2025-11-30;Zamora;Hombre;0-4;0;0.0;ZA
2025-11-30;Zamora;Hombre;50-59;534;4.065164434;ZA
2025-11-30;Zamora;Hombre;70-79;4039;40.31340453;ZA
2025-11-30;Zamora;Mujer;05-12;4;0.099850225;ZA
2025-11-30;Zamora;Mujer;13-19;11;0.258034248;ZA
2025-11-30;Zamora;Mujer;20-29;70;1.087294191;ZA
2025-11-30;Zamora;Mujer;50-59;615;4.837948395;ZA
2025-11-30;Zamora;Hombre;05-12;6;0.136549841;ZA
2025-11-30;Zamora;Hombre;13-19;7;0.155245065;ZA
2025-11-30;Zamora;Hombre;20-29;50;0.713775874;ZA
2025-11-30;Zamora;Hombre;30-39;101;1.226770315;ZA
2025-11-30;Zamora;Hombre;80-89;3418;55.53208773;ZA
2025-11-30;Zamora;Hombre;>89;1239;67.19088937;ZA
2025-11-30;Zamora;Mujer;40-49;315;2.908587258;ZA
2025-11-30;Zamora;Mujer;60-69;1572;12.14087118;ZA
2025-11-30;Zamora;Mujer;80-89;4308;48.52990875;ZA
2025-11-23;Ávila;Hombre;0-4;1;0.040257649;AV
2025-11-23;Ávila;Hombre;05-12;6;0.111420613;AV
2025-11-23;Ávila;Hombre;40-49;251;2.176740959;AV
2025-11-23;Ávila;Hombre;70-79;3320;39.42992874;AV
2025-11-23;Ávila;Hombre;80-89;2347;50.09605123;AV
2025-11-23;Ávila;Mujer;70-79;2838;33.51440718;AV
2025-11-23;Ávila;Mujer;80-89;2914;45.64536341;AV
2025-11-23;Ávila;Mujer;>89;1534;54.90336435;AV
2025-11-23;Ávila;Hombre;30-39;121;1.447368421;AV
2025-11-23;Ávila;Hombre;50-59;579;4.518495396;AV
2025-11-23;Ávila;Mujer;05-12;4;0.08097166;AV
2025-11-23;Ávila;Mujer;20-29;84;1.201201201;AV
2025-11-23;Ávila;Mujer;60-69;1693;14.68343452;AV
2025-11-23;Ávila;Hombre;13-19;23;0.418105799;AV
2025-11-23;Ávila;Hombre;20-29;70;0.931842386;AV
2025-11-23;Ávila;Hombre;60-69;1917;15.29928172;AV
2025-11-23;Ávila;Hombre;>89;818;59.57756737;AV
2025-11-23;Ávila;Mujer;0-4;0;0.0;AV
2025-11-23;Ávila;Mujer;13-19;20;0.396275015;AV
2025-11-23;Ávila;Mujer;30-39;185;2.318295739;AV
2025-11-23;Ávila;Mujer;40-49;312;2.835590294;AV
2025-11-23;Ávila;Mujer;50-59;673;5.417807116;AV
2025-11-23;Burgos;Hombre;05-12;10;0.079214195;BU
2025-11-23;Burgos;Hombre;60-69;3930;15.10724994;BU
2025-11-23;Burgos;Mujer;20-29;200;1.264782141;BU
2025-11-23;Burgos;Mujer;30-39;360;1.959183673;BU
2025-11-23;Burgos;Mujer;40-49;711;2.750909232;BU
2025-11-23;Burgos;Mujer;60-69;3423;13.60601002;BU
2025-11-23;Burgos;Mujer;80-89;6737;52.1924388;BU
2025-11-23;Burgos;Hombre;0-4;4;0.068787618;BU
2025-11-23;Burgos;Hombre;20-29;103;0.585593269;BU
2025-11-23;Burgos;Hombre;70-79;7491;41.00164204;BU
2025-11-23;Burgos;Hombre;80-89;5402;59.73020787;BU
2025-11-23;Burgos;Hombre;>89;1564;67.91141989;BU
2025-11-23;Burgos;Mujer;13-19;46;0.386912272;BU
2025-11-23;Burgos;Hombre;13-19;49;0.386862466;BU
2025-11-23;Burgos;Hombre;30-39;185;0.941140561;BU
2025-11-23;Burgos;Hombre;40-49;491;1.813481071;BU
2025-11-23;Burgos;Hombre;50-59;1162;4.039350645;BU
2025-11-23;Burgos;Mujer;0-4;3;0.054724553;BU
2025-11-23;Burgos;Mujer;05-12;6;0.050382064;BU
2025-11-23;Burgos;Mujer;50-59;1363;4.868378755;BU
2025-11-23;Burgos;Mujer;70-79;6402;33.97908816;BU
2025-11-23;Burgos;Mujer;>89;3804;66.76026676;BU
2025-11-23;Castilla y León;Hombre;05-12;117;0.109371796;Castilla y LE
2025-11-23;Castilla y León;Hombre;20-29;854;1.377391972;Castilla y LE
2025-11-23;Castilla y León;Hombre;80-89;37755;49.8581575;Castilla y LE
2025-11-23;Castilla y León;Mujer;20-29;1462;1.053178076;Castilla y LE
2025-11-23;Castilla y León;Mujer;70-79;45779;37.44827854;Castilla y LE
2025-11-23;Castilla y León;Hombre;0-4;30;0.070625625;Castilla y LE
2025-11-23;Castilla y León;Hombre;13-19;389;0.484163809;Castilla y LE
2025-11-23;Castilla y León;Hombre;70-79;50973;33.84504766;Castilla y LE
2025-11-23;Castilla y León;Mujer;0-4;26;0.076884744;Castilla y LE
2025-11-23;Castilla y León;Mujer;05-12;80;0.130422117;Castilla y LE
2025-11-23;Castilla y León;Mujer;13-19;362;0.487766707;Castilla y LE
2025-11-23;Castilla y León;Mujer;60-69;25645;15.45075849;Castilla y LE
2025-11-23;Castilla y León;Hombre;30-39;1618;2.570939827;Castilla y LE
2025-11-23;Castilla y León;Hombre;40-49;3903;3.108817345;Castilla y LE
2025-11-23;Castilla y León;Hombre;50-59;8907;5.323416082;Castilla y LE
2025-11-23;Castilla y León;Hombre;60-69;28902;14.53752013;Castilla y LE
2025-11-23;Castilla y León;Hombre;>89;12109;65.01030058;Castilla y LE
2025-11-23;Castilla y León;Mujer;30-39;3077;1.909842341;Castilla y LE
2025-11-23;Castilla y León;Mujer;40-49;5354;2.659393408;Castilla y LE
2025-11-23;Castilla y León;Mujer;50-59;10137;4.996777715;Castilla y LE
2025-11-23;Castilla y León;Mujer;80-89;48240;52.76652508;Castilla y LE
2025-11-23;Castilla y León;Mujer;>89;26215;65.74523977;Castilla y LE
2025-11-23;León;Hombre;40-49;557;1.731642107;LE
2025-11-23;León;Hombre;80-89;6608;50.32749429;LE
2025-11-23;León;Mujer;05-12;16;0.1310294;LE
2025-11-23;León;Hombre;0-4;5;0.081833061;LE
2025-11-23;León;Hombre;05-12;19;0.144982831;LE
2025-11-23;León;Hombre;20-29;90;0.465597517;LE
2025-11-23;León;Hombre;60-69;4772;13.64910474;LE
2025-11-23;León;Hombre;>89;2400;63.47527109;LE
2025-11-23;León;Mujer;20-29;168;0.938023451;LE
2025-11-23;León;Mujer;30-39;434;2.011494253;LE
2025-11-23;León;Mujer;50-59;1455;4.016563147;LE
2025-11-23;León;Mujer;60-69;4022;11.35164122;LE
2025-11-23;León;Hombre;13-19;37;0.280048441;LE
2025-11-23;León;Hombre;30-39;214;0.941404188;LE
2025-11-23;León;Hombre;50-59;1325;3.71658579;LE
2025-11-23;León;Hombre;70-79;8303;35.11376131;LE
2025-11-23;León;Mujer;0-4;6;0.106496273;LE
2025-11-23;León;Mujer;13-19;35;0.275633958;LE
2025-11-23;León;Mujer;40-49;758;2.346967211;LE
2025-11-23;León;Mujer;70-79;7658;28.35141239;LE
2025-11-23;León;Mujer;80-89;8821;43.47890379;LE
2025-11-23;León;Mujer;>89;5203;59.83210672;LE
2025-11-23;Palencia;Hombre;05-12;10;0.196309384;PA
2025-11-23;Palencia;Hombre;20-29;50;0.712555223;PA
2025-11-23;Palencia;Hombre;40-49;235;2.072493165;PA
2025-11-23;Palencia;Hombre;50-59;554;4.375641734;PA
2025-11-23;Palencia;Mujer;13-19;21;0.459317585;PA
2025-11-23;Palencia;Mujer;40-49;309;2.823722928;PA
2025-11-23;Palencia;Mujer;60-69;1484;11.76284084;PA
2025-11-23;Palencia;Hombre;0-4;1;0.041928721;PA
2025-11-23;Palencia;Hombre;13-19;28;0.581154006;PA
2025-11-23;Palencia;Hombre;30-39;94;1.10783736;PA
2025-11-23;Palencia;Hombre;80-89;2244;55.66856859;PA
2025-11-23;Palencia;Hombre;>89;717;66.69767442;PA
2025-11-23;Palencia;Mujer;20-29;64;0.970137941;PA
2025-11-23;Palencia;Mujer;30-39;164;2.095311103;PA
2025-11-23;Palencia;Mujer;50-59;597;4.890235911;PA
2025-11-23;Palencia;Hombre;60-69;1727;13.42923795;PA
2025-11-23;Palencia;Hombre;70-79;3473;40.48729308;PA
2025-11-23;Palencia;Mujer;0-4;1;0.044984256;PA
2025-11-23;Palencia;Mujer;05-12;12;0.254129606;PA
2025-11-23;Palencia;Mujer;70-79;2870;31.72673005;PA
2025-11-23;Palencia;Mujer;80-89;2922;47.62059974;PA
2025-11-23;Palencia;Mujer;>89;1822;64.38162544;PA
2025-11-23;Salamanca;Hombre;40-49;535;2.410995944;SA
2025-11-23;Salamanca;Hombre;>89;1911;65.85113715;SA
2025-11-23;Salamanca;Mujer;05-12;10;0.103885311;SA
2025-11-23;Salamanca;Mujer;20-29;233;1.548996144;SA
2025-11-23;Salamanca;Mujer;40-49;736;3.275478416;SA
2025-11-23;Salamanca;Mujer;70-79;6139;32.04907335;SA
2025-11-23;Salamanca;Hombre;0-4;6;0.124740125;SA
2025-11-23;Salamanca;Hombre;05-12;21;0.208706023;SA
2025-11-23;Salamanca;Hombre;13-19;47;0.441480368;SA
2025-11-23;Salamanca;Hombre;20-29;108;0.69301848;SA
2025-11-23;Salamanca;Hombre;30-39;239;1.42431466;SA
2025-11-23;Salamanca;Hombre;50-59;1155;4.568467685;SA
2025-11-23;Salamanca;Hombre;60-69;3509;14.73131822;SA
2025-11-23;Salamanca;Hombre;70-79;6513;39.19951851;SA
2025-11-23;Salamanca;Hombre;80-89;5337;53.3539938;SA
2025-11-23;Salamanca;Mujer;0-4;7;0.156110616;SA
2025-11-23;Salamanca;Mujer;13-19;49;0.485918286;SA
2025-11-23;Salamanca;Mujer;30-39;479;2.896184775;SA
2025-11-23;Salamanca;Mujer;50-59;1374;5.169494714;SA
2025-11-23;Salamanca;Mujer;60-69;3077;12.65786334;SA
2025-11-23;Salamanca;Mujer;80-89;6856;47.32845506;SA
2025-11-23;Salamanca;Mujer;>89;4032;66.27218935;SA
2025-11-23;Segovia;Hombre;40-49;278;2.387085695;SE
2025-11-23;Segovia;Hombre;70-79;3388;48.56651376;SE
2025-11-23;Segovia;Hombre;80-89;2313;62.22760291;SE
2025-11-23;Segovia;Mujer;0-4;1;0.03992016;SE
2025-11-23;Segovia;Mujer;13-19;26;0.494202623;SE
2025-11-23;Segovia;Mujer;>89;1762;72.71976888;SE
2025-11-23;Segovia;Hombre;13-19;42;0.750536097;SE
2025-11-23;Segovia;Hombre;30-39;124;1.409090909;SE
2025-11-23;Segovia;Hombre;50-59;694;5.365702799;SE
2025-11-23;Segovia;Mujer;30-39;243;2.964137595;SE
2025-11-23;Segovia;Mujer;50-59;903;7.246609421;SE
2025-11-23;Segovia;Mujer;80-89;3175;57.48687308;SE
2025-11-23;Segovia;Hombre;0-4;1;0.037481259;SE
2025-11-23;Segovia;Hombre;05-12;9;0.162366949;SE
2025-11-23;Segovia;Hombre;20-29;72;0.877727661;SE
2025-11-23;Segovia;Hombre;60-69;2188;19.25208975;SE
2025-11-23;Segovia;Hombre;>89;833;78.51083883;SE
2025-11-23;Segovia;Mujer;05-12;10;0.190730498;SE
2025-11-23;Segovia;Mujer;20-29;131;1.732116885;SE
2025-11-23;Segovia;Mujer;40-49;449;3.988275004;SE
2025-11-23;Segovia;Mujer;60-69;2050;19.49039741;SE
2025-11-23;Segovia;Mujer;70-79;2987;41.72953339;SE
2025-11-23;Soria;Hombre;05-12;0;0.0;SO
2025-11-23;Soria;Hombre;30-39;46;0.912698413;SO
2025-11-23;Soria;Hombre;40-49;119;1.82012848;SO
2025-11-23;Soria;Hombre;50-59;346;4.729360306;SO
2025-11-23;Soria;Hombre;60-69;1195;18.08414044;SO
2025-11-23;Soria;Hombre;80-89;1679;65.00193573;SO
2025-11-23;Soria;Mujer;0-4;0;0.0;SO
2025-11-23;Soria;Mujer;20-29;47;1.117717004;SO
2025-11-23;Soria;Mujer;80-89;2071;58.4863033;SO
2025-11-23;Soria;Mujer;>89;1255;72.75362319;SO
2025-11-23;Soria;Hombre;0-4;1;0.06377551;SO
2025-11-23;Soria;Hombre;13-19;4;0.131535679;SO
2025-11-23;Soria;Hombre;20-29;25;0.540306894;SO
2025-11-23;Soria;Hombre;>89;650;72.95173962;SO
2025-11-23;Soria;Mujer;05-12;0;0.0;SO
2025-11-23;Soria;Mujer;40-49;179;2.951846966;SO
2025-11-23;Soria;Mujer;50-59;409;6.098106456;SO
2025-11-23;Soria;Mujer;60-69;955;16.02886875;SO
2025-11-23;Soria;Mujer;70-79;1718;39.39463426;SO
2025-11-23;Soria;Hombre;70-79;1969;44.52736318;SO
2025-11-23;Soria;Mujer;13-19;8;0.285612281;SO
2025-11-23;Soria;Mujer;30-39;111;2.376873662;SO
2025-11-23;Valladolid;Hombre;20-29;272;1.105421442;VA
2025-11-23;Valladolid;Hombre;50-59;2579;6.194754035;VA
2025-11-23;Valladolid;Hombre;60-69;7675;22.51063206;VA
2025-11-23;Valladolid;Hombre;80-89;8408;65.98132308;VA
2025-11-23;Valladolid;Mujer;05-12;18;0.102295976;VA
2025-11-23;Valladolid;Mujer;40-49;1593;3.888970265;VA
2025-11-23;Valladolid;Mujer;50-59;2768;6.488361736;VA
2025-11-23;Valladolid;Hombre;0-4;11;0.131327603;VA
2025-11-23;Valladolid;Hombre;13-19;152;0.7996633;VA
2025-11-23;Valladolid;Hombre;30-39;490;1.820343265;VA
2025-11-23;Valladolid;Hombre;70-79;12447;48.28535961;VA
2025-11-23;Valladolid;Mujer;0-4;6;0.074524904;VA
2025-11-23;Valladolid;Mujer;13-19;145;0.817361894;VA
2025-11-23;Valladolid;Mujer;30-39;922;3.485690522;VA
2025-11-23;Valladolid;Mujer;80-89;10427;56.53635526;VA
2025-11-23;Valladolid;Hombre;05-12;36;0.19357961;VA
2025-11-23;Valladolid;Hombre;40-49;1197;2.915458996;VA
2025-11-23;Valladolid;Hombre;>89;1979;72.65051395;VA
2025-11-23;Valladolid;Mujer;20-29;445;1.878112602;VA
2025-11-23;Valladolid;Mujer;60-69;7353;19.7178944;VA
2025-11-23;Valladolid;Mujer;70-79;11710;38.75173738;VA
2025-11-23;Valladolid;Mujer;>89;4483;69.23552124;VA
2025-11-23;Zamora;Hombre;50-59;489;3.722594397;ZA
2025-11-23;Zamora;Hombre;80-89;3345;54.34606011;ZA
2025-11-23;Zamora;Mujer;70-79;3337;31.33921863;ZA
2025-11-23;Zamora;Hombre;0-4;0;0.0;ZA
2025-11-23;Zamora;Hombre;13-19;6;0.133067199;ZA
2025-11-23;Zamora;Hombre;30-39;86;1.044576704;ZA
2025-11-23;Zamora;Hombre;40-49;219;1.913833785;ZA
2025-11-23;Zamora;Hombre;>89;1228;66.59436009;ZA
2025-11-23;Zamora;Mujer;0-4;0;0.0;ZA
2025-11-23;Zamora;Mujer;13-19;10;0.234576589;ZA
2025-11-23;Zamora;Mujer;30-39;168;2.19895288;ZA
2025-11-23;Zamora;Mujer;40-49;290;2.677746999;ZA
2025-11-23;Zamora;Mujer;60-69;1494;11.53846154;ZA
2025-11-23;Zamora;Mujer;>89;2297;64.45005612;ZA
2025-11-23;Zamora;Hombre;05-12;6;0.136549841;ZA
2025-11-23;Zamora;Hombre;20-29;46;0.656673804;ZA
2025-11-23;Zamora;Hombre;60-69;1874;13.70684611;ZA
2025-11-23;Zamora;Hombre;70-79;3915;39.07575606;ZA
2025-11-23;Zamora;Mujer;05-12;4;0.099850225;ZA
2025-11-23;Zamora;Mujer;20-29;64;0.994097546;ZA
2025-11-23;Zamora;Mujer;50-59;571;4.491818754;ZA
2025-11-23;Zamora;Mujer;80-89;4233;47.68502873;ZA
2025-11-16;Ávila;Hombre;0-4;1;0.040257649;AV
2025-11-16;Ávila;Hombre;40-49;231;2.003295464;AV
2025-11-16;Ávila;Hombre;>89;753;54.84340859;AV
2025-11-16;Ávila;Mujer;05-12;4;0.08097166;AV
2025-11-16;Ávila;Mujer;40-49;280;2.54476052;AV
2025-11-16;Ávila;Hombre;13-19;22;0.399927286;AV
2025-11-16;Ávila;Hombre;50-59;516;4.026845638;AV
2025-11-16;Ávila;Hombre;80-89;2153;45.95517609;AV
2025-11-16;Ávila;Mujer;20-29;79;1.12970113;AV
2025-11-16;Ávila;Mujer;30-39;172;2.155388471;AV
2025-11-16;Ávila;Mujer;60-69;1533;13.29575022;AV
2025-11-16;Ávila;Mujer;80-89;2652;41.54135338;AV
2025-11-16;Ávila;Mujer;>89;1377;49.28418039;AV
2025-11-16;Ávila;Hombre;05-12;6;0.111420613;AV
2025-11-16;Ávila;Hombre;20-29;61;0.812034079;AV
2025-11-16;Ávila;Hombre;30-39;114;1.363636364;AV
2025-11-16;Ávila;Hombre;60-69;1737;13.86272945;AV
2025-11-16;Ávila;Hombre;70-79;3016;35.81947743;AV
2025-11-16;Ávila;Mujer;0-4;0;0.0;AV
2025-11-16;Ávila;Mujer;13-19;19;0.376461264;AV
2025-11-16;Ávila;Mujer;50-59;602;4.846240541;AV
2025-11-16;Ávila;Mujer;70-79;2599;30.69201701;AV
2025-11-16;Burgos;Hombre;05-12;10;0.079214195;BU
2025-11-16;Burgos;Hombre;30-39;166;0.844482881;BU
2025-11-16;Burgos;Hombre;70-79;6779;37.10454297;BU
2025-11-16;Burgos;Mujer;30-39;329;1.79047619;BU
2025-11-16;Burgos;Mujer;40-49;639;2.472336145;BU
2025-11-16;Burgos;Mujer;70-79;5739;30.46016666;BU
2025-11-16;Burgos;Mujer;>89;3628;63.67146367;BU
2025-11-16;Burgos;Hombre;0-4;4;0.068787618;BU
2025-11-16;Burgos;Hombre;13-19;41;0.323701247;BU
2025-11-16;Burgos;Hombre;50-59;1050;3.650015643;BU
2025-11-16;Burgos;Hombre;60-69;3510;13.49273468;BU
2025-11-16;Burgos;Hombre;80-89;5013;55.42901371;BU
2025-11-16;Burgos;Hombre;>89;1490;64.69821971;BU
2025-11-16;Burgos;Mujer;0-4;3;0.054724553;BU
2025-11-16;Burgos;Mujer;05-12;6;0.050382064;BU
2025-11-16;Burgos;Mujer;20-29;176;1.113008284;BU
2025-11-16;Burgos;Mujer;60-69;3042;12.09158121;BU
2025-11-16;Burgos;Hombre;20-29;93;0.528739553;BU
2025-11-16;Burgos;Hombre;40-49;439;1.621421976;BU
2025-11-16;Burgos;Mujer;13-19;33;0.277567499;BU
2025-11-16;Burgos;Mujer;50-59;1227;4.382612423;BU
2025-11-16;Burgos;Mujer;80-89;6295;48.76820576;BU
2025-11-16;Castilla y León;Hombre;05-12;95;0.077927404;Castilla y LE
2025-11-16;Castilla y León;Hombre;30-39;1459;2.308479238;Castilla y LE
2025-11-16;Castilla y León;Hombre;50-59;8062;4.790179605;Castilla y LE
2025-11-16;Castilla y León;Hombre;70-79;46643;30.75771278;Castilla y LE
2025-11-16;Castilla y León;Hombre;80-89;35075;46.38974593;Castilla y LE
2025-11-16;Castilla y León;Mujer;0-4;22;0.06407062;Castilla y LE
2025-11-16;Castilla y León;Mujer;13-19;322;0.436903334;Castilla y LE
2025-11-16;Castilla y León;Mujer;20-29;1306;0.942390418;Castilla y LE
2025-11-16;Castilla y León;Mujer;40-49;4793;2.389675126;Castilla y LE
2025-11-16;Castilla y León;Mujer;50-59;9122;4.509094735;Castilla y LE
2025-11-16;Castilla y León;Mujer;60-69;22986;13.93064817;Castilla y LE
2025-11-16;Castilla y León;Hombre;40-49;3522;2.784945798;Castilla y LE
2025-11-16;Castilla y León;Hombre;60-69;26188;13.03148061;Castilla y LE
2025-11-16;Castilla y León;Mujer;05-12;57;0.100630263;Castilla y LE
2025-11-16;Castilla y León;Mujer;70-79;41602;34.15751271;Castilla y LE
2025-11-16;Castilla y León;Hombre;0-4;24;0.061797422;Castilla y LE
2025-11-16;Castilla y León;Hombre;13-19;352;0.429022931;Castilla y LE
2025-11-16;Castilla y León;Hombre;20-29;769;1.228718047;Castilla y LE
2025-11-16;Castilla y León;Hombre;>89;11415;61.09111668;Castilla y LE
2025-11-16;Castilla y León;Mujer;30-39;2764;1.717834611;Castilla y LE
2025-11-16;Castilla y León;Mujer;80-89;44882;49.06102276;Castilla y LE
2025-11-16;Castilla y León;Mujer;>89;24632;61.84434181;Castilla y LE
2025-11-16;León;Hombre;05-12;16;0.122090805;LE
2025-11-16;León;Hombre;40-49;498;1.548218616;LE
2025-11-16;León;Hombre;60-69;4279;12.23900235;LE
2025-11-16;León;Hombre;80-89;6023;45.87204874;LE
2025-11-16;León;Mujer;13-19;33;0.259883446;LE
2025-11-16;León;Hombre;0-4;4;0.065466448;LE
2025-11-16;León;Hombre;13-19;36;0.272479564;LE
2025-11-16;León;Hombre;30-39;186;0.818229808;LE
2025-11-16;León;Mujer;05-12;11;0.090082712;LE
2025-11-16;León;Mujer;20-29;149;0.831937465;LE
2025-11-16;León;Mujer;40-49;677;2.096169923;LE
2025-11-16;León;Mujer;50-59;1303;3.596963423;LE
2025-11-16;León;Mujer;60-69;3581;10.10696847;LE
2025-11-16;León;Mujer;80-89;8148;40.16167192;LE
2025-11-16;León;Hombre;20-29;78;0.403517848;LE
2025-11-16;León;Hombre;50-59;1180;3.309865081;LE
2025-11-16;León;Hombre;70-79;7550;31.92929037;LE
2025-11-16;León;Hombre;>89;2251;59.53451468;LE
2025-11-16;León;Mujer;0-4;6;0.106496273;LE
2025-11-16;León;Mujer;30-39;367;1.700964034;LE
2025-11-16;León;Mujer;70-79;6847;25.34893192;LE
2025-11-16;León;Mujer;>89;4874;56.04875805;LE
2025-11-16;Palencia;Hombre;20-29;48;0.684053014;PA
2025-11-16;Palencia;Hombre;40-49;209;1.843196049;PA
2025-11-16;Palencia;Hombre;70-79;3167;36.92002798;PA
2025-11-16;Palencia;Hombre;>89;678;63.06976744;PA
2025-11-16;Palencia;Mujer;70-79;2630;29.0736237;PA
2025-11-16;Palencia;Mujer;80-89;2749;44.8011734;PA
2025-11-16;Palencia;Hombre;05-12;0;0.0;PA
2025-11-16;Palencia;Hombre;30-39;84;0.989982322;PA
2025-11-16;Palencia;Hombre;60-69;1593;12.38724728;PA
2025-11-16;Palencia;Mujer;0-4;0;0.0;PA
2025-11-16;Palencia;Mujer;05-12;3;0.063532402;PA
2025-11-16;Palencia;Mujer;30-39;158;2.018653379;PA
2025-11-16;Palencia;Mujer;50-59;531;4.349606815;PA
2025-11-16;Palencia;Mujer;>89;1770;62.54416961;PA
2025-11-16;Palencia;Hombre;0-4;0;0.0;PA
2025-11-16;Palencia;Hombre;13-19;27;0.560398506;PA
2025-11-16;Palencia;Hombre;50-59;501;3.95703341;PA
2025-11-16;Palencia;Hombre;80-89;2106;52.24510047;PA
2025-11-16;Palencia;Mujer;13-19;18;0.393700787;PA
2025-11-16;Palencia;Mujer;20-29;61;0.924662725;PA
2025-11-16;Palencia;Mujer;40-49;283;2.586128118;PA
2025-11-16;Palencia;Mujer;60-69;1346;10.66899176;PA
2025-11-16;Salamanca;Hombre;13-19;41;0.385121172;SA
2025-11-16;Salamanca;Hombre;30-39;223;1.328963051;SA
2025-11-16;Salamanca;Hombre;60-69;3146;13.20738875;SA
2025-11-16;Salamanca;Mujer;13-19;43;0.426418088;SA
2025-11-16;Salamanca;Mujer;50-59;1221;4.593852289;SA
2025-11-16;Salamanca;Mujer;80-89;6406;44.22200746;SA
2025-11-16;Salamanca;Hombre;05-12;19;0.188829259;SA
2025-11-16;Salamanca;Hombre;70-79;5940;35.75082757;SA
2025-11-16;Salamanca;Mujer;0-4;6;0.133809099;SA
2025-11-16;Salamanca;Mujer;70-79;5572;29.0890107;SA
2025-11-16;Salamanca;Mujer;>89;3890;63.93819855;SA
2025-11-16;Salamanca;Hombre;0-4;4;0.083160083;SA
2025-11-16;Salamanca;Hombre;20-29;94;0.603182752;SA
2025-11-16;Salamanca;Hombre;40-49;472;2.127084272;SA
2025-11-16;Salamanca;Hombre;50-59;1049;4.149197057;SA
2025-11-16;Salamanca;Hombre;80-89;4955;49.53513946;SA
2025-11-16;Salamanca;Hombre;>89;1840;63.40454859;SA
2025-11-16;Salamanca;Mujer;05-12;6;0.062331186;SA
2025-11-16;Salamanca;Mujer;20-29;205;1.362850685;SA
2025-11-16;Salamanca;Mujer;30-39;428;2.587822722;SA
2025-11-16;Salamanca;Mujer;40-49;664;2.955051179;SA
2025-11-16;Salamanca;Mujer;60-69;2754;11.32913736;SA
2025-11-16;Segovia;Hombre;>89;802;75.58906692;SE
2025-11-16;Segovia;Mujer;0-4;1;0.03992016;SE
2025-11-16;Segovia;Mujer;05-12;8;0.152584398;SE
2025-11-16;Segovia;Mujer;30-39;227;2.768968041;SE
2025-11-16;Segovia;Mujer;40-49;406;3.606324392;SE
2025-11-16;Segovia;Mujer;60-69;1856;17.64594029;SE
2025-11-16;Segovia;Mujer;80-89;2998;54.28209307;SE
2025-11-16;Segovia;Hombre;13-19;37;0.661186562;SE
2025-11-16;Segovia;Hombre;20-29;68;0.828965013;SE
2025-11-16;Segovia;Hombre;40-49;262;2.249699468;SE
2025-11-16;Segovia;Hombre;50-59;632;4.886346065;SE
2025-11-16;Segovia;Mujer;13-19;26;0.494202623;SE
2025-11-16;Segovia;Mujer;20-29;116;1.53378289;SE
2025-11-16;Segovia;Mujer;50-59;832;6.676831715;SE
2025-11-16;Segovia;Hombre;0-4;1;0.037481259;SE
2025-11-16;Segovia;Hombre;05-12;8;0.144326177;SE
2025-11-16;Segovia;Hombre;30-39;117;1.329545455;SE
2025-11-16;Segovia;Hombre;60-69;2004;17.63308403;SE
2025-11-16;Segovia;Hombre;70-79;3128;44.83944954;SE
2025-11-16;Segovia;Hombre;80-89;2185;58.78396556;SE
2025-11-16;Segovia;Mujer;70-79;2758;38.53031573;SE
2025-11-16;Segovia;Mujer;>89;1715;70.78002476;SE
2025-11-16;Soria;Hombre;0-4;1;0.06377551;SO
2025-11-16;Soria;Hombre;05-12;0;0.0;SO
2025-11-16;Soria;Hombre;20-29;21;0.453857791;SO
2025-11-16;Soria;Hombre;30-39;41;0.813492063;SO
2025-11-16;Soria;Mujer;05-12;0;0.0;SO
2025-11-16;Soria;Mujer;20-29;42;0.998810939;SO
2025-11-16;Soria;Mujer;60-69;837;14.04833837;SO
2025-11-16;Soria;Mujer;>89;1211;70.20289855;SO
2025-11-16;Soria;Hombre;13-19;4;0.131535679;SO
2025-11-16;Soria;Hombre;40-49;111;1.697766901;SO
2025-11-16;Soria;Hombre;60-69;1097;16.60108959;SO
2025-11-16;Soria;Hombre;70-79;1810;40.93170511;SO
2025-11-16;Soria;Hombre;80-89;1569;60.74332172;SO
2025-11-16;Soria;Hombre;>89;626;70.25813692;SO
2025-11-16;Soria;Mujer;0-4;0;0.0;SO
2025-11-16;Soria;Mujer;13-19;8;0.285612281;SO
2025-11-16;Soria;Mujer;30-39;99;2.119914347;SO
2025-11-16;Soria;Mujer;80-89;1956;55.23863315;SO
2025-11-16;Soria;Hombre;50-59;314;4.291962821;SO
2025-11-16;Soria;Mujer;40-49;165;2.720976253;SO
2025-11-16;Soria;Mujer;50-59;374;5.576263605;SO
2025-11-16;Soria;Mujer;70-79;1539;35.29007108;SO
2025-11-16;Valladolid;Hombre;40-49;1085;2.642667511;VA
2025-11-16;Valladolid;Hombre;70-79;11465;44.47590969;VA
2025-11-16;Valladolid;Hombre;80-89;7791;61.13944911;VA
2025-11-16;Valladolid;Mujer;05-12;15;0.085246647;VA
2025-11-16;Valladolid;Mujer;13-19;130;0.732807215;VA
2025-11-16;Valladolid;Mujer;30-39;824;3.115194133;VA
2025-11-16;Valladolid;Mujer;40-49;1407;3.434890874;VA
2025-11-16;Valladolid;Mujer;60-69;6597;17.69059559;VA
2025-11-16;Valladolid;Mujer;80-89;9534;51.6944098;VA
2025-11-16;Valladolid;Mujer;>89;3908;60.35521236;VA
2025-11-16;Valladolid;Hombre;50-59;2349;5.642294389;VA
2025-11-16;Valladolid;Hombre;60-69;6998;20.52500367;VA
2025-11-16;Valladolid;Mujer;50-59;2484;5.82264832;VA
2025-11-16;Valladolid;Hombre;0-4;9;0.107449857;VA
2025-11-16;Valladolid;Hombre;05-12;31;0.166693553;VA
2025-11-16;Valladolid;Hombre;13-19;138;0.726010101;VA
2025-11-16;Valladolid;Hombre;20-29;245;0.995692108;VA
2025-11-16;Valladolid;Hombre;30-39;439;1.630878966;VA
2025-11-16;Valladolid;Hombre;>89;1773;65.08810573;VA
2025-11-16;Valladolid;Mujer;0-4;5;0.062104086;VA
2025-11-16;Valladolid;Mujer;20-29;398;1.679750148;VA
2025-11-16;Valladolid;Mujer;70-79;10715;35.45899795;VA
2025-11-16;Zamora;Hombre;13-19;5;0.110889332;ZA
2025-11-16;Zamora;Hombre;20-29;44;0.628122769;ZA
2025-11-16;Zamora;Hombre;80-89;3210;52.15272136;ZA
2025-11-16;Zamora;Mujer;50-59;526;4.13782253;ZA
2025-11-16;Zamora;Mujer;60-69;1358;10.48810627;ZA
2025-11-16;Zamora;Mujer;70-79;3095;29.06649136;ZA
2025-11-16;Zamora;Mujer;>89;2240;62.85072952;ZA
2025-11-16;Zamora;Hombre;05-12;5;0.113791534;ZA
2025-11-16;Zamora;Hombre;30-39;73;0.886675574;ZA
2025-11-16;Zamora;Hombre;40-49;196;1.712837543;ZA
2025-11-16;Zamora;Hombre;60-69;1724;12.60971328;ZA
2025-11-16;Zamora;Hombre;70-79;3651;36.44076255;ZA
2025-11-16;Zamora;Mujer;13-19;9;0.21111893;ZA
2025-11-16;Zamora;Mujer;20-29;55;0.854302578;ZA
2025-11-16;Zamora;Hombre;0-4;0;0.0;ZA
2025-11-16;Zamora;Hombre;50-59;451;3.433313033;ZA
2025-11-16;Zamora;Hombre;>89;1194;64.7505423;ZA
2025-11-16;Zamora;Mujer;0-4;0;0.0;ZA
2025-11-16;Zamora;Mujer;05-12;4;0.099850225;ZA
2025-11-16;Zamora;Mujer;30-39;149;1.95026178;ZA
2025-11-16;Zamora;Mujer;40-49;260;2.400738689;ZA
2025-11-16;Zamora;Mujer;80-89;4068;45.82629267;ZA
2025-11-09;Ávila;Hombre;0-4;1;0.040257649;AV
2025-11-09;Ávila;Hombre;13-19;21;0.381748773;AV
2025-11-09;Ávila;Hombre;20-29;48;0.638977636;AV
2025-11-09;Ávila;Hombre;50-59;439;3.425940378;AV
2025-11-09;Ávila;Hombre;>89;685;49.89075018;AV
2025-11-09;Ávila;Mujer;0-4;0;0.0;AV
2025-11-09;Ávila;Mujer;13-19;18;0.356647513;AV
2025-11-09;Ávila;Mujer;20-29;63;0.900900901;AV
2025-11-09;Ávila;Mujer;50-59;516;4.153920464;AV
2025-11-09;Ávila;Mujer;60-69;1283;11.1274935;AV
2025-11-09;Ávila;Hombre;30-39;100;1.196172249;AV
2025-11-09;Ávila;Hombre;70-79;2587;30.72446556;AV
2025-11-09;Ávila;Mujer;05-12;4;0.08097166;AV
2025-11-09;Ávila;Mujer;70-79;2251;26.58242796;AV
2025-11-09;Ávila;Mujer;80-89;2350;36.81077694;AV
2025-11-09;Ávila;Hombre;05-12;3;0.055710306;AV
2025-11-09;Ávila;Hombre;40-49;185;1.604370826;AV
2025-11-09;Ávila;Hombre;60-69;1463;11.67597765;AV
2025-11-09;Ávila;Hombre;80-89;1910;40.76840982;AV
2025-11-09;Ávila;Mujer;30-39;141;1.766917293;AV
2025-11-09;Ávila;Mujer;40-49;248;2.253930746;AV
2025-11-09;Ávila;Mujer;>89;1234;44.16607015;AV
2025-11-09;Burgos;Hombre;05-12;9;0.071292776;BU
2025-11-09;Burgos;Hombre;30-39;141;0.717301725;BU
2025-11-09;Burgos;Hombre;50-59;898;3.121632426;BU
2025-11-09;Burgos;Hombre;>89;1312;56.96917065;BU
2025-11-09;Burgos;Mujer;13-19;28;0.235511818;BU
2025-11-09;Burgos;Hombre;13-19;35;0.276330333;BU
2025-11-09;Burgos;Hombre;20-29;79;0.449144352;BU
2025-11-09;Burgos;Hombre;80-89;4403;48.68421053;BU
2025-11-09;Burgos;Mujer;0-4;3;0.054724553;BU
2025-11-09;Burgos;Mujer;05-12;6;0.050382064;BU
2025-11-09;Burgos;Mujer;30-39;280;1.523809524;BU
2025-11-09;Burgos;Mujer;40-49;537;2.077690939;BU
2025-11-09;Burgos;Mujer;50-59;1039;3.711111905;BU
2025-11-09;Burgos;Mujer;60-69;2558;10.16773988;BU
2025-11-09;Burgos;Mujer;70-79;4869;25.84257736;BU
2025-11-09;Burgos;Mujer;80-89;5550;42.99659126;BU
2025-11-09;Burgos;Mujer;>89;3219;56.49350649;BU
2025-11-09;Burgos;Hombre;0-4;3;0.051590714;BU
2025-11-09;Burgos;Hombre;40-49;376;1.388734995;BU
2025-11-09;Burgos;Hombre;60-69;2999;11.52840778;BU
2025-11-09;Burgos;Hombre;70-79;5785;31.66392994;BU
2025-11-09;Burgos;Mujer;20-29;145;0.916967052;BU
2025-11-09;Castilla y León;Hombre;70-79;39713;25.9943961;Castilla y LE
2025-11-09;Castilla y León;Hombre;80-89;30592;40.10933262;Castilla y LE
2025-11-09;Castilla y León;Hombre;>89;10110;52.61982179;Castilla y LE
2025-11-09;Castilla y León;Mujer;0-4;18;0.052680288;Castilla y LE
2025-11-09;Castilla y León;Mujer;05-12;50;0.084079233;Castilla y LE
2025-11-09;Castilla y León;Mujer;20-29;1078;0.761607209;Castilla y LE
2025-11-09;Castilla y León;Mujer;30-39;2343;1.448860031;Castilla y LE
2025-11-09;Castilla y León;Mujer;40-49;4006;1.992453657;Castilla y LE
2025-11-09;Castilla y León;Mujer;80-89;38804;42.58069672;Castilla y LE
2025-11-09;Castilla y León;Hombre;30-39;1220;1.957134232;Castilla y LE
2025-11-09;Castilla y León;Mujer;13-19;256;0.354739423;Castilla y LE
2025-11-09;Castilla y León;Mujer;50-59;7684;3.785461576;Castilla y LE
2025-11-09;Castilla y León;Mujer;>89;21217;53.74208059;Castilla y LE
2025-11-09;Castilla y León;Hombre;0-4;20;0.050026485;Castilla y LE
2025-11-09;Castilla y León;Hombre;05-12;77;0.068357372;Castilla y LE
2025-11-09;Castilla y León;Hombre;13-19;291;0.341604465;Castilla y LE
2025-11-09;Castilla y León;Hombre;20-29;602;1.011941873;Castilla y LE
2025-11-09;Castilla y León;Hombre;40-49;2926;2.32884612;Castilla y LE
2025-11-09;Castilla y León;Hombre;50-59;6740;4.035331523;Castilla y LE
2025-11-09;Castilla y León;Hombre;60-69;22033;10.81480891;Castilla y LE
2025-11-09;Castilla y León;Mujer;60-69;19075;11.64763922;Castilla y LE
2025-11-09;Castilla y León;Mujer;70-79;35159;28.98070877;Castilla y LE
2025-11-09;León;Hombre;0-4;2;0.032733224;LE
2025-11-09;León;Hombre;20-29;65;0.336264873;LE
2025-11-09;León;Hombre;40-49;411;1.277746689;LE
2025-11-09;León;Hombre;50-59;981;2.75167597;LE
2025-11-09;León;Hombre;70-79;6327;26.75716823;LE
2025-11-09;León;Mujer;13-19;28;0.220507166;LE
2025-11-09;León;Mujer;20-29;125;0.697934115;LE
2025-11-09;León;Mujer;60-69;2947;8.317575005;LE
2025-11-09;León;Mujer;70-79;5760;21.32464551;LE
2025-11-09;León;Mujer;>89;4117;47.34360626;LE
2025-11-09;León;Hombre;05-12;12;0.091568104;LE
2025-11-09;León;Hombre;13-19;28;0.21192855;LE
2025-11-09;León;Hombre;30-39;161;0.708252683;LE
2025-11-09;León;Hombre;80-89;5150;39.22315308;LE
2025-11-09;León;Mujer;30-39;327;1.515572859;LE
2025-11-09;León;Mujer;50-59;1094;3.020013803;LE
2025-11-09;León;Hombre;60-69;3589;10.26543104;LE
2025-11-09;León;Hombre;>89;1969;52.07617033;LE
2025-11-09;León;Mujer;0-4;5;0.088746894;LE
2025-11-09;León;Mujer;05-12;8;0.0655147;LE
2025-11-09;León;Mujer;40-49;570;1.764869802;LE
2025-11-09;León;Mujer;80-89;7000;34.50315457;LE
2025-11-09;Palencia;Hombre;0-4;0;0.0;PA
2025-11-09;Palencia;Hombre;30-39;54;0.636417207;PA
2025-11-09;Palencia;Hombre;60-69;1287;10.00777605;PA
2025-11-09;Palencia;Hombre;70-79;2738;31.91886221;PA
2025-11-09;Palencia;Hombre;>89;592;55.06976744;PA
2025-11-09;Palencia;Hombre;13-19;18;0.373599004;PA
2025-11-09;Palencia;Hombre;20-29;28;0.399030925;PA
2025-11-09;Palencia;Hombre;40-49;133;1.17294294;PA
2025-11-09;Palencia;Mujer;13-19;10;0.21872266;PA
2025-11-09;Palencia;Mujer;30-39;120;1.533154465;PA
2025-11-09;Palencia;Mujer;50-59;417;3.415792923;PA
2025-11-09;Palencia;Mujer;60-69;1068;8.46544071;PA
2025-11-09;Palencia;Mujer;70-79;2234;24.69599823;PA
2025-11-09;Palencia;Mujer;>89;1456;51.44876325;PA
2025-11-09;Palencia;Hombre;05-12;0;0.0;PA
2025-11-09;Palencia;Hombre;50-59;378;2.985546165;PA
2025-11-09;Palencia;Hombre;80-89;1822;45.19970231;PA
2025-11-09;Palencia;Mujer;0-4;0;0.0;PA
2025-11-09;Palencia;Mujer;05-12;2;0.042354934;PA
2025-11-09;Palencia;Mujer;20-29;48;0.727603456;PA
2025-11-09;Palencia;Mujer;40-49;220;2.010417619;PA
2025-11-09;Palencia;Mujer;80-89;2324;37.87483703;PA
2025-11-09;Salamanca;Hombre;13-19;36;0.338155176;SA
2025-11-09;Salamanca;Hombre;30-39;182;1.084624553;SA
2025-11-09;Salamanca;Hombre;40-49;401;1.807120324;SA
2025-11-09;Salamanca;Hombre;70-79;4925;29.64188986;SA
2025-11-09;Salamanca;Hombre;>89;1656;57.06409373;SA
2025-11-09;Salamanca;Mujer;20-29;161;1.070336391;SA
2025-11-09;Salamanca;Mujer;30-39;366;2.212951206;SA
2025-11-09;Salamanca;Mujer;80-89;5529;38.16788623;SA
2025-11-09;Salamanca;Hombre;60-69;2570;10.78925273;SA
2025-11-09;Salamanca;Mujer;0-4;4;0.089206066;SA
2025-11-09;Salamanca;Mujer;05-12;4;0.041554124;SA
2025-11-09;Salamanca;Mujer;60-69;2222;9.140647497;SA
2025-11-09;Salamanca;Mujer;70-79;4579;23.90498564;SA
2025-11-09;Salamanca;Hombre;0-4;4;0.083160083;SA
2025-11-09;Salamanca;Hombre;05-12;13;0.129198966;SA
2025-11-09;Salamanca;Hombre;20-29;71;0.455595483;SA
2025-11-09;Salamanca;Hombre;50-59;861;3.405585001;SA
2025-11-09;Salamanca;Hombre;80-89;4284;42.82715185;SA
2025-11-09;Salamanca;Mujer;13-19;31;0.307417691;SA
2025-11-09;Salamanca;Mujer;40-49;540;2.403204272;SA
2025-11-09;Salamanca;Mujer;50-59;1018;3.830091426;SA
2025-11-09;Salamanca;Mujer;>89;3533;58.07034845;SA
2025-11-09;Segovia;Hombre;13-19;30;0.536097212;SE
2025-11-09;Segovia;Hombre;20-29;54;0.658295745;SE
2025-11-09;Segovia;Hombre;50-59;544;4.205968764;SE
2025-11-09;Segovia;Hombre;60-69;1695;14.91421029;SE
2025-11-09;Segovia;Hombre;70-79;2676;38.36009174;SE
2025-11-09;Segovia;Hombre;80-89;1986;53.43018563;SE
2025-11-09;Segovia;Mujer;0-4;0;0.0;SE
2025-11-09;Segovia;Mujer;13-19;20;0.380155864;SE
2025-11-09;Segovia;Mujer;20-29;98;1.295782097;SE
2025-11-09;Segovia;Mujer;>89;1619;66.81799422;SE
2025-11-09;Segovia;Hombre;40-49;229;1.966340374;SE
2025-11-09;Segovia;Mujer;60-69;1558;14.81270203;SE
2025-11-09;Segovia;Mujer;70-79;2341;32.70466611;SE
2025-11-09;Segovia;Hombre;0-4;0;0.0;SE
2025-11-09;Segovia;Hombre;05-12;8;0.144326177;SE
2025-11-09;Segovia;Hombre;30-39;100;1.136363636;SE
2025-11-09;Segovia;Hombre;>89;753;70.97078228;SE
2025-11-09;Segovia;Mujer;05-12;8;0.152584398;SE
2025-11-09;Segovia;Mujer;30-39;190;2.317638448;SE
2025-11-09;Segovia;Mujer;40-49;342;3.037839758;SE
2025-11-09;Segovia;Mujer;50-59;708;5.681726988;SE
2025-11-09;Segovia;Mujer;80-89;2720;49.24859678;SE
2025-11-09;Soria;Hombre;0-4;1;0.06377551;SO
2025-11-09;Soria;Hombre;05-12;0;0.0;SO
2025-11-09;Soria;Hombre;30-39;33;0.654761905;SO
2025-11-09;Soria;Hombre;40-49;102;1.560110125;SO
2025-11-09;Soria;Hombre;60-69;950;14.37651332;SO
2025-11-09;Soria;Hombre;80-89;1415;54.7812621;SO
2025-11-09;Soria;Mujer;0-4;0;0.0;SO
2025-11-09;Soria;Mujer;05-12;0;0.0;SO
2025-11-09;Soria;Mujer;13-19;7;0.249910746;SO
2025-11-09;Soria;Mujer;40-49;142;2.341688654;SO
2025-11-09;Soria;Hombre;70-79;1592;36.00180914;SO
2025-11-09;Soria;Mujer;30-39;88;1.884368308;SO
2025-11-09;Soria;Mujer;80-89;1763;49.78819543;SO
2025-11-09;Soria;Mujer;>89;1145;66.37681159;SO
2025-11-09;Soria;Hombre;13-19;4;0.131535679;SO
2025-11-09;Soria;Hombre;20-29;20;0.432245515;SO
2025-11-09;Soria;Hombre;50-59;279;3.813559322;SO
2025-11-09;Soria;Hombre;>89;588;65.99326599;SO
2025-11-09;Soria;Mujer;20-29;38;0.903686088;SO
2025-11-09;Soria;Mujer;50-59;322;4.800954227;SO
2025-11-09;Soria;Mujer;60-69;707;11.86639812;SO
2025-11-09;Soria;Mujer;70-79;1339;30.70396698;SO
2025-11-09;Valladolid;Hombre;13-19;115;0.605008418;VA
2025-11-09;Valladolid;Hombre;30-39;365;1.355969983;VA
2025-11-09;Valladolid;Hombre;70-79;9797;38.00527582;VA
2025-11-09;Valladolid;Hombre;>89;1420;52.12922173;VA
2025-11-09;Valladolid;Mujer;05-12;14;0.079563537;VA
2025-11-09;Valladolid;Mujer;13-19;104;0.586245772;VA
2025-11-09;Valladolid;Mujer;50-59;2097;4.915496589;VA
2025-11-09;Valladolid;Mujer;60-69;5507;14.7676383;VA
2025-11-09;Valladolid;Hombre;05-12;28;0.150561919;VA
2025-11-09;Valladolid;Hombre;20-29;188;0.764041291;VA
2025-11-09;Valladolid;Mujer;0-4;5;0.062104086;VA
2025-11-09;Valladolid;Mujer;20-29;330;1.39275766;VA
2025-11-09;Valladolid;Mujer;30-39;694;2.62371933;VA
2025-11-09;Valladolid;Mujer;70-79;8997;29.77364485;VA
2025-11-09;Valladolid;Mujer;80-89;7782;42.19487068;VA
2025-11-09;Valladolid;Hombre;0-4;9;0.107449857;VA
2025-11-09;Valladolid;Hombre;40-49;905;2.204252624;VA
2025-11-09;Valladolid;Hombre;50-59;1951;4.686299001;VA
2025-11-09;Valladolid;Hombre;60-69;5879;17.24299751;VA
2025-11-09;Valladolid;Hombre;80-89;6620;51.95009025;VA
2025-11-09;Valladolid;Mujer;40-49;1180;2.880718715;VA
2025-11-09;Valladolid;Mujer;>89;2757;42.57915058;VA
2025-11-09;Zamora;Hombre;40-49;167;1.459407498;ZA
2025-11-09;Zamora;Hombre;50-59;394;2.999390987;ZA
2025-11-09;Zamora;Mujer;30-39;128;1.67539267;ZA
2025-11-09;Zamora;Mujer;50-59;455;3.579295154;ZA
2025-11-09;Zamora;Mujer;60-69;1158;8.943466172;ZA
2025-11-09;Zamora;Mujer;70-79;2698;25.33809166;ZA
2025-11-09;Zamora;Hombre;0-4;0;0.0;ZA
2025-11-09;Zamora;Hombre;13-19;3;0.066533599;ZA
2025-11-09;Zamora;Hombre;20-29;35;0.499643112;ZA
2025-11-09;Zamora;Hombre;70-79;3168;31.61992215;ZA
2025-11-09;Zamora;Hombre;80-89;2939;47.74979691;ZA
2025-11-09;Zamora;Hombre;>89;1126;61.06290672;ZA
2025-11-09;Zamora;Mujer;13-19;8;0.187661271;ZA
2025-11-09;Zamora;Mujer;20-29;47;0.730040385;ZA
2025-11-09;Zamora;Mujer;>89;2120;59.48372615;ZA
2025-11-09;Zamora;Hombre;05-12;4;0.091033227;ZA
2025-11-09;Zamora;Hombre;30-39;69;0.838090611;ZA
2025-11-09;Zamora;Hombre;60-69;1523;11.1395553;ZA
2025-11-09;Zamora;Mujer;0-4;0;0.0;ZA
2025-11-09;Zamora;Mujer;05-12;4;0.099850225;ZA
2025-11-09;Zamora;Mujer;40-49;219;2.022160665;ZA
2025-11-09;Zamora;Mujer;80-89;3722;41.92857948;ZA
2025-11-02;Ávila;Hombre;05-12;3;0.055710306;AV
2025-11-02;Ávila;Hombre;20-29;36;0.479233227;AV
2025-11-02;Ávila;Hombre;30-39;82;0.980861244;AV
2025-11-02;Ávila;Hombre;40-49;132;1.144740265;AV
2025-11-02;Ávila;Hombre;50-59;296;2.309973467;AV
2025-11-02;Ávila;Hombre;70-79;1961;23.28978622;AV
2025-11-02;Ávila;Mujer;0-4;0;0.0;AV
2025-11-02;Ávila;Mujer;50-59;374;3.010787313;AV
2025-11-02;Ávila;Mujer;>89;834;29.84967788;AV
2025-11-02;Ávila;Hombre;>89;489;35.61544064;AV
2025-11-02;Ávila;Mujer;05-12;2;0.04048583;AV
2025-11-02;Ávila;Mujer;13-19;11;0.217951258;AV
2025-11-02;Ávila;Mujer;20-29;41;0.586300586;AV
2025-11-02;Ávila;Mujer;70-79;1711;20.20547945;AV
2025-11-02;Ávila;Hombre;0-4;0;0.0;AV
2025-11-02;Ávila;Hombre;13-19;16;0.290856208;AV
2025-11-02;Ávila;Hombre;60-69;1080;8.619313647;AV
2025-11-02;Ávila;Hombre;80-89;1452;30.99252935;AV
2025-11-02;Ávila;Mujer;30-39;101;1.26566416;AV
2025-11-02;Ávila;Mujer;40-49;178;1.617740616;AV
2025-11-02;Ávila;Mujer;60-69;936;8.117953166;AV
2025-11-02;Ávila;Mujer;80-89;1765;27.64724311;AV
2025-11-02;Burgos;Hombre;0-4;3;0.051590714;BU
2025-11-02;Burgos;Hombre;30-39;109;0.554509844;BU
2025-11-02;Burgos;Hombre;40-49;298;1.100646353;BU
2025-11-02;Burgos;Hombre;60-69;2288;8.795264089;BU
2025-11-02;Burgos;Mujer;30-39;245;1.333333333;BU
2025-11-02;Burgos;Hombre;13-19;25;0.197378809;BU
2025-11-02;Burgos;Hombre;20-29;58;0.329751549;BU
2025-11-02;Burgos;Hombre;50-59;696;2.41943894;BU
2025-11-02;Burgos;Mujer;0-4;3;0.054724553;BU
2025-11-02;Burgos;Mujer;20-29;121;0.765193195;BU
2025-11-02;Burgos;Mujer;40-49;419;1.621140602;BU
2025-11-02;Burgos;Mujer;60-69;1938;7.703315049;BU
2025-11-02;Burgos;Mujer;70-79;3739;19.84501884;BU
2025-11-02;Burgos;Mujer;80-89;4440;34.39727301;BU
2025-11-02;Burgos;Hombre;05-12;9;0.071292776;BU
2025-11-02;Burgos;Hombre;70-79;4463;24.42802408;BU
2025-11-02;Burgos;Hombre;80-89;3542;39.16408669;BU
2025-11-02;Burgos;Hombre;>89;1110;48.19800261;BU
2025-11-02;Burgos;Mujer;05-12;5;0.041985053;BU
2025-11-02;Burgos;Mujer;13-19;22;0.185045;BU
2025-11-02;Burgos;Mujer;50-59;834;2.978890595;BU
2025-11-02;Burgos;Mujer;>89;2627;46.1038961;BU
2025-11-02;Castilla y León;Hombre;13-19;219;0.266290095;Castilla y LE
2025-11-02;Castilla y León;Hombre;>89;8025;40.6587406;Castilla y LE
2025-11-02;Castilla y León;Mujer;30-39;1882;1.149999386;Castilla y LE
2025-11-02;Castilla y León;Mujer;50-59;5911;2.891376113;Castilla y LE
2025-11-02;Castilla y León;Mujer;60-69;14338;8.752719053;Castilla y LE
2025-11-02;Castilla y León;Mujer;80-89;30579;33.69437597;Castilla y LE
2025-11-02;Castilla y León;Mujer;>89;16405;41.88829559;Castilla y LE
2025-11-02;Castilla y León;Hombre;0-4;16;0.044141016;Castilla y LE
2025-11-02;Castilla y León;Hombre;20-29;448;0.793247326;Castilla y LE
2025-11-02;Castilla y León;Hombre;50-59;5117;3.101509696;Castilla y LE
2025-11-02;Castilla y León;Hombre;60-69;16581;8.123054865;Castilla y LE
2025-11-02;Castilla y León;Hombre;70-79;30608;19.864943;Castilla y LE
2025-11-02;Castilla y León;Mujer;0-4;16;0.044137538;Castilla y LE
2025-11-02;Castilla y León;Mujer;05-12;37;0.067528203;Castilla y LE
2025-11-02;Castilla y León;Mujer;13-19;199;0.271271323;Castilla y LE
2025-11-02;Castilla y León;Mujer;20-29;847;0.584532374;Castilla y LE
2025-11-02;Castilla y León;Mujer;70-79;26889;22.2388697;Castilla y LE
2025-11-02;Castilla y León;Hombre;05-12;65;0.050584456;Castilla y LE
2025-11-02;Castilla y León;Hombre;30-39;947;1.572247937;Castilla y LE
2025-11-02;Castilla y León;Hombre;40-49;2230;1.803428611;Castilla y LE
2025-11-02;Castilla y León;Hombre;80-89;24360;31.59981778;Castilla y LE
2025-11-02;Castilla y León;Mujer;40-49;3103;1.532057532;Castilla y LE
2025-11-02;León;Hombre;05-12;7;0.053414727;LE
2025-11-02;León;Hombre;20-29;49;0.253491981;LE
2025-11-02;León;Hombre;30-39;111;0.488298434;LE
2025-11-02;León;Hombre;50-59;718;2.013968753;LE
2025-11-02;León;Mujer;13-19;22;0.173255631;LE
2025-11-02;León;Mujer;20-29;97;0.541596873;LE
2025-11-02;León;Mujer;30-39;248;1.149425287;LE
2025-11-02;León;Mujer;40-49;430;1.331393009;LE
2025-11-02;León;Mujer;50-59;810;2.236024845;LE
2025-11-02;León;Mujer;80-89;5308;26.16324921;LE
2025-11-02;León;Hombre;40-49;291;0.904681962;LE
2025-11-02;León;Hombre;60-69;2644;7.562496425;LE
2025-11-02;León;Hombre;>89;1480;39.14308384;LE
2025-11-02;León;Mujer;0-4;5;0.088746894;LE
2025-11-02;León;Mujer;60-69;2200;6.209251785;LE
2025-11-02;León;Mujer;70-79;4392;16.26004221;LE
2025-11-02;León;Mujer;>89;3065;35.24609016;LE
2025-11-02;León;Hombre;0-4;2;0.032733224;LE
2025-11-02;León;Hombre;13-19;16;0.121102028;LE
2025-11-02;León;Hombre;70-79;4867;20.58276241;LE
2025-11-02;León;Hombre;80-89;3947;30.06092917;LE
2025-11-02;León;Mujer;05-12;7;0.057325362;LE
2025-11-02;Palencia;Hombre;13-19;13;0.269821503;PA
2025-11-02;Palencia;Hombre;20-29;15;0.213766567;PA
2025-11-02;Palencia;Hombre;60-69;964;7.496111975;PA
2025-11-02;Palencia;Hombre;80-89;1436;35.62391466;PA
2025-11-02;Palencia;Mujer;05-12;2;0.042354934;PA
2025-11-02;Palencia;Mujer;13-19;9;0.196850394;PA
2025-11-02;Palencia;Mujer;30-39;92;1.175418423;PA
2025-11-02;Palencia;Mujer;50-59;318;2.604849279;PA
2025-11-02;Palencia;Mujer;70-79;1732;19.14658413;PA
2025-11-02;Palencia;Mujer;>89;969;34.24028269;PA
2025-11-02;Palencia;Hombre;0-4;0;0.0;PA
2025-11-02;Palencia;Hombre;40-49;106;0.934826704;PA
2025-11-02;Palencia;Hombre;50-59;275;2.172024327;PA
2025-11-02;Palencia;Hombre;70-79;2186;25.48379576;PA
2025-11-02;Palencia;Mujer;0-4;0;0.0;PA
2025-11-02;Palencia;Mujer;20-29;38;0.576019403;PA
2025-11-02;Palencia;Mujer;40-49;162;1.480398428;PA
2025-11-02;Palencia;Mujer;80-89;1757;28.63428944;PA
2025-11-02;Palencia;Hombre;05-12;0;0.0;PA
2025-11-02;Palencia;Hombre;30-39;42;0.494991161;PA
2025-11-02;Palencia;Hombre;>89;440;40.93023256;PA
2025-11-02;Palencia;Mujer;60-69;807;6.396639188;PA
2025-11-02;Salamanca;Hombre;05-12;8;0.079507056;SA
2025-11-02;Salamanca;Hombre;20-29;54;0.34650924;SA
2025-11-02;Salamanca;Hombre;40-49;304;1.36998648;SA
2025-11-02;Salamanca;Hombre;80-89;3289;32.88013596;SA
2025-11-02;Salamanca;Mujer;05-12;1;0.010388531;SA
2025-11-02;Salamanca;Mujer;13-19;24;0.238000793;SA
2025-11-02;Salamanca;Mujer;40-49;433;1.927013796;SA
2025-11-02;Salamanca;Mujer;80-89;4158;28.70357587;SA
2025-11-02;Salamanca;Hombre;0-4;2;0.041580042;SA
2025-11-02;Salamanca;Hombre;13-19;31;0.291189179;SA
2025-11-02;Salamanca;Hombre;30-39;144;0.858164482;SA
2025-11-02;Salamanca;Hombre;70-79;3703;22.28708998;SA
2025-11-02;Salamanca;Hombre;>89;1207;41.59200551;SA
2025-11-02;Salamanca;Mujer;0-4;2;0.044603033;SA
2025-11-02;Salamanca;Mujer;20-29;122;0.811062359;SA
2025-11-02;Salamanca;Mujer;30-39;296;1.789709172;SA
2025-11-02;Salamanca;Hombre;50-59;636;2.515623764;SA
2025-11-02;Salamanca;Hombre;60-69;1959;8.22418136;SA
2025-11-02;Salamanca;Mujer;50-59;761;2.863162647;SA
2025-11-02;Salamanca;Mujer;60-69;1663;6.841087663;SA
2025-11-02;Salamanca;Mujer;70-79;3420;17.85434612;SA
2025-11-02;Salamanca;Mujer;>89;2503;41.14069691;SA
2025-11-02;Segovia;Hombre;05-12;8;0.144326177;SE
2025-11-02;Segovia;Hombre;30-39;78;0.886363636;SE
2025-11-02;Segovia;Hombre;60-69;1254;11.03387593;SE
2025-11-02;Segovia;Mujer;20-29;83;1.097448103;SE
2025-11-02;Segovia;Mujer;60-69;1142;10.85757749;SE
2025-11-02;Segovia;Mujer;70-79;1747;24.40625873;SE
2025-11-02;Segovia;Mujer;80-89;2244;40.63009234;SE
2025-11-02;Segovia;Mujer;>89;1432;59.1002889;SE
2025-11-02;Segovia;Hombre;0-4;0;0.0;SE
2025-11-02;Segovia;Hombre;20-29;41;0.49981714;SE
2025-11-02;Segovia;Hombre;40-49;175;1.502661858;SE
2025-11-02;Segovia;Hombre;80-89;1629;43.82566586;SE
2025-11-02;Segovia;Hombre;>89;669;63.0537229;SE
2025-11-02;Segovia;Mujer;0-4;0;0.0;SE
2025-11-02;Segovia;Mujer;05-12;8;0.152584398;SE
2025-11-02;Segovia;Mujer;30-39;159;1.939497438;SE
2025-11-02;Segovia;Hombre;13-19;22;0.393137956;SE
2025-11-02;Segovia;Hombre;50-59;402;3.108087212;SE
2025-11-02;Segovia;Hombre;70-79;2030;29.09977064;SE
2025-11-02;Segovia;Mujer;13-19;16;0.304124691;SE
2025-11-02;Segovia;Mujer;40-49;280;2.48712027;SE
2025-11-02;Segovia;Mujer;50-59;534;4.285370356;SE
2025-11-02;Soria;Hombre;0-4;1;0.06377551;SO
2025-11-02;Soria;Hombre;13-19;4;0.131535679;SO
2025-11-02;Soria;Hombre;20-29;18;0.389020964;SO
2025-11-02;Soria;Hombre;50-59;228;3.11645708;SO
2025-11-02;Soria;Hombre;60-69;716;10.83535109;SO
2025-11-02;Soria;Hombre;80-89;1214;46.99961285;SO
2025-11-02;Soria;Mujer;13-19;7;0.249910746;SO
2025-11-02;Soria;Mujer;60-69;544;9.130580732;SO
2025-11-02;Soria;Mujer;70-79;1060;24.30635175;SO
2025-11-02;Soria;Mujer;80-89;1505;42.50211805;SO
2025-11-02;Soria;Mujer;>89;1054;61.10144928;SO
2025-11-02;Soria;Hombre;05-12;0;0.0;SO
2025-11-02;Soria;Hombre;70-79;1281;28.9687924;SO
2025-11-02;Soria;Hombre;>89;532;59.70819304;SO
2025-11-02;Soria;Mujer;0-4;0;0.0;SO
2025-11-02;Soria;Mujer;05-12;0;0.0;SO
2025-11-02;Soria;Mujer;50-59;273;4.070374236;SO
2025-11-02;Soria;Hombre;30-39;24;0.476190476;SO
2025-11-02;Soria;Hombre;40-49;79;1.208320587;SO
2025-11-02;Soria;Mujer;20-29;28;0.66587396;SO
2025-11-02;Soria;Mujer;30-39;69;1.47751606;SO
2025-11-02;Soria;Mujer;40-49;113;1.863456464;SO
2025-11-02;Valladolid;Hombre;20-29;135;0.548646672;VA
2025-11-02;Valladolid;Hombre;40-49;697;1.697639867;VA
2025-11-02;Valladolid;Hombre;50-59;1524;3.660645657;VA
2025-11-02;Valladolid;Hombre;70-79;7504;29.11009388;VA
2025-11-02;Valladolid;Mujer;0-4;5;0.062104086;VA
2025-11-02;Valladolid;Mujer;20-29;259;1.093103739;VA
2025-11-02;Valladolid;Mujer;60-69;4137;11.09382961;VA
2025-11-02;Valladolid;Mujer;70-79;6837;22.6255874;VA
2025-11-02;Valladolid;Hombre;30-39;282;1.047626124;VA
2025-11-02;Valladolid;Hombre;60-69;4399;12.90218507;VA
2025-11-02;Valladolid;Hombre;>89;1091;40.05139501;VA
2025-11-02;Valladolid;Mujer;05-12;11;0.062514208;VA
2025-11-02;Valladolid;Mujer;13-19;82;0.462232244;VA
2025-11-02;Valladolid;Mujer;30-39;560;2.117122226;VA
2025-11-02;Valladolid;Mujer;50-59;1607;3.766906542;VA
2025-11-02;Valladolid;Mujer;80-89;6127;33.22127637;VA
2025-11-02;Valladolid;Hombre;0-4;8;0.095510984;VA
2025-11-02;Valladolid;Hombre;05-12;27;0.145184707;VA
2025-11-02;Valladolid;Hombre;13-19;89;0.468223906;VA
2025-11-02;Valladolid;Hombre;80-89;5300;41.59146198;VA
2025-11-02;Valladolid;Mujer;40-49;903;2.204482203;VA
2025-11-02;Valladolid;Mujer;>89;1947;30.06949807;VA
2025-11-02;Zamora;Hombre;30-39;62;0.753066926;ZA
2025-11-02;Zamora;Hombre;50-59;325;2.474116931;ZA
2025-11-02;Zamora;Hombre;80-89;2483;40.34118603;ZA
2025-11-02;Zamora;Mujer;13-19;5;0.117288295;ZA
2025-11-02;Zamora;Mujer;50-59;381;2.99716803;ZA
2025-11-02;Zamora;Mujer;80-89;3217;36.23972063;ZA
2025-11-02;Zamora;Hombre;13-19;2;0.044355733;ZA
2025-11-02;Zamora;Hombre;20-29;28;0.39971449;ZA
2025-11-02;Zamora;Hombre;60-69;1201;8.784376829;ZA
2025-11-02;Zamora;Hombre;>89;998;54.12147505;ZA
2025-11-02;Zamora;Mujer;40-49;178;1.643582641;ZA
2025-11-02;Zamora;Mujer;60-69;910;7.02811245;ZA
2025-11-02;Zamora;Hombre;0-4;0;0.0;ZA
2025-11-02;Zamora;Hombre;05-12;3;0.06827492;ZA
2025-11-02;Zamora;Hombre;40-49;133;1.162282618;ZA
2025-11-02;Zamora;Hombre;70-79;2500;24.95259008;ZA
2025-11-02;Zamora;Mujer;0-4;0;0.0;ZA
2025-11-02;Zamora;Mujer;05-12;1;0.024962556;ZA
2025-11-02;Zamora;Mujer;20-29;38;0.590245418;ZA
2025-11-02;Zamora;Mujer;30-39;105;1.37434555;ZA
2025-11-02;Zamora;Mujer;70-79;2161;20.29489106;ZA
2025-11-02;Zamora;Mujer;>89;1950;54.71380471;ZA
2025-10-26;Ávila;Hombre;0-4;0;0.0;AV
2025-10-26;Ávila;Hombre;13-19;13;0.236320669;AV
2025-10-26;Ávila;Hombre;50-59;172;1.342281879;AV
2025-10-26;Ávila;Hombre;60-69;626;4.996009577;AV
2025-10-26;Ávila;Hombre;>89;341;24.83612527;AV
2025-10-26;Ávila;Mujer;30-39;67;0.839598997;AV
2025-10-26;Ávila;Hombre;05-12;1;0.018570102;AV
2025-10-26;Ávila;Hombre;20-29;21;0.279552716;AV
2025-10-26;Ávila;Hombre;30-39;48;0.574162679;AV
2025-10-26;Ávila;Hombre;40-49;75;0.650420605;AV
2025-10-26;Ávila;Hombre;70-79;1206;14.32304038;AV
2025-10-26;Ávila;Hombre;80-89;952;20.32017076;AV
2025-10-26;Ávila;Mujer;13-19;5;0.099068754;AV
2025-10-26;Ávila;Mujer;80-89;1196;18.73433584;AV
2025-10-26;Ávila;Mujer;>89;568;20.32927702;AV
2025-10-26;Ávila;Mujer;0-4;0;0.0;AV
2025-10-26;Ávila;Mujer;05-12;0;0.0;AV
2025-10-26;Ávila;Mujer;20-29;23;0.328900329;AV
2025-10-26;Ávila;Mujer;40-49;108;0.981550486;AV
2025-10-26;Ávila;Mujer;50-59;242;1.948156497;AV
2025-10-26;Ávila;Mujer;60-69;550;4.770164788;AV
2025-10-26;Ávila;Mujer;70-79;1062;12.54133207;AV
2025-10-26;Burgos;Hombre;05-12;8;0.063371356;BU
2025-10-26;Burgos;Mujer;0-4;3;0.054724553;BU
2025-10-26;Burgos;Mujer;20-29;78;0.493265035;BU
2025-10-26;Burgos;Mujer;40-49;262;1.01369651;BU
2025-10-26;Burgos;Mujer;50-59;522;1.864485481;BU
2025-10-26;Burgos;Mujer;80-89;3151;24.41121785;BU
2025-10-26;Burgos;Mujer;>89;1929;33.85398385;BU
2025-10-26;Burgos;Hombre;0-4;3;0.051590714;BU
2025-10-26;Burgos;Hombre;13-19;18;0.142112743;BU
2025-10-26;Burgos;Hombre;20-29;40;0.227414862;BU
2025-10-26;Burgos;Hombre;30-39;78;0.396805209;BU
2025-10-26;Burgos;Hombre;40-49;200;0.738688827;BU
2025-10-26;Burgos;Mujer;30-39;161;0.876190476;BU
2025-10-26;Burgos;Mujer;70-79;2361;12.531182;BU
2025-10-26;Burgos;Hombre;50-59;430;1.494768311;BU
2025-10-26;Burgos;Hombre;60-69;1435;5.516260475;BU
2025-10-26;Burgos;Hombre;70-79;2833;15.50629447;BU
2025-10-26;Burgos;Hombre;80-89;2423;26.79124281;BU
2025-10-26;Burgos;Hombre;>89;840;36.47416413;BU
2025-10-26;Burgos;Mujer;05-12;5;0.041985053;BU
2025-10-26;Burgos;Mujer;13-19;11;0.0925225;BU
2025-10-26;Burgos;Mujer;60-69;1180;4.690356944;BU
2025-10-26;Castilla y León;Hombre;0-4;5;0.020599141;Castilla y LE
2025-10-26;Castilla y León;Hombre;05-12;37;0.024608654;Castilla y LE
2025-10-26;Castilla y León;Hombre;13-19;120;0.142559344;Castilla y LE
2025-10-26;Castilla y León;Hombre;30-39;613;1.068290065;Castilla y LE
2025-10-26;Castilla y León;Hombre;50-59;3314;2.026088055;Castilla y LE
2025-10-26;Castilla y León;Hombre;60-69;10345;5.053510773;Castilla y LE
2025-10-26;Castilla y León;Mujer;05-12;18;0.036412266;Castilla y LE
2025-10-26;Castilla y León;Mujer;30-39;1276;0.770896705;Castilla y LE
2025-10-26;Castilla y León;Mujer;40-49;2006;0.985986188;Castilla y LE
2025-10-26;Castilla y León;Mujer;50-59;3863;1.88286665;Castilla y LE
2025-10-26;Castilla y León;Mujer;60-69;8911;5.456303226;Castilla y LE
2025-10-26;Castilla y León;Mujer;80-89;20942;23.02784044;Castilla y LE
2025-10-26;Castilla y León;Mujer;>89;11590;29.84736363;Castilla y LE
2025-10-26;Castilla y León;Hombre;20-29;281;0.490144358;Castilla y LE
2025-10-26;Castilla y León;Hombre;70-79;19556;12.70959038;Castilla y LE
2025-10-26;Castilla y León;Mujer;13-19;107;0.146721269;Castilla y LE
2025-10-26;Castilla y León;Mujer;20-29;524;0.365738337;Castilla y LE
2025-10-26;Castilla y León;Mujer;70-79;17201;14.21845282;Castilla y LE
2025-10-26;Castilla y León;Hombre;40-49;1421;1.165588066;Castilla y LE
2025-10-26;Castilla y León;Hombre;80-89;16607;21.63978216;Castilla y LE
2025-10-26;Castilla y León;Hombre;>89;5822;28.71751595;Castilla y LE
2025-10-26;Castilla y León;Mujer;0-4;8;0.017085499;Castilla y LE
2025-10-26;León;Hombre;0-4;2;0.032733224;LE
2025-10-26;León;Hombre;13-19;8;0.060551014;LE
2025-10-26;León;Hombre;20-29;34;0.175892395;LE
2025-10-26;León;Hombre;30-39;73;0.321133204;LE
2025-10-26;León;Hombre;50-59;477;1.337970884;LE
2025-10-26;León;Hombre;70-79;3058;12.93241986;LE
2025-10-26;León;Mujer;05-12;2;0.016378675;LE
2025-10-26;León;Mujer;13-19;12;0.094503071;LE
2025-10-26;León;Mujer;50-59;502;1.385783299;LE
2025-10-26;León;Mujer;70-79;2739;10.14031321;LE
2025-10-26;León;Mujer;>89;1926;22.14811408;LE
2025-10-26;León;Hombre;05-12;4;0.030522701;LE
2025-10-26;León;Hombre;40-49;194;0.603121308;LE
2025-10-26;León;Hombre;80-89;2502;19.05559787;LE
2025-10-26;León;Hombre;>89;980;25.91906903;LE
2025-10-26;León;Mujer;20-29;58;0.323841429;LE
2025-10-26;León;Mujer;80-89;3331;16.41857256;LE
2025-10-26;León;Hombre;60-69;1635;4.676505921;LE
2025-10-26;León;Mujer;0-4;2;0.035498758;LE
2025-10-26;León;Mujer;30-39;162;0.75083426;LE
2025-10-26;León;Mujer;40-49;265;0.820509645;LE
2025-10-26;León;Mujer;60-69;1370;3.86667043;LE
2025-10-26;Palencia;Hombre;0-4;0;0.0;PA
2025-10-26;Palencia;Hombre;30-39;20;0.235710077;PA
2025-10-26;Palencia;Hombre;70-79;1457;16.98531126;PA
2025-10-26;Palencia;Hombre;>89;344;32.0;PA
2025-10-26;Palencia;Mujer;05-12;1;0.021177467;PA
2025-10-26;Palencia;Mujer;30-39;63;0.804906094;PA
2025-10-26;Palencia;Mujer;40-49;104;0.950379238;PA
2025-10-26;Palencia;Hombre;05-12;0;0.0;PA
2025-10-26;Palencia;Hombre;80-89;1062;26.3458199;PA
2025-10-26;Palencia;Mujer;20-29;28;0.424435349;PA
2025-10-26;Palencia;Mujer;60-69;518;4.105897273;PA
2025-10-26;Palencia;Hombre;13-19;6;0.124533001;PA
2025-10-26;Palencia;Hombre;20-29;8;0.114008836;PA
2025-10-26;Palencia;Hombre;40-49;72;0.634976629;PA
2025-10-26;Palencia;Hombre;50-59;181;1.42958692;PA
2025-10-26;Palencia;Hombre;60-69;639;4.968895801;PA
2025-10-26;Palencia;Mujer;0-4;0;0.0;PA
2025-10-26;Palencia;Mujer;13-19;6;0.131233596;PA
2025-10-26;Palencia;Mujer;50-59;222;1.818479685;PA
2025-10-26;Palencia;Mujer;70-79;1165;12.87862038;PA
2025-10-26;Palencia;Mujer;80-89;1305;21.26792699;PA
2025-10-26;Palencia;Mujer;>89;759;26.81978799;PA
2025-10-26;Salamanca;Hombre;40-49;175;0.788643533;SA
2025-10-26;Salamanca;Hombre;50-59;391;1.546554861;SA
2025-10-26;Salamanca;Hombre;60-69;1143;4.798488665;SA
2025-10-26;Salamanca;Mujer;13-19;11;0.109083697;SA
2025-10-26;Salamanca;Hombre;0-4;0;0.0;SA
2025-10-26;Salamanca;Hombre;20-29;32;0.205338809;SA
2025-10-26;Salamanca;Hombre;>89;733;25.25844245;SA
2025-10-26;Salamanca;Mujer;0-4;0;0.0;SA
2025-10-26;Salamanca;Mujer;20-29;67;0.445419492;SA
2025-10-26;Salamanca;Mujer;40-49;280;1.246105919;SA
2025-10-26;Salamanca;Mujer;60-69;996;4.097247933;SA
2025-10-26;Salamanca;Mujer;70-79;2117;11.05194466;SA
2025-10-26;Salamanca;Mujer;80-89;2526;17.43752589;SA
2025-10-26;Salamanca;Mujer;>89;1368;22.4852071;SA
2025-10-26;Salamanca;Hombre;05-12;7;0.069568674;SA
2025-10-26;Salamanca;Hombre;13-19;14;0.131504791;SA
2025-10-26;Salamanca;Hombre;30-39;88;0.52443385;SA
2025-10-26;Salamanca;Hombre;70-79;2268;13.65031598;SA
2025-10-26;Salamanca;Hombre;80-89;2030;20.29391183;SA
2025-10-26;Salamanca;Mujer;05-12;0;0.0;SA
2025-10-26;Salamanca;Mujer;30-39;193;1.166938751;SA
2025-10-26;Salamanca;Mujer;50-59;466;1.753263855;SA
2025-10-26;Segovia;Hombre;0-4;0;0.0;SE
2025-10-26;Segovia;Hombre;05-12;8;0.144326177;SE
2025-10-26;Segovia;Hombre;13-19;10;0.178699071;SE
2025-10-26;Segovia;Mujer;13-19;8;0.152062346;SE
2025-10-26;Segovia;Mujer;70-79;1201;16.77842973;SE
2025-10-26;Segovia;Hombre;20-29;29;0.353529197;SE
2025-10-26;Segovia;Hombre;30-39;58;0.659090909;SE
2025-10-26;Segovia;Hombre;40-49;124;1.064743259;SE
2025-10-26;Segovia;Hombre;70-79;1415;20.28383028;SE
2025-10-26;Segovia;Hombre;80-89;1232;33.14500942;SE
2025-10-26;Segovia;Mujer;0-4;0;0.0;SE
2025-10-26;Segovia;Mujer;20-29;57;0.753669179;SE
2025-10-26;Segovia;Mujer;30-39;123;1.500365943;SE
2025-10-26;Segovia;Mujer;40-49;215;1.909753064;SE
2025-10-26;Segovia;Mujer;50-59;397;3.185940133;SE
2025-10-26;Segovia;Mujer;80-89;1747;31.63135977;SE
2025-10-26;Segovia;Hombre;50-59;288;2.226689346;SE
2025-10-26;Segovia;Hombre;60-69;840;7.391113066;SE
2025-10-26;Segovia;Hombre;>89;562;52.96889727;SE
2025-10-26;Segovia;Mujer;05-12;7;0.133511348;SE
2025-10-26;Segovia;Mujer;60-69;755;7.178170755;SE
2025-10-26;Segovia;Mujer;>89;1237;51.05241436;SE
2025-10-26;Soria;Hombre;20-29;13;0.280959585;SO
2025-10-26;Soria;Hombre;30-39;17;0.337301587;SO
2025-10-26;Soria;Hombre;40-49;54;0.825940655;SO
2025-10-26;Soria;Hombre;60-69;464;7.021791768;SO
2025-10-26;Soria;Hombre;>89;416;46.68911336;SO
2025-10-26;Soria;Mujer;40-49;79;1.302770449;SO
2025-10-26;Soria;Mujer;50-59;182;2.713582824;SO
2025-10-26;Soria;Mujer;60-69;354;5.941591138;SO
2025-10-26;Soria;Mujer;70-79;678;15.54689291;SO
2025-10-26;Soria;Mujer;>89;847;49.10144928;SO
2025-10-26;Soria;Hombre;50-59;162;2.214324768;SO
2025-10-26;Soria;Hombre;80-89;840;32.5203252;SO
2025-10-26;Soria;Mujer;30-39;49;1.049250535;SO
2025-10-26;Soria;Hombre;0-4;0;0.0;SO
2025-10-26;Soria;Hombre;05-12;0;0.0;SO
2025-10-26;Soria;Hombre;13-19;2;0.06576784;SO
2025-10-26;Soria;Hombre;70-79;848;19.17684306;SO
2025-10-26;Soria;Mujer;0-4;0;0.0;SO
2025-10-26;Soria;Mujer;05-12;0;0.0;SO
2025-10-26;Soria;Mujer;13-19;5;0.178507676;SO
2025-10-26;Soria;Mujer;20-29;22;0.523186683;SO
2025-10-26;Soria;Mujer;80-89;1094;30.89522734;SO
2025-10-26;Valladolid;Hombre;13-19;47;0.24726431;VA
2025-10-26;Valladolid;Hombre;20-29;87;0.353572299;VA
2025-10-26;Valladolid;Hombre;30-39;191;0.709562375;VA
2025-10-26;Valladolid;Hombre;60-69;2756;8.083296671;VA
2025-10-26;Valladolid;Hombre;70-79;4847;18.80285515;VA
2025-10-26;Valladolid;Mujer;0-4;2;0.024841635;VA
2025-10-26;Valladolid;Mujer;05-12;2;0.01136622;VA
2025-10-26;Valladolid;Mujer;20-29;151;0.637292141;VA
2025-10-26;Valladolid;Mujer;30-39;376;1.421496352;VA
2025-10-26;Valladolid;Mujer;40-49;565;1.379327181;VA
2025-10-26;Valladolid;Mujer;60-69;2568;6.886380092;VA
2025-10-26;Valladolid;Mujer;70-79;4451;14.72963135;VA
2025-10-26;Valladolid;Mujer;80-89;4204;22.7945562;VA
2025-10-26;Valladolid;Hombre;50-59;990;2.377978478;VA
2025-10-26;Valladolid;Mujer;13-19;44;0.248027057;VA
2025-10-26;Valladolid;Mujer;50-59;1046;2.451888141;VA
2025-10-26;Valladolid;Mujer;>89;1343;20.74131274;VA
2025-10-26;Valladolid;Hombre;0-4;0;0.0;VA
2025-10-26;Valladolid;Hombre;05-12;6;0.032263268;VA
2025-10-26;Valladolid;Hombre;40-49;448;1.09116594;VA
2025-10-26;Valladolid;Hombre;80-89;3730;29.2709723;VA
2025-10-26;Valladolid;Hombre;>89;789;28.96475771;VA
2025-10-26;Zamora;Hombre;0-4;0;0.0;ZA
2025-10-26;Zamora;Hombre;13-19;1;0.022177866;ZA
2025-10-26;Zamora;Hombre;30-39;36;0.437264667;ZA
2025-10-26;Zamora;Hombre;40-49;75;0.655422529;ZA
2025-10-26;Zamora;Hombre;70-79;1553;15.50054896;ZA
2025-10-26;Zamora;Hombre;>89;809;43.87201735;ZA
2025-10-26;Zamora;Mujer;0-4;0;0.0;ZA
2025-10-26;Zamora;Mujer;20-29;27;0.419384902;ZA
2025-10-26;Zamora;Mujer;30-39;80;1.047120419;ZA
2025-10-26;Zamora;Hombre;50-59;218;1.65956151;ZA
2025-10-26;Zamora;Mujer;40-49;123;1.135734072;ZA
2025-10-26;Zamora;Mujer;50-59;270;2.123977344;ZA
2025-10-26;Zamora;Mujer;60-69;591;4.564411492;ZA
2025-10-26;Zamora;Mujer;80-89;2347;26.43911231;ZA
2025-10-26;Zamora;Mujer;>89;1593;44.6969697;ZA
2025-10-26;Zamora;Hombre;05-12;3;0.06827492;ZA
2025-10-26;Zamora;Hombre;20-29;14;0.199857245;ZA
2025-10-26;Zamora;Hombre;60-69;769;5.624634289;ZA
2025-10-26;Zamora;Hombre;80-89;1789;29.06580016;ZA
2025-10-26;Zamora;Mujer;05-12;1;0.024962556;ZA
2025-10-26;Zamora;Mujer;13-19;4;0.093830636;ZA
2025-10-26;Zamora;Mujer;70-79;1372;12.88504884;ZA
2025-10-19;Ávila;Hombre;0-4;0;0.0;AV
2025-10-19;Ávila;Hombre;05-12;0;0.0;AV
2025-10-19;Ávila;Hombre;50-59;62;0.483845794;AV
2025-10-19;Ávila;Hombre;80-89;452;9.647812166;AV
2025-10-19;Ávila;Mujer;20-29;17;0.243100243;AV
2025-10-19;Ávila;Mujer;70-79;393;4.641001417;AV
2025-10-19;Ávila;Hombre;13-19;4;0.072714052;AV
2025-10-19;Ávila;Hombre;20-29;10;0.133120341;AV
2025-10-19;Ávila;Hombre;60-69;223;1.779728651;AV
2025-10-19;Ávila;Hombre;70-79;438;5.201900238;AV
2025-10-19;Ávila;Mujer;30-39;34;0.426065163;AV
2025-10-19;Ávila;Mujer;40-49;49;0.445333091;AV
2025-10-19;Ávila;Mujer;50-59;97;0.780872645;AV
2025-10-19;Ávila;Mujer;60-69;196;1.69991327;AV
2025-10-19;Ávila;Hombre;30-39;24;0.28708134;AV
2025-10-19;Ávila;Hombre;40-49;44;0.381580088;AV
2025-10-19;Ávila;Hombre;>89;183;13.32847779;AV
2025-10-19;Ávila;Mujer;0-4;0;0.0;AV
2025-10-19;Ávila;Mujer;05-12;0;0.0;AV
2025-10-19;Ávila;Mujer;13-19;3;0.059441252;AV
2025-10-19;Ávila;Mujer;80-89;583;9.132205514;AV
2025-10-19;Ávila;Mujer;>89;296;10.59413028;AV
2025-10-19;Burgos;Hombre;13-19;5;0.039475762;BU
2025-10-19;Burgos;Hombre;30-39;37;0.188228112;BU
2025-10-19;Burgos;Hombre;40-49;102;0.376731302;BU
2025-10-19;Burgos;Hombre;50-59;184;0.639621789;BU
2025-10-19;Burgos;Hombre;80-89;1110;12.27333038;BU
2025-10-19;Burgos;Mujer;05-12;1;0.008397011;BU
2025-10-19;Burgos;Mujer;13-19;5;0.042055682;BU
2025-10-19;Burgos;Mujer;20-29;33;0.208689053;BU
2025-10-19;Burgos;Mujer;30-39;78;0.424489796;BU
2025-10-19;Burgos;Mujer;70-79;996;5.286343612;BU
2025-10-19;Burgos;Hombre;05-12;1;0.00792142;BU
2025-10-19;Burgos;Hombre;20-29;19;0.108022059;BU
2025-10-19;Burgos;Hombre;>89;386;16.76074685;BU
2025-10-19;Burgos;Mujer;50-59;233;0.832232025;BU
2025-10-19;Burgos;Mujer;60-69;493;1.959615232;BU
2025-10-19;Burgos;Mujer;>89;862;15.12811513;BU
2025-10-19;Burgos;Hombre;0-4;0;0.0;BU
2025-10-19;Burgos;Hombre;60-69;599;2.302606289;BU
2025-10-19;Burgos;Hombre;70-79;1172;6.414887794;BU
2025-10-19;Burgos;Mujer;0-4;0;0.0;BU
2025-10-19;Burgos;Mujer;40-49;113;0.437204983;BU
2025-10-19;Burgos;Mujer;80-89;1460;11.310815;BU
2025-10-19;Castilla y León;Hombre;40-49;686;0.545222603;Castilla y LE
2025-10-19;Castilla y León;Hombre;60-69;4190;2.071586661;Castilla y LE
2025-10-19;Castilla y León;Mujer;60-69;3652;2.22301207;Castilla y LE
2025-10-19;Castilla y León;Mujer;>89;6306;16.03969576;Castilla y LE
2025-10-19;Castilla y León;Hombre;30-39;311;0.550077145;Castilla y LE
2025-10-19;Castilla y León;Hombre;50-59;1432;0.928031499;Castilla y LE
2025-10-19;Castilla y León;Hombre;70-79;7973;5.186574355;Castilla y LE
2025-10-19;Castilla y León;Hombre;80-89;7551;10.12258505;Castilla y LE
2025-10-19;Castilla y León;Mujer;13-19;51;0.06194898;Castilla y LE
2025-10-19;Castilla y León;Mujer;20-29;246;0.171975821;Castilla y LE
2025-10-19;Castilla y León;Hombre;0-4;2;0.011770938;Castilla y LE
2025-10-19;Castilla y León;Hombre;05-12;14;0.009570032;Castilla y LE
2025-10-19;Castilla y León;Hombre;13-19;44;0.068589873;Castilla y LE
2025-10-19;Castilla y León;Hombre;20-29;132;0.231163973;Castilla y LE
2025-10-19;Castilla y León;Hombre;>89;3048;15.63205838;Castilla y LE
2025-10-19;Castilla y León;Mujer;0-4;5;0.008542749;Castilla y LE
2025-10-19;Castilla y León;Mujer;05-12;7;0.013902865;Castilla y LE
2025-10-19;Castilla y León;Mujer;30-39;657;0.395069209;Castilla y LE
2025-10-19;Castilla y León;Mujer;40-49;938;0.467319375;Castilla y LE
2025-10-19;Castilla y León;Mujer;50-59;1770;0.840424552;Castilla y LE
2025-10-19;Castilla y León;Mujer;70-79;7020;5.802507472;Castilla y LE
2025-10-19;Castilla y León;Mujer;80-89;9791;10.63825864;Castilla y LE
2025-10-19;León;Hombre;0-4;2;0.032733224;LE
2025-10-19;León;Hombre;05-12;4;0.030522701;LE
2025-10-19;León;Hombre;30-39;34;0.14956889;LE
2025-10-19;León;Hombre;40-49;84;0.261145309;LE
2025-10-19;León;Hombre;60-69;679;1.942108575;LE
2025-10-19;León;Hombre;>89;483;12.77439831;LE
2025-10-19;León;Hombre;13-19;3;0.02270663;LE
2025-10-19;León;Hombre;20-29;18;0.093119503;LE
2025-10-19;León;Hombre;80-89;1120;8.530083778;LE
2025-10-19;León;Mujer;13-19;5;0.03937628;LE
2025-10-19;León;Mujer;20-29;22;0.122836404;LE
2025-10-19;León;Mujer;30-39;92;0.426399703;LE
2025-10-19;León;Mujer;50-59;240;0.66252588;LE
2025-10-19;León;Mujer;60-69;543;1.532556236;LE
2025-10-19;León;Mujer;80-89;1545;7.615339117;LE
2025-10-19;León;Hombre;50-59;205;0.575018934;LE
2025-10-19;León;Hombre;70-79;1203;5.087541233;LE
2025-10-19;León;Mujer;0-4;2;0.035498758;LE
2025-10-19;León;Mujer;05-12;2;0.016378675;LE
2025-10-19;León;Mujer;40-49;112;0.346781435;LE
2025-10-19;León;Mujer;70-79;1107;4.09833031;LE
2025-10-19;León;Mujer;>89;1009;11.60303588;LE
2025-10-19;Palencia;Hombre;0-4;0;0.0;PA
2025-10-19;Palencia;Hombre;05-12;0;0.0;PA
2025-10-19;Palencia;Mujer;20-29;15;0.22737608;PA
2025-10-19;Palencia;Mujer;40-49;48;0.438636571;PA
2025-10-19;Palencia;Mujer;50-59;103;0.843709043;PA
2025-10-19;Palencia;Mujer;80-89;627;10.21838331;PA
2025-10-19;Palencia;Hombre;13-19;2;0.041511;PA
2025-10-19;Palencia;Hombre;20-29;1;0.014251104;PA
2025-10-19;Palencia;Hombre;50-59;78;0.616065082;PA
2025-10-19;Palencia;Hombre;70-79;578;6.738167405;PA
2025-10-19;Palencia;Hombre;>89;170;15.81395349;PA
2025-10-19;Palencia;Mujer;05-12;0;0.0;PA
2025-10-19;Palencia;Mujer;30-39;31;0.396064904;PA
2025-10-19;Palencia;Mujer;>89;408;14.41696113;PA
2025-10-19;Palencia;Hombre;30-39;11;0.129640542;PA
2025-10-19;Palencia;Hombre;40-49;39;0.343945674;PA
2025-10-19;Palencia;Hombre;60-69;262;2.037325039;PA
2025-10-19;Palencia;Hombre;80-89;506;12.55271645;PA
2025-10-19;Palencia;Mujer;0-4;0;0.0;PA
2025-10-19;Palencia;Mujer;13-19;2;0.043744532;PA
2025-10-19;Palencia;Mujer;60-69;233;1.846861129;PA
2025-10-19;Palencia;Mujer;70-79;473;5.228830422;PA
2025-10-19;Salamanca;Hombre;05-12;0;0.0;SA
2025-10-19;Salamanca;Hombre;20-29;10;0.064168378;SA
2025-10-19;Salamanca;Hombre;70-79;760;4.574179958;SA
2025-10-19;Salamanca;Hombre;80-89;734;7.33779866;SA
2025-10-19;Salamanca;Mujer;0-4;0;0.0;SA
2025-10-19;Salamanca;Mujer;13-19;5;0.049583499;SA
2025-10-19;Salamanca;Mujer;30-39;91;0.550214644;SA
2025-10-19;Salamanca;Mujer;40-49;121;0.538495772;SA
2025-10-19;Salamanca;Mujer;70-79;726;3.790133125;SA
2025-10-19;Salamanca;Mujer;80-89;862;5.950572967;SA
2025-10-19;Salamanca;Hombre;0-4;0;0.0;SA
2025-10-19;Salamanca;Hombre;60-69;389;1.633081444;SA
2025-10-19;Salamanca;Mujer;05-12;0;0.0;SA
2025-10-19;Salamanca;Mujer;60-69;377;1.550865934;SA
2025-10-19;Salamanca;Mujer;>89;431;7.084155161;SA
2025-10-19;Salamanca;Hombre;13-19;2;0.018786399;SA
2025-10-19;Salamanca;Hombre;30-39;45;0.2681764;SA
2025-10-19;Salamanca;Hombre;40-49;69;0.310950879;SA
2025-10-19;Salamanca;Hombre;50-59;158;0.624950558;SA
2025-10-19;Salamanca;Hombre;>89;288;9.924190214;SA
2025-10-19;Salamanca;Mujer;20-29;35;0.232681824;SA
2025-10-19;Salamanca;Mujer;50-59;193;0.726137176;SA
2025-10-19;Segovia;Hombre;30-39;35;0.397727273;SE
2025-10-19;Segovia;Hombre;70-79;668;9.575688073;SE
2025-10-19;Segovia;Hombre;80-89;702;18.88619855;SE
2025-10-19;Segovia;Mujer;05-12;2;0.0381461;SE
2025-10-19;Segovia;Hombre;13-19;6;0.107219442;SE
2025-10-19;Segovia;Hombre;40-49;68;0.583891465;SE
2025-10-19;Segovia;Hombre;60-69;390;3.431588209;SE
2025-10-19;Segovia;Mujer;0-4;0;0.0;SE
2025-10-19;Segovia;Mujer;13-19;5;0.095038966;SE
2025-10-19;Segovia;Mujer;30-39;78;0.951451574;SE
2025-10-19;Segovia;Mujer;40-49;135;1.199147273;SE
2025-10-19;Segovia;Mujer;60-69;372;3.536794067;SE
2025-10-19;Segovia;Mujer;70-79;560;7.823414362;SE
2025-10-19;Segovia;Hombre;0-4;0;0.0;SE
2025-10-19;Segovia;Hombre;05-12;5;0.090203861;SE
2025-10-19;Segovia;Hombre;20-29;22;0.268194563;SE
2025-10-19;Segovia;Hombre;50-59;147;1.136539354;SE
2025-10-19;Segovia;Hombre;>89;404;38.07728558;SE
2025-10-19;Segovia;Mujer;20-29;36;0.476001587;SE
2025-10-19;Segovia;Mujer;50-59;230;1.845758767;SE
2025-10-19;Segovia;Mujer;80-89;1049;18.99330074;SE
2025-10-19;Segovia;Mujer;>89;983;40.56954189;SE
2025-10-19;Soria;Hombre;20-29;6;0.129673655;SO
2025-10-19;Soria;Hombre;30-39;13;0.257936508;SO
2025-10-19;Soria;Hombre;80-89;463;17.92489353;SO
2025-10-19;Soria;Hombre;>89;301;33.78226712;SO
2025-10-19;Soria;Mujer;13-19;1;0.035701535;SO
2025-10-19;Soria;Mujer;30-39;29;0.620985011;SO
2025-10-19;Soria;Mujer;40-49;39;0.643139842;SO
2025-10-19;Soria;Mujer;60-69;169;2.836522323;SO
2025-10-19;Soria;Mujer;80-89;672;18.97768992;SO
2025-10-19;Soria;Mujer;>89;670;38.84057971;SO
2025-10-19;Soria;Hombre;0-4;0;0.0;SO
2025-10-19;Soria;Hombre;50-59;88;1.202843084;SO
2025-10-19;Soria;Hombre;60-69;218;3.299031477;SO
2025-10-19;Soria;Hombre;70-79;414;9.362279512;SO
2025-10-19;Soria;Mujer;20-29;10;0.237812128;SO
2025-10-19;Soria;Mujer;70-79;327;7.498280211;SO
2025-10-19;Soria;Hombre;05-12;0;0.0;SO
2025-10-19;Soria;Hombre;13-19;1;0.03288392;SO
2025-10-19;Soria;Hombre;40-49;36;0.550627103;SO
2025-10-19;Soria;Mujer;0-4;0;0.0;SO
2025-10-19;Soria;Mujer;05-12;0;0.0;SO
2025-10-19;Soria;Mujer;50-59;99;1.476069778;SO
2025-10-19;Valladolid;Hombre;13-19;21;0.110479798;VA
2025-10-19;Valladolid;Hombre;20-29;38;0.154433878;VA
2025-10-19;Valladolid;Hombre;40-49;206;0.501741481;VA
2025-10-19;Valladolid;Hombre;70-79;2088;8.099930173;VA
2025-10-19;Valladolid;Hombre;>89;348;12.7753304;VA
2025-10-19;Valladolid;Mujer;0-4;2;0.024841635;VA
2025-10-19;Valladolid;Mujer;20-29;65;0.274331054;VA
2025-10-19;Valladolid;Mujer;70-79;1862;6.161890264;VA
2025-10-19;Valladolid;Mujer;>89;634;9.791505792;VA
2025-10-19;Valladolid;Hombre;0-4;0;0.0;VA
2025-10-19;Valladolid;Hombre;05-12;3;0.016131634;VA
2025-10-19;Valladolid;Hombre;30-39;95;0.352923694;VA
2025-10-19;Valladolid;Hombre;50-59;406;0.975211376;VA
2025-10-19;Valladolid;Hombre;60-69;1133;3.323067899;VA
2025-10-19;Valladolid;Hombre;80-89;1639;12.86196343;VA
2025-10-19;Valladolid;Mujer;60-69;1047;2.807647958;VA
2025-10-19;Valladolid;Mujer;80-89;1847;10.0146397;VA
2025-10-19;Valladolid;Mujer;05-12;2;0.01136622;VA
2025-10-19;Valladolid;Mujer;13-19;22;0.124013529;VA
2025-10-19;Valladolid;Mujer;30-39;182;0.688064723;VA
2025-10-19;Valladolid;Mujer;40-49;265;0.646941067;VA
2025-10-19;Valladolid;Mujer;50-59;447;1.04779541;VA
2025-10-19;Zamora;Hombre;05-12;1;0.022758307;ZA
2025-10-19;Zamora;Hombre;40-49;36;0.314602814;ZA
2025-10-19;Zamora;Hombre;80-89;803;13.04630382;ZA
2025-10-19;Zamora;Mujer;0-4;0;0.0;ZA
2025-10-19;Zamora;Mujer;05-12;0;0.0;ZA
2025-10-19;Zamora;Mujer;13-19;3;0.070372977;ZA
2025-10-19;Zamora;Mujer;40-49;54;0.498614958;ZA
2025-10-19;Zamora;Mujer;50-59;121;0.951856514;ZA
2025-10-19;Zamora;Mujer;>89;1005;28.1986532;ZA
2025-10-19;Zamora;Hombre;13-19;0;0.0;ZA
2025-10-19;Zamora;Hombre;20-29;6;0.085653105;ZA
2025-10-19;Zamora;Hombre;50-59;104;0.791717418;ZA
2025-10-19;Zamora;Hombre;>89;481;26.0845987;ZA
2025-10-19;Zamora;Mujer;60-69;211;1.629595304;ZA
2025-10-19;Zamora;Mujer;70-79;553;5.193463561;ZA
2025-10-19;Zamora;Hombre;0-4;0;0.0;ZA
2025-10-19;Zamora;Hombre;30-39;15;0.182193611;ZA
2025-10-19;Zamora;Hombre;60-69;284;2.077238151;ZA
2025-10-19;Zamora;Hombre;70-79;631;6.298033736;ZA
2025-10-19;Zamora;Mujer;20-29;8;0.124262193;ZA
2025-10-19;Zamora;Mujer;30-39;41;0.536649215;ZA
2025-10-19;Zamora;Mujer;80-89;1132;12.75205587;ZA
