AÑO ESTUDIO;PROVINCIA;TIPO VACUNA;PAUTA (edad del calendario);DOSIS;COHORTE (Fecha nacimiento inicio);COHORTE (Fecha nacimiento final);POBLACION DIANA;Nº de VACUNADOS;COBERTURA (%);FECHA EXTRACION DATOS
2023;AVILA;NIRSEVIMAB (ANTICUERPO MONOCLONAL VRS);0 meses;1;2023-01-03;2023-12-31;705;658;93.33;2024-11-28
2023;AVILA;DTPa-Hib-POLIO-HB (HEXAVALENTE);2 meses;1;2022-01-11;2023-10-31;820;812;99.02;2024-11-28
2023;AVILA;ROTAVIRUS pentavalente;3 meses;2;2023-01-01;2023-09-30;619;602;97.25;2024-11-28
2023;AVILA;MENINGOCOCO B;4 meses;2;2022-01-11;2023-08-31;683;668;97.8;2024-11-28
2023;AVILA;MENINGOCOCO B;5 meses;2;2022-01-08;2022-10-31;244;239;97.95;2024-11-28
2023;AVILA;NEUMOCOCICA CONJ 13 VALENTE;11 meses;3;2022-01-02;2023-01-31;888;853;96.06;2024-11-28
2023;AVILA;Td;65 años;1;1958-01-01;1958-12-31;2326;605;26.01;2024-11-28
2023;AVILA;HERPES ZOSTER HZ/su;66 años;2;1957-01-01;1957-12-31;2248;966;42.97;2024-11-28
2023;AVILA;ROTAVIRUS pentavalente;2 meses;1;2023-01-01;2023-10-31;688;674;97.97;2024-11-28
2023;AVILA;MENINGOCOCO B;3 meses;1;2022-01-10;2022-10-31;66;64;96.97;2024-11-28
2023;AVILA;DTPa-Hib-POLIO-HB (HEXAVALENTE);4 meses;2;2022-01-09;2023-08-31;848;831;98.0;2024-11-28
2023;AVILA;MENINGOCOCO CONJUGADA C;4 meses;1;2022-01-09;2023-08-31;848;828;97.64;2024-11-28
2023;AVILA;NEUMOCOCICA CONJ 13 VALENTE;4 meses;2;2022-01-09;2023-08-31;848;831;98.0;2024-11-28
2023;AVILA;ROTAVIRUS pentavalente;4 meses;3;2023-01-01;2023-08-31;548;514;93.8;2024-11-28
2023;AVILA;MENINGOCOCO CONJUGADA ACWY;12 meses;2;2022-01-01;2022-12-31;907;872;96.14;2024-11-28
2023;AVILA;SARAMPION, RUBEOLA, PAROTIDITIS (TRIPLE VIRICA);12 meses;1;2022-01-01;2022-12-31;907;876;96.58;2024-11-28
2023;AVILA;SARAMPION, RUBEOLA, PAROTIDITIS (TRIPLE VIRICA);3 años;2;2020-01-01;2020-12-31;965;868;89.95;2024-11-28
2023;AVILA;VARICELA;3 años;2;2020-01-01;2020-12-31;965;862;89.33;2024-11-28
2023;AVILA;DTPa-VPI;6 años;1;2017-01-01;2017-12-31;1157;1004;86.78;2024-11-28
2023;AVILA;VPH 9VALENTE;12 años;1;2011-01-01;2011-12-31;1469;1198;81.55;2024-11-28
2023;AVILA;VPH 9VALENTE;12 años;2;2011-01-01;2011-12-31;1469;1030;70.12;2024-11-28
2023;AVILA;Td;14 años;1;2009-01-01;2009-12-31;1565;1251;79.94;2024-11-28
2023;AVILA;HERPES ZOSTER HZ/su;65 años;2;1958-01-01;1958-12-31;2326;1012;43.51;2024-11-28
2023;AVILA;HERPES ZOSTER HZ/su;66 años;1;1957-01-01;1957-12-31;2248;1051;46.75;2024-11-28
2023;AVILA;MENINGOCOCO B;2 meses;1;2022-01-11;2023-10-31;820;812;99.02;2024-11-28
2023;AVILA;NEUMOCOCICA CONJ 13 VALENTE;2 meses;1;2022-01-11;2023-10-31;820;812;99.02;2024-11-28
2023;AVILA;DTPa-Hib-POLIO-HB (HEXAVALENTE);11 meses;3;2022-01-02;2023-01-31;888;856;96.4;2024-11-28
2023;AVILA;MENINGOCOCO B;12 meses;3;2022-01-01;2022-12-31;907;858;94.6;2024-11-28
2023;AVILA;VARICELA;15 meses;1;2021-01-10;2022-09-30;912;868;95.18;2024-11-28
2023;AVILA;MENINGOCOCO CONJUGADA ACWY;12 años;1;2011-01-01;2011-12-31;1469;1207;82.16;2024-11-28
2023;AVILA;HERPES ZOSTER HZ/su;65 años;1;1958-01-01;1958-12-31;2326;1092;46.95;2024-11-28
2023;AVILA;NEUMOCOCICA CONJ 20 VALENTE;65 años;1;1958-01-01;1958-12-31;2326;999;42.95;2024-11-28
2023;BURGOS;MENINGOCOCO B;2 meses;1;2022-01-11;2023-10-31;2024;1988;98.22;2024-11-28
2023;BURGOS;DTPa-Hib-POLIO-HB (HEXAVALENTE);4 meses;2;2022-01-09;2023-08-31;2068;2031;98.21;2024-11-28
2023;BURGOS;NEUMOCOCICA CONJ 13 VALENTE;4 meses;2;2022-01-09;2023-08-31;2068;2032;98.26;2024-11-28
2023;BURGOS;ROTAVIRUS pentavalente;4 meses;3;2023-01-01;2023-08-31;1349;1284;95.18;2024-11-28
2023;BURGOS;MENINGOCOCO B;12 meses;3;2022-01-01;2022-12-31;2152;2083;96.79;2024-11-28
2023;BURGOS;VARICELA;3 años;2;2020-01-01;2020-12-31;2245;2115;94.21;2024-11-28
2023;BURGOS;DTPa-VPI;6 años;1;2017-01-01;2017-12-31;2632;2454;93.24;2024-11-28
2023;BURGOS;HERPES ZOSTER HZ/su;66 años;1;1957-01-01;1957-12-31;5174;2605;50.35;2024-11-28
2023;BURGOS;HERPES ZOSTER HZ/su;66 años;2;1957-01-01;1957-12-31;5174;2440;47.16;2024-11-28
2023;BURGOS;DTPa-Hib-POLIO-HB (HEXAVALENTE);2 meses;1;2022-01-11;2023-10-31;2024;1990;98.32;2024-11-28
2023;BURGOS;NEUMOCOCICA CONJ 13 VALENTE;2 meses;1;2022-01-11;2023-10-31;2024;1990;98.32;2024-11-28
2023;BURGOS;ROTAVIRUS pentavalente;2 meses;1;2023-01-01;2023-10-31;1671;1633;97.73;2024-11-28
2023;BURGOS;MENINGOCOCO B;3 meses;1;2022-01-10;2022-10-31;179;176;98.32;2024-11-28
2023;BURGOS;MENINGOCOCO B;4 meses;2;2022-01-11;2023-08-31;1703;1672;98.18;2024-11-28
2023;BURGOS;MENINGOCOCO CONJUGADA C;4 meses;1;2022-01-09;2023-08-31;2068;2029;98.11;2024-11-28
2023;BURGOS;MENINGOCOCO CONJUGADA ACWY;12 meses;2;2022-01-01;2022-12-31;2152;2102;97.68;2024-11-28
2023;BURGOS;SARAMPION, RUBEOLA, PAROTIDITIS (TRIPLE VIRICA);12 meses;1;2022-01-01;2022-12-31;2152;2103;97.72;2024-11-28
2023;BURGOS;VARICELA;15 meses;1;2021-01-10;2022-09-30;2175;2104;96.74;2024-11-28
2023;BURGOS;VPH 9VALENTE;12 años;2;2011-01-01;2011-12-31;3368;2826;83.91;2024-11-28
2023;BURGOS;HERPES ZOSTER HZ/su;65 años;1;1958-01-01;1958-12-31;5187;2805;54.08;2024-11-28
2023;BURGOS;NEUMOCOCICA CONJ 20 VALENTE;65 años;1;1958-01-01;1958-12-31;5187;2686;51.78;2024-11-28
2023;BURGOS;Td;65 años;1;1958-01-01;1958-12-31;5187;1734;33.43;2024-11-28
2023;BURGOS;NIRSEVIMAB (ANTICUERPO MONOCLONAL VRS);0 meses;1;2023-01-03;2023-12-31;1689;1583;93.72;2024-11-28
2023;BURGOS;ROTAVIRUS pentavalente;3 meses;2;2023-01-01;2023-09-30;1516;1474;97.23;2024-11-28
2023;BURGOS;MENINGOCOCO B;5 meses;2;2022-01-08;2022-10-31;537;526;97.95;2024-11-28
2023;BURGOS;DTPa-Hib-POLIO-HB (HEXAVALENTE);11 meses;3;2022-01-02;2023-01-31;2148;2091;97.35;2024-11-28
2023;BURGOS;NEUMOCOCICA CONJ 13 VALENTE;11 meses;3;2022-01-02;2023-01-31;2148;2094;97.49;2024-11-28
2023;BURGOS;SARAMPION, RUBEOLA, PAROTIDITIS (TRIPLE VIRICA);3 años;2;2020-01-01;2020-12-31;2245;2140;95.32;2024-11-28
2023;BURGOS;MENINGOCOCO CONJUGADA ACWY;12 años;1;2011-01-01;2011-12-31;3368;3120;92.64;2024-11-28
2023;BURGOS;VPH 9VALENTE;12 años;1;2011-01-01;2011-12-31;3368;3081;91.48;2024-11-28
2023;BURGOS;Td;14 años;1;2009-01-01;2009-12-31;3440;2905;84.45;2024-11-28
2023;BURGOS;HERPES ZOSTER HZ/su;65 años;2;1958-01-01;1958-12-31;5187;2596;50.05;2024-11-28
2023;CYL;NIRSEVIMAB (ANTICUERPO MONOCLONAL VRS);1 meses;2;2023-01-03;2023-12-31;10566;9975;94.41;2024-11-28
2023;CYL;MENINGOCOCO B;3 meses;1;2022-01-10;2022-10-31;1115;1089;97.67;2024-11-28
2023;CYL;MENINGOCOCO B;4 meses;2;2022-01-11;2023-08-31;10743;10484;97.59;2024-11-28
2023;CYL;ROTAVIRUS pentavalente;4 meses;3;2023-01-01;2023-08-31;8492;8005;94.27;2024-11-28
2023;CYL;MENINGOCOCO B;5 meses;2;2022-01-08;2022-10-31;3394;3295;97.08;2024-11-28
2023;CYL;SARAMPION, RUBEOLA, PAROTIDITIS (TRIPLE VIRICA);12 meses;1;2022-01-01;2022-12-31;13493;12965;96.09;2024-11-28
2023;CYL;SARAMPION, RUBEOLA, PAROTIDITIS (TRIPLE VIRICA);3 años;2;2020-01-01;2020-12-31;14630;13490;92.21;2024-11-28
2023;CYL;VARICELA;3 años;2;2020-01-01;2020-12-31;14630;13383;91.48;2024-11-28
2023;CYL;MENINGOCOCO CONJUGADA ACWY;12 años;1;2011-01-01;2011-12-31;21024;18582;88.38;2024-11-28
2023;CYL;VPH 9VALENTE;12 años;2;2011-01-01;2011-12-31;42048;34581;82.24;2024-11-28
2023;CYL;HERPES ZOSTER HZ/su;65 años;2;1958-01-01;1958-12-31;70458;33340;47.32;2024-11-28
2023;CYL;DTPa-Hib-POLIO-HB (HEXAVALENTE);2 meses;1;2022-01-11;2023-10-31;12817;12604;98.34;2024-11-28
2023;CYL;NEUMOCOCICA CONJ 13 VALENTE;2 meses;1;2022-01-11;2023-10-31;12817;12599;98.3;2024-11-28
2023;CYL;ROTAVIRUS pentavalente;2 meses;1;2023-01-01;2023-10-31;10590;10335;97.59;2024-11-28
2023;CYL;ROTAVIRUS pentavalente;3 meses;2;2023-01-01;2023-09-30;9558;9243;96.7;2024-11-28
2023;CYL;DTPa-Hib-POLIO-HB (HEXAVALENTE);4 meses;2;2022-01-09;2023-08-31;12958;12650;97.62;2024-11-28
2023;CYL;NEUMOCOCICA CONJ 13 VALENTE;4 meses;2;2022-01-09;2023-08-31;12958;12648;97.61;2024-11-28
2023;CYL;NEUMOCOCICA CONJ 13 VALENTE;11 meses;3;2022-01-02;2023-01-31;13480;12943;96.02;2024-11-28
2023;CYL;VARICELA;15 meses;1;2021-01-10;2022-09-30;13525;12854;95.04;2024-11-28
2023;CYL;NEUMOCOCICA CONJ 20 VALENTE;65 años;1;1958-01-01;1958-12-31;35229;16025;45.49;2024-11-28
2023;CYL;Td;65 años;1;1958-01-01;1958-12-31;35229;8088;22.96;2024-11-28
2023;CYL;MENINGOCOCO B;3 meses;2;2022-01-11;2023-10-31;12817;12595;98.27;2024-11-28
2023;CYL;MENINGOCOCO CONJUGADA C;4 meses;1;2022-01-09;2023-08-31;12958;12600;97.24;2024-11-28
2023;CYL;DTPa-Hib-POLIO-HB (HEXAVALENTE);11 meses;3;2022-01-02;2023-01-31;13480;12947;96.05;2024-11-28
2023;CYL;MENINGOCOCO B;12 meses;3;2022-01-01;2022-12-31;13493;12814;94.97;2024-11-28
2023;CYL;MENINGOCOCO CONJUGADA ACWY;12 meses;2;2022-01-01;2022-12-31;13493;12952;95.99;2024-11-28
2023;CYL;DTPa-VPI;6 años;1;2017-01-01;2017-12-31;16847;15339;91.05;2024-11-28
2023;CYL;Td;14 años;1;2009-01-01;2009-12-31;21802;18107;83.05;2024-11-28
2023;CYL;HERPES ZOSTER HZ/su;66 años;2;1957-01-01;1957-12-31;69750;32674;46.84;2024-11-28
2023;LEON;NIRSEVIMAB (ANTICUERPO MONOCLONAL VRS);0 meses;1;2023-01-03;2023-12-31;1790;1679;93.8;2024-11-28
2023;LEON;ROTAVIRUS pentavalente;3 meses;2;2023-01-01;2023-09-30;1624;1549;95.38;2024-11-28
2023;LEON;MENINGOCOCO B;4 meses;2;2022-01-11;2023-08-31;1828;1759;96.23;2024-11-28
2023;LEON;MENINGOCOCO CONJUGADA C;4 meses;1;2022-01-09;2023-08-31;2183;2083;95.42;2024-11-28
2023;LEON;MENINGOCOCO B;5 meses;2;2022-01-08;2022-10-31;542;516;95.2;2024-11-28
2023;LEON;DTPa-Hib-POLIO-HB (HEXAVALENTE);11 meses;3;2022-01-02;2023-01-31;2299;2146;93.34;2024-11-28
2023;LEON;VARICELA;15 meses;1;2021-01-10;2022-09-30;2357;2179;92.45;2024-11-28
2023;LEON;SARAMPION, RUBEOLA, PAROTIDITIS (TRIPLE VIRICA);3 años;2;2020-01-01;2020-12-31;2514;2218;88.23;2024-11-28
2023;LEON;MENINGOCOCO CONJUGADA ACWY;12 años;1;2011-01-01;2011-12-31;3600;3064;85.11;2024-11-28
2023;LEON;VPH 9VALENTE;12 años;1;2011-01-01;2011-12-31;3600;3076;85.44;2024-11-28
2023;LEON;VPH 9VALENTE;12 años;2;2011-01-01;2011-12-31;3600;2702;75.06;2024-11-28
2023;LEON;HERPES ZOSTER HZ/su;65 años;2;1958-01-01;1958-12-31;7043;3141;44.6;2024-11-28
2023;LEON;MENINGOCOCO B;2 meses;1;2022-01-11;2023-10-31;2177;2114;97.11;2024-11-28
2023;LEON;NEUMOCOCICA CONJ 13 VALENTE;2 meses;1;2022-01-11;2023-10-31;2177;2111;96.97;2024-11-28
2023;LEON;ROTAVIRUS pentavalente;2 meses;1;2023-01-01;2023-10-31;1806;1741;96.4;2024-11-28
2023;LEON;NEUMOCOCICA CONJ 13 VALENTE;4 meses;2;2022-01-09;2023-08-31;2183;2098;96.11;2024-11-28
2023;LEON;NEUMOCOCICA CONJ 13 VALENTE;11 meses;3;2022-01-02;2023-01-31;2299;2143;93.21;2024-11-28
2023;LEON;MENINGOCOCO B;12 meses;3;2022-01-01;2022-12-31;2288;2110;92.22;2024-11-28
2023;LEON;DTPa-VPI;6 años;1;2017-01-01;2017-12-31;2879;2543;88.33;2024-11-28
2023;LEON;HERPES ZOSTER HZ/su;65 años;1;1958-01-01;1958-12-31;7043;3435;48.77;2024-11-28
2023;LEON;NEUMOCOCICA CONJ 20 VALENTE;65 años;1;1958-01-01;1958-12-31;7043;3073;43.63;2024-11-28
2023;LEON;HERPES ZOSTER HZ/su;66 años;2;1957-01-01;1957-12-31;7069;3525;49.87;2024-11-28
2023;LEON;DTPa-Hib-POLIO-HB (HEXAVALENTE);2 meses;1;2022-01-11;2023-10-31;2177;2113;97.06;2024-11-28
2023;LEON;MENINGOCOCO B;3 meses;1;2022-01-10;2022-10-31;170;166;97.65;2024-11-28
2023;LEON;DTPa-Hib-POLIO-HB (HEXAVALENTE);4 meses;2;2022-01-09;2023-08-31;2183;2101;96.24;2024-11-28
2023;LEON;ROTAVIRUS pentavalente;4 meses;3;2023-01-01;2023-08-31;1452;1350;92.98;2024-11-28
2023;LEON;MENINGOCOCO CONJUGADA ACWY;12 meses;2;2022-01-01;2022-12-31;2288;2129;93.05;2024-11-28
2023;LEON;SARAMPION, RUBEOLA, PAROTIDITIS (TRIPLE VIRICA);12 meses;1;2022-01-01;2022-12-31;2288;2130;93.09;2024-11-28
2023;LEON;VARICELA;3 años;2;2020-01-01;2020-12-31;2514;2212;87.99;2024-11-28
2023;LEON;Td;14 años;1;2009-01-01;2009-12-31;3753;2956;78.76;2024-11-28
2023;LEON;Td;65 años;1;1958-01-01;1958-12-31;7043;1536;21.81;2024-11-28
2023;LEON;HERPES ZOSTER HZ/su;66 años;1;1957-01-01;1957-12-31;7069;3868;54.72;2024-11-28
2023;PALENCIA;ROTAVIRUS pentavalente;3 meses;2;2023-01-01;2023-09-30;583;574;98.46;2024-11-28
2023;PALENCIA;DTPa-Hib-POLIO-HB (HEXAVALENTE);4 meses;2;2022-01-09;2023-08-31;788;780;98.98;2024-11-28
2023;PALENCIA;NEUMOCOCICA CONJ 13 VALENTE;4 meses;2;2022-01-09;2023-08-31;788;780;98.98;2024-11-28
2023;PALENCIA;ROTAVIRUS pentavalente;4 meses;3;2023-01-01;2023-08-31;520;506;97.31;2024-11-28
2023;PALENCIA;NEUMOCOCICA CONJ 13 VALENTE;11 meses;3;2022-01-02;2023-01-31;840;828;98.57;2024-11-28
2023;PALENCIA;MENINGOCOCO CONJUGADA ACWY;12 meses;2;2022-01-01;2022-12-31;876;852;97.26;2024-11-28
2023;PALENCIA;VARICELA;15 meses;1;2021-01-10;2022-09-30;902;868;96.23;2024-11-28
2023;PALENCIA;HERPES ZOSTER HZ/su;65 años;1;1958-01-01;1958-12-31;2599;1153;44.36;2024-11-28
2023;PALENCIA;HERPES ZOSTER HZ/su;65 años;2;1958-01-01;1958-12-31;2599;1067;41.05;2024-11-28
2023;PALENCIA;NEUMOCOCICA CONJ 20 VALENTE;65 años;1;1958-01-01;1958-12-31;2599;924;35.55;2024-11-28
2023;PALENCIA;HERPES ZOSTER HZ/su;66 años;1;1957-01-01;1957-12-31;2607;1146;43.96;2024-11-28
2023;PALENCIA;DTPa-Hib-POLIO-HB (HEXAVALENTE);2 meses;1;2022-01-11;2023-10-31;779;774;99.36;2024-11-28
2023;PALENCIA;NEUMOCOCICA CONJ 13 VALENTE;2 meses;1;2022-01-11;2023-10-31;779;774;99.36;2024-11-28
2023;PALENCIA;ROTAVIRUS pentavalente;2 meses;1;2023-01-01;2023-10-31;649;642;98.92;2024-11-28
2023;PALENCIA;MENINGOCOCO B;3 meses;1;2022-01-10;2022-10-31;67;67;100.0;2024-11-28
2023;PALENCIA;MENINGOCOCO B;4 meses;2;2022-01-11;2023-08-31;651;642;98.62;2024-11-28
2023;PALENCIA;MENINGOCOCO B;12 meses;3;2022-01-01;2022-12-31;876;845;96.46;2024-11-28
2023;PALENCIA;SARAMPION, RUBEOLA, PAROTIDITIS (TRIPLE VIRICA);3 años;2;2020-01-01;2020-12-31;968;910;94.01;2024-11-28
2023;PALENCIA;VPH 9VALENTE;12 años;1;2011-01-01;2011-12-31;1301;1202;92.39;2024-11-28
2023;PALENCIA;VPH 9VALENTE;12 años;2;2011-01-01;2011-12-31;1301;1050;80.71;2024-11-28
2023;PALENCIA;HERPES ZOSTER HZ/su;66 años;2;1957-01-01;1957-12-31;2607;1069;41.0;2024-11-28
2023;PALENCIA;NIRSEVIMAB (ANTICUERPO MONOCLONAL VRS);0 meses;1;2023-01-03;2023-12-31;657;633;96.35;2024-11-28
2023;PALENCIA;MENINGOCOCO B;2 meses;1;2022-01-11;2023-10-31;779;773;99.23;2024-11-28
2023;PALENCIA;MENINGOCOCO CONJUGADA C;4 meses;1;2022-01-09;2023-08-31;788;778;98.73;2024-11-28
2023;PALENCIA;MENINGOCOCO B;5 meses;2;2022-01-08;2022-10-31;220;219;99.55;2024-11-28
2023;PALENCIA;DTPa-Hib-POLIO-HB (HEXAVALENTE);11 meses;3;2022-01-02;2023-01-31;840;828;98.57;2024-11-28
2023;PALENCIA;SARAMPION, RUBEOLA, PAROTIDITIS (TRIPLE VIRICA);12 meses;1;2022-01-01;2022-12-31;876;854;97.49;2024-11-28
2023;PALENCIA;VARICELA;3 años;2;2020-01-01;2020-12-31;968;905;93.49;2024-11-28
2023;PALENCIA;DTPa-VPI;6 años;1;2017-01-01;2017-12-31;1135;1084;95.51;2024-11-28
2023;PALENCIA;MENINGOCOCO CONJUGADA ACWY;12 años;1;2011-01-01;2011-12-31;1301;1203;92.47;2024-11-28
2023;PALENCIA;Td;14 años;1;2009-01-01;2009-12-31;1314;1179;89.73;2024-11-28
2023;PALENCIA;Td;65 años;1;1958-01-01;1958-12-31;2599;384;14.77;2024-11-28
2023;SALAMANCA;NIRSEVIMAB (ANTICUERPO MONOCLONAL VRS);0 meses;1;2023-01-03;2023-12-31;1444;1373;95.08;2024-11-28
2023;SALAMANCA;MENINGOCOCO B;2 meses;1;2022-01-11;2023-10-31;1760;1731;98.35;2024-11-28
2023;SALAMANCA;ROTAVIRUS pentavalente;2 meses;1;2023-01-01;2023-10-31;1443;1410;97.71;2024-11-28
2023;SALAMANCA;MENINGOCOCO B;3 meses;1;2022-01-10;2022-10-31;154;148;96.1;2024-11-28
2023;SALAMANCA;MENINGOCOCO CONJUGADA C;4 meses;1;2022-01-09;2023-08-31;1755;1705;97.15;2024-11-28
2023;SALAMANCA;DTPa-VPI;6 años;1;2017-01-01;2017-12-31;2163;2021;93.44;2024-11-28
2023;SALAMANCA;MENINGOCOCO CONJUGADA ACWY;12 años;1;2011-01-01;2011-12-31;2732;2513;91.98;2024-11-28
2023;SALAMANCA;NEUMOCOCICA CONJ 20 VALENTE;65 años;1;1958-01-01;1958-12-31;4904;1802;36.75;2024-11-28
2023;SALAMANCA;HERPES ZOSTER HZ/su;66 años;1;1957-01-01;1957-12-31;4764;1613;33.86;2024-11-28
2023;SALAMANCA;MENINGOCOCO B;4 meses;2;2022-01-11;2023-08-31;1472;1440;97.83;2024-11-28
2023;SALAMANCA;NEUMOCOCICA CONJ 13 VALENTE;4 meses;2;2022-01-09;2023-08-31;1755;1711;97.49;2024-11-28
2023;SALAMANCA;MENINGOCOCO B;12 meses;3;2022-01-01;2022-12-31;1793;1723;96.1;2024-11-28
2023;SALAMANCA;SARAMPION, RUBEOLA, PAROTIDITIS (TRIPLE VIRICA);3 años;2;2020-01-01;2020-12-31;1900;1800;94.74;2024-11-28
2023;SALAMANCA;VARICELA;3 años;2;2020-01-01;2020-12-31;1900;1797;94.58;2024-11-28
2023;SALAMANCA;VPH 9VALENTE;12 años;1;2011-01-01;2011-12-31;2732;2502;91.58;2024-11-28
2023;SALAMANCA;VPH 9VALENTE;12 años;2;2011-01-01;2011-12-31;2732;2185;79.98;2024-11-28
2023;SALAMANCA;HERPES ZOSTER HZ/su;65 años;2;1958-01-01;1958-12-31;4904;1607;32.77;2024-11-28
2023;SALAMANCA;Td;65 años;1;1958-01-01;1958-12-31;4904;1016;20.72;2024-11-28
2023;SALAMANCA;DTPa-Hib-POLIO-HB (HEXAVALENTE);2 meses;1;2022-01-11;2023-10-31;1760;1731;98.35;2024-11-28
2023;SALAMANCA;NEUMOCOCICA CONJ 13 VALENTE;2 meses;1;2022-01-11;2023-10-31;1760;1729;98.24;2024-11-28
2023;SALAMANCA;ROTAVIRUS pentavalente;3 meses;2;2023-01-01;2023-09-30;1300;1255;96.54;2024-11-28
2023;SALAMANCA;DTPa-Hib-POLIO-HB (HEXAVALENTE);4 meses;2;2022-01-09;2023-08-31;1755;1709;97.38;2024-11-28
2023;SALAMANCA;ROTAVIRUS pentavalente;4 meses;3;2023-01-01;2023-08-31;1152;1093;94.88;2024-11-28
2023;SALAMANCA;MENINGOCOCO B;5 meses;2;2022-01-08;2022-10-31;443;429;96.84;2024-11-28
2023;SALAMANCA;DTPa-Hib-POLIO-HB (HEXAVALENTE);11 meses;3;2022-01-02;2023-01-31;1792;1730;96.54;2024-11-28
2023;SALAMANCA;NEUMOCOCICA CONJ 13 VALENTE;11 meses;3;2022-01-02;2023-01-31;1792;1732;96.65;2024-11-28
2023;SALAMANCA;MENINGOCOCO CONJUGADA ACWY;12 meses;2;2022-01-01;2022-12-31;1793;1731;96.54;2024-11-28
2023;SALAMANCA;SARAMPION, RUBEOLA, PAROTIDITIS (TRIPLE VIRICA);12 meses;1;2022-01-01;2022-12-31;1793;1727;96.32;2024-11-28
2023;SALAMANCA;VARICELA;15 meses;1;2021-01-10;2022-09-30;1748;1687;96.51;2024-11-28
2023;SALAMANCA;Td;14 años;1;2009-01-01;2009-12-31;2768;2500;90.32;2024-11-28
2023;SALAMANCA;HERPES ZOSTER HZ/su;65 años;1;1958-01-01;1958-12-31;4904;1797;36.64;2024-11-28
2023;SALAMANCA;HERPES ZOSTER HZ/su;66 años;2;1957-01-01;1957-12-31;4764;1472;30.9;2024-11-28
2023;SEGOVIA;NEUMOCOCICA CONJ 13 VALENTE;2 meses;1;2022-01-11;2023-10-31;946;931;98.41;2024-11-28
2023;SEGOVIA;MENINGOCOCO B;3 meses;1;2022-01-10;2022-10-31;90;88;97.78;2024-11-28
2023;SEGOVIA;DTPa-Hib-POLIO-HB (HEXAVALENTE);4 meses;2;2022-01-09;2023-08-31;946;922;97.46;2024-11-28
2023;SEGOVIA;MENINGOCOCO B;4 meses;2;2022-01-11;2023-08-31;785;765;97.45;2024-11-28
2023;SEGOVIA;DTPa-VPI;6 años;1;2017-01-01;2017-12-31;1221;1075;88.04;2024-11-28
2023;SEGOVIA;VPH 9VALENTE;12 años;1;2011-01-01;2011-12-31;1502;1252;83.36;2024-11-28
2023;SEGOVIA;VPH 9VALENTE;12 años;2;2011-01-01;2011-12-31;1502;1062;70.71;2024-11-28
2023;SEGOVIA;HERPES ZOSTER HZ/su;65 años;2;1958-01-01;1958-12-31;2040;1145;56.13;2024-11-28
2023;SEGOVIA;HERPES ZOSTER HZ/su;66 años;2;1957-01-01;1957-12-31;2078;1146;55.15;2024-11-28
2023;SEGOVIA;NIRSEVIMAB (ANTICUERPO MONOCLONAL VRS);0 meses;1;2023-01-03;2023-12-31;769;716;93.11;2024-11-28
2023;SEGOVIA;DTPa-Hib-POLIO-HB (HEXAVALENTE);2 meses;1;2022-01-11;2023-10-31;946;932;98.52;2024-11-28
2023;SEGOVIA;MENINGOCOCO B;2 meses;1;2022-01-11;2023-10-31;946;932;98.52;2024-11-28
2023;SEGOVIA;ROTAVIRUS pentavalente;3 meses;2;2023-01-01;2023-09-30;689;671;97.39;2024-11-28
2023;SEGOVIA;MENINGOCOCO CONJUGADA C;4 meses;1;2022-01-09;2023-08-31;946;919;97.15;2024-11-28
2023;SEGOVIA;ROTAVIRUS pentavalente;4 meses;3;2023-01-01;2023-08-31;612;585;95.59;2024-11-28
2023;SEGOVIA;MENINGOCOCO B;5 meses;2;2022-01-08;2022-10-31;244;234;95.9;2024-11-28
2023;SEGOVIA;NEUMOCOCICA CONJ 13 VALENTE;11 meses;3;2022-01-02;2023-01-31;949;915;96.42;2024-11-28
2023;SEGOVIA;MENINGOCOCO B;12 meses;3;2022-01-01;2022-12-31;957;914;95.51;2024-11-28
2023;SEGOVIA;VARICELA;15 meses;1;2021-01-10;2022-09-30;939;887;94.46;2024-11-28
2023;SEGOVIA;SARAMPION, RUBEOLA, PAROTIDITIS (TRIPLE VIRICA);3 años;2;2020-01-01;2020-12-31;1025;962;93.85;2024-11-28
2023;SEGOVIA;VARICELA;3 años;2;2020-01-01;2020-12-31;1025;942;91.9;2024-11-28
2023;SEGOVIA;Td;14 años;1;2009-01-01;2009-12-31;1514;1135;74.97;2024-11-28
2023;SEGOVIA;Td;65 años;1;1958-01-01;1958-12-31;2040;643;31.52;2024-11-28
2023;SEGOVIA;ROTAVIRUS pentavalente;2 meses;1;2023-01-01;2023-10-31;775;761;98.19;2024-11-28
2023;SEGOVIA;NEUMOCOCICA CONJ 13 VALENTE;4 meses;2;2022-01-09;2023-08-31;946;922;97.46;2024-11-28
2023;SEGOVIA;DTPa-Hib-POLIO-HB (HEXAVALENTE);11 meses;3;2022-01-02;2023-01-31;949;916;96.52;2024-11-28
2023;SEGOVIA;MENINGOCOCO CONJUGADA ACWY;12 meses;2;2022-01-01;2022-12-31;957;921;96.24;2024-11-28
2023;SEGOVIA;SARAMPION, RUBEOLA, PAROTIDITIS (TRIPLE VIRICA);12 meses;1;2022-01-01;2022-12-31;957;921;96.24;2024-11-28
2023;SEGOVIA;MENINGOCOCO CONJUGADA ACWY;12 años;1;2011-01-01;2011-12-31;1502;1265;84.22;2024-11-28
2023;SEGOVIA;HERPES ZOSTER HZ/su;65 años;1;1958-01-01;1958-12-31;2040;1210;59.31;2024-11-28
2023;SEGOVIA;NEUMOCOCICA CONJ 20 VALENTE;65 años;1;1958-01-01;1958-12-31;2040;1135;55.64;2024-11-28
2023;SEGOVIA;HERPES ZOSTER HZ/su;66 años;1;1957-01-01;1957-12-31;2078;1237;59.53;2024-11-28
2023;SORIA;MENINGOCOCO B;3 meses;1;2022-01-10;2022-10-31;62;61;98.39;2024-11-28
2023;SORIA;DTPa-Hib-POLIO-HB (HEXAVALENTE);4 meses;2;2022-01-09;2023-08-31;513;503;98.05;2024-11-28
2023;SORIA;DTPa-Hib-POLIO-HB (HEXAVALENTE);11 meses;3;2022-01-02;2023-01-31;553;535;96.75;2024-11-28
2023;SORIA;SARAMPION, RUBEOLA, PAROTIDITIS (TRIPLE VIRICA);12 meses;1;2022-01-01;2022-12-31;537;523;97.39;2024-11-28
2023;SORIA;VARICELA;3 años;2;2020-01-01;2020-12-31;645;594;92.09;2024-11-28
2023;SORIA;MENINGOCOCO CONJUGADA ACWY;12 años;1;2011-01-01;2011-12-31;799;685;85.73;2024-11-28
2023;SORIA;VPH 9VALENTE;12 años;1;2011-01-01;2011-12-31;799;677;84.73;2024-11-28
2023;SORIA;Td;14 años;1;2009-01-01;2009-12-31;822;721;87.71;2024-11-28
2023;SORIA;HERPES ZOSTER HZ/su;65 años;1;1958-01-01;1958-12-31;1288;712;55.28;2024-11-28
2023;SORIA;HERPES ZOSTER HZ/su;65 años;2;1958-01-01;1958-12-31;1288;671;52.1;2024-11-28
2023;SORIA;NEUMOCOCICA CONJ 20 VALENTE;65 años;1;1958-01-01;1958-12-31;1288;669;51.94;2024-11-28
2023;SORIA;HERPES ZOSTER HZ/su;66 años;1;1957-01-01;1957-12-31;1163;645;55.46;2024-11-28
2023;SORIA;HERPES ZOSTER HZ/su;66 años;2;1957-01-01;1957-12-31;1163;610;52.45;2024-11-28
2023;SORIA;NIRSEVIMAB (ANTICUERPO MONOCLONAL VRS);0 meses;1;2023-01-03;2023-12-31;388;366;94.33;2024-11-28
2023;SORIA;MENINGOCOCO B;2 meses;1;2022-01-11;2023-10-31;495;486;98.18;2024-11-28
2023;SORIA;ROTAVIRUS pentavalente;2 meses;1;2023-01-01;2023-10-31;414;404;97.58;2024-11-28
2023;SORIA;ROTAVIRUS pentavalente;3 meses;2;2023-01-01;2023-09-30;382;371;97.12;2024-11-28
2023;SORIA;MENINGOCOCO B;4 meses;2;2022-01-11;2023-08-31;418;407;97.37;2024-11-28
2023;SORIA;MENINGOCOCO B;5 meses;2;2022-01-08;2022-10-31;143;140;97.9;2024-11-28
2023;SORIA;MENINGOCOCO B;12 meses;3;2022-01-01;2022-12-31;537;512;95.34;2024-11-28
2023;SORIA;MENINGOCOCO CONJUGADA ACWY;12 meses;2;2022-01-01;2022-12-31;537;521;97.02;2024-11-28
2023;SORIA;VARICELA;15 meses;1;2021-01-10;2022-09-30;544;517;95.04;2024-11-28
2023;SORIA;DTPa-VPI;6 años;1;2017-01-01;2017-12-31;700;631;90.14;2024-11-28
2023;SORIA;DTPa-Hib-POLIO-HB (HEXAVALENTE);2 meses;1;2022-01-11;2023-10-31;495;489;98.79;2024-11-28
2023;SORIA;NEUMOCOCICA CONJ 13 VALENTE;2 meses;1;2022-01-11;2023-10-31;495;488;98.59;2024-11-28
2023;SORIA;MENINGOCOCO CONJUGADA C;4 meses;1;2022-01-09;2023-08-31;513;503;98.05;2024-11-28
2023;SORIA;NEUMOCOCICA CONJ 13 VALENTE;4 meses;2;2022-01-09;2023-08-31;513;502;97.86;2024-11-28
2023;SORIA;ROTAVIRUS pentavalente;4 meses;3;2023-01-01;2023-08-31;336;313;93.15;2024-11-28
2023;SORIA;NEUMOCOCICA CONJ 13 VALENTE;11 meses;3;2022-01-02;2023-01-31;553;535;96.75;2024-11-28
2023;SORIA;SARAMPION, RUBEOLA, PAROTIDITIS (TRIPLE VIRICA);3 años;2;2020-01-01;2020-12-31;645;603;93.49;2024-11-28
2023;SORIA;VPH 9VALENTE;12 años;2;2011-01-01;2011-12-31;799;582;72.84;2024-11-28
2023;SORIA;Td;65 años;1;1958-01-01;1958-12-31;1288;216;16.77;2024-11-28
2023;VALLADOLID;NEUMOCOCICA CONJ 13 VALENTE;2 meses;1;2022-01-11;2023-10-31;3105;3058;98.49;2024-11-28
2023;VALLADOLID;ROTAVIRUS pentavalente;2 meses;1;2023-01-01;2023-10-31;2559;2495;97.5;2024-11-28
2023;VALLADOLID;MENINGOCOCO B;3 meses;1;2022-01-10;2022-10-31;257;252;98.05;2024-11-28
2023;VALLADOLID;DTPa-Hib-POLIO-HB (HEXAVALENTE);4 meses;2;2022-01-09;2023-08-31;3134;3061;97.67;2024-11-28
2023;VALLADOLID;MENINGOCOCO CONJUGADA C;4 meses;1;2022-01-09;2023-08-31;3134;3044;97.13;2024-11-28
2023;VALLADOLID;NEUMOCOCICA CONJ 13 VALENTE;4 meses;2;2022-01-09;2023-08-31;3134;3060;97.64;2024-11-28
2023;VALLADOLID;MENINGOCOCO B;12 meses;3;2022-01-01;2022-12-31;3277;3074;93.81;2024-11-28
2023;VALLADOLID;SARAMPION, RUBEOLA, PAROTIDITIS (TRIPLE VIRICA);3 años;2;2020-01-01;2020-12-31;3562;3202;89.89;2024-11-28
2023;VALLADOLID;DTPa-VPI;6 años;1;2017-01-01;2017-12-31;4020;3617;89.98;2024-11-28
2023;VALLADOLID;MENINGOCOCO CONJUGADA ACWY;12 años;1;2011-01-01;2011-12-31;5139;4493;87.43;2024-11-28
2023;VALLADOLID;VPH 9VALENTE;12 años;2;2011-01-01;2011-12-31;5139;3757;73.11;2024-11-28
2023;VALLADOLID;NEUMOCOCICA CONJ 20 VALENTE;65 años;1;1958-01-01;1958-12-31;7177;3157;43.99;2024-11-28
2023;VALLADOLID;HERPES ZOSTER HZ/su;66 años;2;1957-01-01;1957-12-31;7176;3376;47.05;2024-11-28
2023;VALLADOLID;MENINGOCOCO B;2 meses;1;2022-01-11;2023-10-31;3105;3053;98.33;2024-11-28
2023;VALLADOLID;MENINGOCOCO B;4 meses;2;2022-01-11;2023-08-31;2601;2537;97.54;2024-11-28
2023;VALLADOLID;MENINGOCOCO B;5 meses;2;2022-01-08;2022-10-31;849;823;96.94;2024-11-28
2023;VALLADOLID;DTPa-Hib-POLIO-HB (HEXAVALENTE);11 meses;3;2022-01-02;2023-01-31;3305;3148;95.25;2024-11-28
2023;VALLADOLID;NEUMOCOCICA CONJ 13 VALENTE;11 meses;3;2022-01-02;2023-01-31;3305;3147;95.22;2024-11-28
2023;VALLADOLID;SARAMPION, RUBEOLA, PAROTIDITIS (TRIPLE VIRICA);12 meses;1;2022-01-01;2022-12-31;3277;3135;95.67;2024-11-28
2023;VALLADOLID;VARICELA;15 meses;1;2021-01-10;2022-09-30;3254;3065;94.19;2024-11-28
2023;VALLADOLID;Td;14 años;1;2009-01-01;2009-12-31;5427;4371;80.54;2024-11-28
2023;VALLADOLID;HERPES ZOSTER HZ/su;65 años;2;1958-01-01;1958-12-31;7177;3387;47.19;2024-11-28
2023;VALLADOLID;Td;65 años;1;1958-01-01;1958-12-31;7177;1457;20.3;2024-11-28
2023;VALLADOLID;HERPES ZOSTER HZ/su;66 años;1;1957-01-01;1957-12-31;7176;3672;51.17;2024-11-28
2023;VALLADOLID;NIRSEVIMAB (ANTICUERPO MONOCLONAL VRS);0 meses;1;2023-01-03;2023-12-31;2546;2417;94.93;2024-11-28
2023;VALLADOLID;DTPa-Hib-POLIO-HB (HEXAVALENTE);2 meses;1;2022-01-11;2023-10-31;3105;3057;98.45;2024-11-28
2023;VALLADOLID;ROTAVIRUS pentavalente;3 meses;2;2023-01-01;2023-09-30;2313;2228;96.33;2024-11-28
2023;VALLADOLID;ROTAVIRUS pentavalente;4 meses;3;2023-01-01;2023-08-31;2051;1913;93.27;2024-11-28
2023;VALLADOLID;MENINGOCOCO CONJUGADA ACWY;12 meses;2;2022-01-01;2022-12-31;3277;3131;95.54;2024-11-28
2023;VALLADOLID;VARICELA;3 años;2;2020-01-01;2020-12-31;3562;3177;89.19;2024-11-28
2023;VALLADOLID;VPH 9VALENTE;12 años;1;2011-01-01;2011-12-31;5139;4474;87.06;2024-11-28
2023;VALLADOLID;HERPES ZOSTER HZ/su;65 años;1;1958-01-01;1958-12-31;7177;3666;51.08;2024-11-28
2023;ZAMORA;NIRSEVIMAB (ANTICUERPO MONOCLONAL VRS);0 meses;1;2023-01-03;2023-12-31;578;550;95.16;2024-11-28
2023;ZAMORA;NEUMOCOCICA CONJ 13 VALENTE;2 meses;1;2022-01-11;2023-10-31;711;706;99.3;2024-11-28
2023;ZAMORA;MENINGOCOCO B;3 meses;1;2022-01-10;2022-10-31;70;67;95.71;2024-11-28
2023;ZAMORA;MENINGOCOCO B;4 meses;2;2022-01-11;2023-08-31;602;594;98.67;2024-11-28
2023;ZAMORA;NEUMOCOCICA CONJ 13 VALENTE;4 meses;2;2022-01-09;2023-08-31;723;712;98.48;2024-11-28
2023;ZAMORA;DTPa-Hib-POLIO-HB (HEXAVALENTE);11 meses;3;2022-01-02;2023-01-31;706;697;98.73;2024-11-28
2023;ZAMORA;SARAMPION, RUBEOLA, PAROTIDITIS (TRIPLE VIRICA);12 meses;1;2022-01-01;2022-12-31;706;696;98.58;2024-11-28
2023;ZAMORA;SARAMPION, RUBEOLA, PAROTIDITIS (TRIPLE VIRICA);3 años;2;2020-01-01;2020-12-31;806;787;97.64;2024-11-28
2023;ZAMORA;MENINGOCOCO CONJUGADA ACWY;12 años;1;2011-01-01;2011-12-31;1114;1032;92.64;2024-11-28
2023;ZAMORA;Td;14 años;1;2009-01-01;2009-12-31;1199;1089;90.83;2024-11-28
2023;ZAMORA;HERPES ZOSTER HZ/su;65 años;2;1958-01-01;1958-12-31;2665;1378;51.71;2024-11-28
2023;ZAMORA;NEUMOCOCICA CONJ 20 VALENTE;65 años;1;1958-01-01;1958-12-31;2665;1580;59.29;2024-11-28
2023;ZAMORA;HERPES ZOSTER HZ/su;66 años;2;1957-01-01;1957-12-31;2596;1084;41.76;2024-11-28
2023;ZAMORA;ROTAVIRUS pentavalente;2 meses;1;2023-01-01;2023-10-31;585;575;98.29;2024-11-28
2023;ZAMORA;ROTAVIRUS pentavalente;3 meses;2;2023-01-01;2023-09-30;532;519;97.56;2024-11-28
2023;ZAMORA;MENINGOCOCO CONJUGADA C;4 meses;1;2022-01-09;2023-08-31;723;711;98.34;2024-11-28
2023;ZAMORA;ROTAVIRUS pentavalente;4 meses;3;2023-01-01;2023-08-31;472;447;94.7;2024-11-28
2023;ZAMORA;VARICELA;15 meses;1;2021-01-10;2022-09-30;694;679;97.84;2024-11-28
2023;ZAMORA;VARICELA;3 años;2;2020-01-01;2020-12-31;806;779;96.65;2024-11-28
2023;ZAMORA;DTPa-VPI;6 años;1;2017-01-01;2017-12-31;940;910;96.81;2024-11-28
2023;ZAMORA;VPH 9VALENTE;12 años;1;2011-01-01;2011-12-31;1114;1027;92.19;2024-11-28
2023;ZAMORA;HERPES ZOSTER HZ/su;66 años;1;1957-01-01;1957-12-31;2596;1149;44.26;2024-11-28
2023;ZAMORA;DTPa-Hib-POLIO-HB (HEXAVALENTE);2 meses;1;2022-01-11;2023-10-31;711;706;99.3;2024-11-28
2023;ZAMORA;MENINGOCOCO B;2 meses;1;2022-01-11;2023-10-31;711;706;99.3;2024-11-28
2023;ZAMORA;DTPa-Hib-POLIO-HB (HEXAVALENTE);4 meses;2;2022-01-09;2023-08-31;723;712;98.48;2024-11-28
2023;ZAMORA;MENINGOCOCO B;5 meses;2;2022-01-08;2022-10-31;172;169;98.26;2024-11-28
2023;ZAMORA;NEUMOCOCICA CONJ 13 VALENTE;11 meses;3;2022-01-02;2023-01-31;706;696;98.58;2024-11-28
2023;ZAMORA;MENINGOCOCO B;12 meses;3;2022-01-01;2022-12-31;706;695;98.44;2024-11-28
2023;ZAMORA;MENINGOCOCO CONJUGADA ACWY;12 meses;2;2022-01-01;2022-12-31;706;693;98.16;2024-11-28
2023;ZAMORA;VPH 9VALENTE;12 años;2;2011-01-01;2011-12-31;1114;898;80.61;2024-11-28
2023;ZAMORA;HERPES ZOSTER HZ/su;65 años;1;1958-01-01;1958-12-31;2665;1466;55.01;2024-11-28
2023;ZAMORA;Td;65 años;1;1958-01-01;1958-12-31;2665;497;18.65;2024-11-28
2022;AVILA;NEUMOCOCICA CONJ 13 VALENTE;11 meses;3;2021-01-02;2022-01-31;905;875;96.69;2024-11-28
2022;AVILA;MENINGOCOCO B;12 meses;3;2021-01-01;2021-12-31;880;825;93.75;2024-11-28
2022;AVILA;SARAMPION, RUBEOLA, PAROTIDITIS (TRIPLE VIRICA);3 años;2;2019-01-01;2019-12-31;1005;946;94.13;2024-11-28
2022;AVILA;MENINGOCOCO CONJUGADA ACWY;12 años;1;2010-01-01;2010-12-31;1415;1266;89.47;2024-11-28
2022;AVILA;VPH 9VALENTE;12 años;2;2010-01-01;2010-12-31;661;570;86.23;2024-11-28
2022;AVILA;NEUMOCOCICA CONJ 13 VALENTE;65 años;1;1957-01-01;1957-12-31;2231;498;22.32;2024-11-28
2022;AVILA;DTPa-Hib-POLIO-HB (HEXAVALENTE);2 meses;1;2021-01-11;2022-10-31;836;830;99.28;2024-11-28
2022;AVILA;NEUMOCOCICA CONJ 13 VALENTE;2 meses;1;2021-01-11;2022-10-31;836;830;99.28;2024-11-28
2022;AVILA;DTPa-Hib-POLIO-HB (HEXAVALENTE);4 meses;2;2021-01-09;2022-08-31;832;823;98.92;2024-11-28
2022;AVILA;MENINGOCOCO CONJUGADA C;4 meses;1;2021-01-09;2022-08-31;832;817;98.2;2024-11-28
2022;AVILA;MENINGOCOCO B;5 meses;2;2021-01-08;2022-07-31;846;833;98.46;2024-11-28
2022;AVILA;DTPa-Hib-POLIO-HB (HEXAVALENTE);11 meses;3;2021-01-02;2022-01-31;905;876;96.8;2024-11-28
2022;AVILA;MENINGOCOCO CONJUGADA ACWY;12 meses;2;2021-01-01;2021-12-31;880;843;95.8;2024-11-28
2022;AVILA;SARAMPION, RUBEOLA, PAROTIDITIS (TRIPLE VIRICA);12 meses;1;2021-01-01;2021-12-31;880;849;96.48;2024-11-28
2022;AVILA;VARICELA;15 meses;1;2020-01-10;2021-09-30;886;838;94.58;2024-11-28
2022;AVILA;VPH 9VALENTE;12 años;1;2010-01-01;2010-12-31;661;602;91.07;2024-11-28
2022;AVILA;Td;14 años;1;2008-01-01;2008-12-31;1418;1223;86.25;2024-11-28
2022;AVILA;MENINGOCOCO B;3 meses;1;2021-01-10;2022-09-30;849;844;99.41;2024-11-28
2022;AVILA;NEUMOCOCICA CONJ 13 VALENTE;4 meses;2;2021-01-09;2022-08-31;832;823;98.92;2024-11-28
2022;AVILA;VARICELA;3 años;2;2019-01-01;2019-12-31;1005;930;92.54;2024-11-28
2022;AVILA;dTpa;6 años;1;2016-01-01;2016-12-31;1211;1113;91.91;2024-11-28
2022;AVILA;Td;65 años;1;1957-01-01;1957-12-31;2231;483;21.65;2024-11-28
2022;BURGOS;MENINGOCOCO B;5 meses;2;2021-01-08;2022-07-31;2124;2097;98.73;2024-11-28
2022;BURGOS;DTPa-Hib-POLIO-HB (HEXAVALENTE);11 meses;3;2021-01-02;2022-01-31;2110;2074;98.29;2024-11-28
2022;BURGOS;MENINGOCOCO B;12 meses;3;2021-01-01;2021-12-31;2109;2060;97.68;2024-11-28
2022;BURGOS;MENINGOCOCO CONJUGADA ACWY;12 meses;2;2021-01-01;2021-12-31;2109;2062;97.77;2024-11-28
2022;BURGOS;SARAMPION, RUBEOLA, PAROTIDITIS (TRIPLE VIRICA);12 meses;1;2021-01-01;2021-12-31;2109;2065;97.91;2024-11-28
2022;BURGOS;VARICELA;15 meses;1;2020-01-10;2021-09-30;2093;2030;96.99;2024-11-28
2022;BURGOS;VPH 9VALENTE;12 años;1;2010-01-01;2010-12-31;1611;1456;90.38;2024-11-28
2022;BURGOS;Td;65 años;1;1957-01-01;1957-12-31;5219;1525;29.22;2024-11-28
2022;BURGOS;DTPa-Hib-POLIO-HB (HEXAVALENTE);2 meses;1;2021-01-11;2022-10-31;2075;2055;99.04;2024-11-28
2022;BURGOS;NEUMOCOCICA CONJ 13 VALENTE;2 meses;1;2021-01-11;2022-10-31;2075;2056;99.08;2024-11-28
2022;BURGOS;MENINGOCOCO B;3 meses;1;2021-01-10;2022-09-30;2114;2095;99.1;2024-11-28
2022;BURGOS;DTPa-Hib-POLIO-HB (HEXAVALENTE);4 meses;2;2021-01-09;2022-08-31;2104;2082;98.95;2024-11-28
2022;BURGOS;NEUMOCOCICA CONJ 13 VALENTE;4 meses;2;2021-01-09;2022-08-31;2104;2083;99.0;2024-11-28
2022;BURGOS;NEUMOCOCICA CONJ 13 VALENTE;11 meses;3;2021-01-02;2022-01-31;2110;2072;98.2;2024-11-28
2022;BURGOS;SARAMPION, RUBEOLA, PAROTIDITIS (TRIPLE VIRICA);3 años;2;2019-01-01;2019-12-31;2483;2390;96.25;2024-11-28
2022;BURGOS;VARICELA;3 años;2;2019-01-01;2019-12-31;2483;2363;95.17;2024-11-28
2022;BURGOS;dTpa;6 años;1;2016-01-01;2016-12-31;2793;2605;93.27;2024-11-28
2022;BURGOS;VPH 9VALENTE;12 años;2;2010-01-01;2010-12-31;1611;1390;86.28;2024-11-28
2022;BURGOS;MENINGOCOCO CONJUGADA C;4 meses;1;2021-01-09;2022-08-31;2104;2074;98.57;2024-11-28
2022;BURGOS;MENINGOCOCO CONJUGADA ACWY;12 años;1;2010-01-01;2010-12-31;3403;3048;89.57;2024-11-28
2022;BURGOS;Td;14 años;1;2008-01-01;2008-12-31;3650;3104;85.04;2024-11-28
2022;BURGOS;NEUMOCOCICA CONJ 13 VALENTE;65 años;1;1957-01-01;1957-12-31;5219;1041;19.95;2024-11-28
2022;CYL;MENINGOCOCO B;3 meses;1;2021-01-10;2022-09-30;13065;12839;98.27;2024-11-28
2022;CYL;DTPa-Hib-POLIO-HB (HEXAVALENTE);4 meses;2;2021-01-09;2022-08-31;13229;12952;97.91;2024-11-28
2022;CYL;MENINGOCOCO B;5 meses;2;2021-01-08;2022-07-31;13250;12918;97.49;2024-11-28
2022;CYL;MENINGOCOCO CONJUGADA ACWY;12 meses;2;2021-01-01;2021-12-31;13428;12962;96.53;2024-11-28
2022;CYL;SARAMPION, RUBEOLA, PAROTIDITIS (TRIPLE VIRICA);12 meses;1;2021-01-01;2021-12-31;13428;13014;96.92;2024-11-28
2022;CYL;dTpa;6 años;1;2016-01-01;2016-12-31;17649;16151;91.51;2024-11-28
2022;CYL;NEUMOCOCICA CONJ 13 VALENTE;65 años;1;1957-01-01;1957-12-31;35079;7517;21.43;2024-11-28
2022;CYL;NEUMOCOCICA CONJ 13 VALENTE;2 meses;1;2021-01-11;2022-10-31;12885;12673;98.35;2024-11-28
2022;CYL;DTPa-Hib-POLIO-HB (HEXAVALENTE);11 meses;3;2021-01-02;2022-01-31;13526;13063;96.58;2024-11-28
2022;CYL;NEUMOCOCICA CONJ 13 VALENTE;11 meses;3;2021-01-02;2022-01-31;13526;13063;96.58;2024-11-28
2022;CYL;SARAMPION, RUBEOLA, PAROTIDITIS (TRIPLE VIRICA);3 años;2;2019-01-01;2019-12-31;15049;14103;93.71;2024-11-28
2022;CYL;MENINGOCOCO CONJUGADA ACWY;12 años;1;2010-01-01;2010-12-31;21323;18825;88.28;2024-11-28
2022;CYL;VPH 9VALENTE;12 años;2;2010-01-01;2010-12-31;20626;17925;86.9;2024-11-28
2022;CYL;Td;65 años;1;1957-01-01;1957-12-31;35079;7272;20.73;2024-11-28
2022;CYL;DTPa-Hib-POLIO-HB (HEXAVALENTE);2 meses;1;2021-01-11;2022-10-31;12885;12674;98.36;2024-11-28
2022;CYL;MENINGOCOCO CONJUGADA C;4 meses;1;2021-01-09;2022-08-31;13229;12899;97.51;2024-11-28
2022;CYL;NEUMOCOCICA CONJ 13 VALENTE;4 meses;2;2021-01-09;2022-08-31;13229;12950;97.89;2024-11-28
2022;CYL;MENINGOCOCO B;12 meses;3;2021-01-01;2021-12-31;13428;12833;95.57;2024-11-28
2022;CYL;VARICELA;15 meses;1;2020-01-10;2021-09-30;13414;12861;95.88;2024-11-28
2022;CYL;VARICELA;3 años;2;2019-01-01;2019-12-31;15049;13948;92.68;2024-11-28
2022;CYL;Td;14 años;1;2008-01-01;2008-12-31;21950;18898;86.1;2024-11-28
2022;LEON;DTPa-Hib-POLIO-HB (HEXAVALENTE);2 meses;1;2021-01-11;2022-10-31;2240;2143;95.67;2024-11-28
2022;LEON;MENINGOCOCO B;3 meses;1;2021-01-10;2022-09-30;2295;2188;95.34;2024-11-28
2022;LEON;MENINGOCOCO CONJUGADA C;4 meses;1;2021-01-09;2022-08-31;2321;2193;94.49;2024-11-28
2022;LEON;MENINGOCOCO B;5 meses;2;2021-01-08;2022-07-31;2328;2204;94.67;2024-11-28
2022;LEON;MENINGOCOCO B;12 meses;3;2021-01-01;2021-12-31;2407;2254;93.64;2024-11-28
2022;LEON;MENINGOCOCO CONJUGADA ACWY;12 meses;2;2021-01-01;2021-12-31;2407;2289;95.1;2024-11-28
2022;LEON;Td;14 años;1;2008-01-01;2008-12-31;3580;3175;88.69;2024-11-28
2022;LEON;NEUMOCOCICA CONJ 13 VALENTE;2 meses;1;2021-01-11;2022-10-31;2240;2142;95.63;2024-11-28
2022;LEON;VARICELA;15 meses;1;2020-01-10;2021-09-30;2383;2252;94.5;2024-11-28
2022;LEON;SARAMPION, RUBEOLA, PAROTIDITIS (TRIPLE VIRICA);3 años;2;2019-01-01;2019-12-31;2560;2341;91.45;2024-11-28
2022;LEON;dTpa;6 años;1;2016-01-01;2016-12-31;3067;2721;88.72;2024-11-28
2022;LEON;MENINGOCOCO CONJUGADA ACWY;12 años;1;2010-01-01;2010-12-31;3708;3165;85.36;2024-11-28
2022;LEON;VPH 9VALENTE;12 años;1;2010-01-01;2010-12-31;1867;1612;86.34;2024-11-28
2022;LEON;VPH 9VALENTE;12 años;2;2010-01-01;2010-12-31;1867;1527;81.79;2024-11-28
2022;LEON;NEUMOCOCICA CONJ 13 VALENTE;65 años;1;1957-01-01;1957-12-31;7124;1508;21.17;2024-11-28
2022;LEON;DTPa-Hib-POLIO-HB (HEXAVALENTE);4 meses;2;2021-01-09;2022-08-31;2321;2200;94.79;2024-11-28
2022;LEON;NEUMOCOCICA CONJ 13 VALENTE;4 meses;2;2021-01-09;2022-08-31;2321;2199;94.74;2024-11-28
2022;LEON;DTPa-Hib-POLIO-HB (HEXAVALENTE);11 meses;3;2021-01-02;2022-01-31;2432;2298;94.49;2024-11-28
2022;LEON;NEUMOCOCICA CONJ 13 VALENTE;11 meses;3;2021-01-02;2022-01-31;2432;2300;94.57;2024-11-28
2022;LEON;SARAMPION, RUBEOLA, PAROTIDITIS (TRIPLE VIRICA);12 meses;1;2021-01-01;2021-12-31;2407;2296;95.39;2024-11-28
2022;LEON;VARICELA;3 años;2;2019-01-01;2019-12-31;2560;2324;90.78;2024-11-28
2022;LEON;Td;65 años;1;1957-01-01;1957-12-31;7124;1482;20.8;2024-11-28
2022;PALENCIA;DTPa-Hib-POLIO-HB (HEXAVALENTE);2 meses;1;2021-01-11;2022-10-31;838;834;99.52;2024-11-28
2022;PALENCIA;DTPa-Hib-POLIO-HB (HEXAVALENTE);4 meses;2;2021-01-09;2022-08-31;878;870;99.09;2024-11-28
2022;PALENCIA;MENINGOCOCO CONJUGADA C;4 meses;1;2021-01-09;2022-08-31;878;870;99.09;2024-11-28
2022;PALENCIA;NEUMOCOCICA CONJ 13 VALENTE;4 meses;2;2021-01-09;2022-08-31;878;871;99.2;2024-11-28
2022;PALENCIA;MENINGOCOCO B;5 meses;2;2021-01-08;2022-07-31;873;867;99.31;2024-11-28
2022;PALENCIA;SARAMPION, RUBEOLA, PAROTIDITIS (TRIPLE VIRICA);12 meses;1;2021-01-01;2021-12-31;847;828;97.76;2024-11-28
2022;PALENCIA;VARICELA;15 meses;1;2020-01-10;2021-09-30;835;812;97.25;2024-11-28
2022;PALENCIA;MENINGOCOCO CONJUGADA ACWY;12 años;1;2010-01-01;2010-12-31;1193;1080;90.53;2024-11-28
2022;PALENCIA;NEUMOCOCICA CONJ 13 VALENTE;65 años;1;1957-01-01;1957-12-31;2625;441;16.8;2024-11-28
2022;PALENCIA;NEUMOCOCICA CONJ 13 VALENTE;2 meses;1;2021-01-11;2022-10-31;838;834;99.52;2024-11-28
2022;PALENCIA;MENINGOCOCO B;3 meses;1;2021-01-10;2022-09-30;863;861;99.77;2024-11-28
2022;PALENCIA;DTPa-Hib-POLIO-HB (HEXAVALENTE);11 meses;3;2021-01-02;2022-01-31;869;852;98.04;2024-11-28
2022;PALENCIA;NEUMOCOCICA CONJ 13 VALENTE;11 meses;3;2021-01-02;2022-01-31;869;851;97.93;2024-11-28
2022;PALENCIA;MENINGOCOCO B;12 meses;3;2021-01-01;2021-12-31;847;823;97.17;2024-11-28
2022;PALENCIA;MENINGOCOCO CONJUGADA ACWY;12 meses;2;2021-01-01;2021-12-31;847;828;97.76;2024-11-28
2022;PALENCIA;SARAMPION, RUBEOLA, PAROTIDITIS (TRIPLE VIRICA);3 años;2;2019-01-01;2019-12-31;968;901;93.08;2024-11-28
2022;PALENCIA;VPH 9VALENTE;12 años;2;2010-01-01;2010-12-31;576;504;87.5;2024-11-28
2022;PALENCIA;Td;14 años;1;2008-01-01;2008-12-31;1277;1095;85.75;2024-11-28
2022;PALENCIA;VARICELA;3 años;2;2019-01-01;2019-12-31;968;888;91.74;2024-11-28
2022;PALENCIA;dTpa;6 años;1;2016-01-01;2016-12-31;1098;1034;94.17;2024-11-28
2022;PALENCIA;VPH 9VALENTE;12 años;1;2010-01-01;2010-12-31;576;535;92.88;2024-11-28
2022;PALENCIA;Td;65 años;1;1957-01-01;1957-12-31;2625;362;13.79;2024-11-28
2022;SALAMANCA;DTPa-Hib-POLIO-HB (HEXAVALENTE);2 meses;1;2021-01-11;2022-10-31;1694;1671;98.64;2024-11-28
2022;SALAMANCA;MENINGOCOCO B;3 meses;1;2021-01-10;2022-09-30;1713;1692;98.77;2024-11-28
2022;SALAMANCA;DTPa-Hib-POLIO-HB (HEXAVALENTE);4 meses;2;2021-01-09;2022-08-31;1756;1742;99.2;2024-11-28
2022;SALAMANCA;NEUMOCOCICA CONJ 13 VALENTE;4 meses;2;2021-01-09;2022-08-31;1756;1741;99.15;2024-11-28
2022;SALAMANCA;NEUMOCOCICA CONJ 13 VALENTE;11 meses;3;2021-01-02;2022-01-31;1816;1790;98.57;2024-11-28
2022;SALAMANCA;MENINGOCOCO CONJUGADA ACWY;12 meses;2;2021-01-01;2021-12-31;1780;1755;98.6;2024-11-28
2022;SALAMANCA;SARAMPION, RUBEOLA, PAROTIDITIS (TRIPLE VIRICA);12 meses;1;2021-01-01;2021-12-31;1780;1757;98.71;2024-11-28
2022;SALAMANCA;VARICELA;3 años;2;2019-01-01;2019-12-31;1982;1897;95.71;2024-11-28
2022;SALAMANCA;dTpa;6 años;1;2016-01-01;2016-12-31;2282;2154;94.39;2024-11-28
2022;SALAMANCA;MENINGOCOCO CONJUGADA ACWY;12 años;1;2010-01-01;2010-12-31;2679;2472;92.27;2024-11-28
2022;SALAMANCA;Td;65 años;1;1957-01-01;1957-12-31;4787;852;17.8;2024-11-28
2022;SALAMANCA;MENINGOCOCO CONJUGADA C;4 meses;1;2021-01-09;2022-08-31;1756;1738;98.97;2024-11-28
2022;SALAMANCA;MENINGOCOCO B;5 meses;2;2021-01-08;2022-07-31;1766;1746;98.87;2024-11-28
2022;SALAMANCA;DTPa-Hib-POLIO-HB (HEXAVALENTE);11 meses;3;2021-01-02;2022-01-31;1816;1791;98.62;2024-11-28
2022;SALAMANCA;VARICELA;15 meses;1;2020-01-10;2021-09-30;1778;1747;98.26;2024-11-28
2022;SALAMANCA;VPH 9VALENTE;12 años;2;2010-01-01;2010-12-31;1292;1134;87.77;2024-11-28
2022;SALAMANCA;Td;14 años;1;2008-01-01;2008-12-31;2968;2686;90.5;2024-11-28
2022;SALAMANCA;NEUMOCOCICA CONJ 13 VALENTE;65 años;1;1957-01-01;1957-12-31;4787;620;12.95;2024-11-28
2022;SALAMANCA;NEUMOCOCICA CONJ 13 VALENTE;2 meses;1;2021-01-11;2022-10-31;1694;1671;98.64;2024-11-28
2022;SALAMANCA;MENINGOCOCO B;12 meses;3;2021-01-01;2021-12-31;1780;1748;98.2;2024-11-28
2022;SALAMANCA;SARAMPION, RUBEOLA, PAROTIDITIS (TRIPLE VIRICA);3 años;2;2019-01-01;2019-12-31;1982;1906;96.17;2024-11-28
2022;SALAMANCA;VPH 9VALENTE;12 años;1;2010-01-01;2010-12-31;1292;1202;93.03;2024-11-28
2022;SEGOVIA;NEUMOCOCICA CONJ 13 VALENTE;2 meses;1;2021-01-11;2022-10-31;867;858;98.96;2024-11-28
2022;SEGOVIA;DTPa-Hib-POLIO-HB (HEXAVALENTE);11 meses;3;2021-01-02;2022-01-31;975;944;96.82;2024-11-28
2022;SEGOVIA;VARICELA;15 meses;1;2020-01-10;2021-09-30;978;935;95.6;2024-11-28
2022;SEGOVIA;VARICELA;3 años;2;2019-01-01;2019-12-31;1074;990;92.18;2024-11-28
2022;SEGOVIA;MENINGOCOCO CONJUGADA ACWY;12 años;1;2010-01-01;2010-12-31;1433;1242;86.67;2024-11-28
2022;SEGOVIA;VPH 9VALENTE;12 años;1;2010-01-01;2010-12-31;679;591;87.04;2024-11-28
2022;SEGOVIA;Td;14 años;1;2008-01-01;2008-12-31;1588;1267;79.79;2024-11-28
2022;SEGOVIA;DTPa-Hib-POLIO-HB (HEXAVALENTE);2 meses;1;2021-01-11;2022-10-31;867;858;98.96;2024-11-28
2022;SEGOVIA;MENINGOCOCO B;3 meses;1;2021-01-10;2022-09-30;888;878;98.87;2024-11-28
2022;SEGOVIA;NEUMOCOCICA CONJ 13 VALENTE;4 meses;2;2021-01-09;2022-08-31;912;902;98.9;2024-11-28
2022;SEGOVIA;MENINGOCOCO B;5 meses;2;2021-01-08;2022-07-31;916;901;98.36;2024-11-28
2022;SEGOVIA;NEUMOCOCICA CONJ 13 VALENTE;11 meses;3;2021-01-02;2022-01-31;975;941;96.51;2024-11-28
2022;SEGOVIA;MENINGOCOCO CONJUGADA ACWY;12 meses;2;2021-01-01;2021-12-31;975;936;96.0;2024-11-28
2022;SEGOVIA;SARAMPION, RUBEOLA, PAROTIDITIS (TRIPLE VIRICA);3 años;2;2019-01-01;2019-12-31;1074;1015;94.51;2024-11-28
2022;SEGOVIA;DTPa-Hib-POLIO-HB (HEXAVALENTE);4 meses;2;2021-01-09;2022-08-31;912;902;98.9;2024-11-28
2022;SEGOVIA;MENINGOCOCO CONJUGADA C;4 meses;1;2021-01-09;2022-08-31;912;901;98.79;2024-11-28
2022;SEGOVIA;MENINGOCOCO B;12 meses;3;2021-01-01;2021-12-31;975;936;96.0;2024-11-28
2022;SEGOVIA;SARAMPION, RUBEOLA, PAROTIDITIS (TRIPLE VIRICA);12 meses;1;2021-01-01;2021-12-31;975;937;96.1;2024-11-28
2022;SEGOVIA;dTpa;6 años;1;2016-01-01;2016-12-31;1269;1104;87.0;2024-11-28
2022;SEGOVIA;VPH 9VALENTE;12 años;2;2010-01-01;2010-12-31;679;541;79.68;2024-11-28
2022;SEGOVIA;NEUMOCOCICA CONJ 13 VALENTE;65 años;1;1957-01-01;1957-12-31;2088;400;19.16;2024-11-28
2022;SEGOVIA;Td;65 años;1;1957-01-01;1957-12-31;2088;623;29.84;2024-11-28
2022;SORIA;DTPa-Hib-POLIO-HB (HEXAVALENTE);11 meses;3;2021-01-02;2022-01-31;542;525;96.86;2024-11-28
2022;SORIA;NEUMOCOCICA CONJ 13 VALENTE;11 meses;3;2021-01-02;2022-01-31;542;526;97.05;2024-11-28
2022;SORIA;SARAMPION, RUBEOLA, PAROTIDITIS (TRIPLE VIRICA);12 meses;1;2021-01-01;2021-12-31;550;533;96.91;2024-11-28
2022;SORIA;dTpa;6 años;1;2016-01-01;2016-12-31;689;612;88.82;2024-11-28
2022;SORIA;VPH 9VALENTE;12 años;2;2010-01-01;2010-12-31;399;337;84.46;2024-11-28
2022;SORIA;NEUMOCOCICA CONJ 13 VALENTE;2 meses;1;2021-01-11;2022-10-31;520;514;98.85;2024-11-28
2022;SORIA;VARICELA;15 meses;1;2020-01-10;2021-09-30;562;531;94.48;2024-11-28
2022;SORIA;VARICELA;3 años;2;2019-01-01;2019-12-31;605;576;95.21;2024-11-28
2022;SORIA;MENINGOCOCO CONJUGADA ACWY;12 años;1;2010-01-01;2010-12-31;812;736;90.64;2024-11-28
2022;SORIA;NEUMOCOCICA CONJ 13 VALENTE;65 años;1;1957-01-01;1957-12-31;1168;322;27.57;2024-11-28
2022;SORIA;DTPa-Hib-POLIO-HB (HEXAVALENTE);2 meses;1;2021-01-11;2022-10-31;520;515;99.04;2024-11-28
2022;SORIA;MENINGOCOCO B;3 meses;1;2021-01-10;2022-09-30;506;498;98.42;2024-11-28
2022;SORIA;DTPa-Hib-POLIO-HB (HEXAVALENTE);4 meses;2;2021-01-09;2022-08-31;535;529;98.88;2024-11-28
2022;SORIA;MENINGOCOCO CONJUGADA C;4 meses;1;2021-01-09;2022-08-31;535;523;97.76;2024-11-28
2022;SORIA;NEUMOCOCICA CONJ 13 VALENTE;4 meses;2;2021-01-09;2022-08-31;535;529;98.88;2024-11-28
2022;SORIA;MENINGOCOCO B;5 meses;2;2021-01-08;2022-07-31;532;520;97.74;2024-11-28
2022;SORIA;MENINGOCOCO B;12 meses;3;2021-01-01;2021-12-31;550;527;95.82;2024-11-28
2022;SORIA;MENINGOCOCO CONJUGADA ACWY;12 meses;2;2021-01-01;2021-12-31;550;532;96.73;2024-11-28
2022;SORIA;SARAMPION, RUBEOLA, PAROTIDITIS (TRIPLE VIRICA);3 años;2;2019-01-01;2019-12-31;605;587;97.02;2024-11-28
2022;SORIA;VPH 9VALENTE;12 años;1;2010-01-01;2010-12-31;399;364;91.23;2024-11-28
2022;SORIA;Td;14 años;1;2008-01-01;2008-12-31;834;735;88.13;2024-11-28
2022;SORIA;Td;65 años;1;1957-01-01;1957-12-31;1168;198;16.95;2024-11-28
2022;VALLADOLID;NEUMOCOCICA CONJ 13 VALENTE;2 meses;1;2021-01-11;2022-10-31;3121;3079;98.65;2024-11-28
2022;VALLADOLID;DTPa-Hib-POLIO-HB (HEXAVALENTE);4 meses;2;2021-01-09;2022-08-31;3198;3116;97.44;2024-11-28
2022;VALLADOLID;MENINGOCOCO CONJUGADA C;4 meses;1;2021-01-09;2022-08-31;3198;3096;96.81;2024-11-28
2022;VALLADOLID;DTPa-Hib-POLIO-HB (HEXAVALENTE);11 meses;3;2021-01-02;2022-01-31;3182;3019;94.88;2024-11-28
2022;VALLADOLID;NEUMOCOCICA CONJ 13 VALENTE;11 meses;3;2021-01-02;2022-01-31;3182;3023;95.0;2024-11-28
2022;VALLADOLID;MENINGOCOCO B;12 meses;3;2021-01-01;2021-12-31;3173;2973;93.7;2024-11-28
2022;VALLADOLID;MENINGOCOCO CONJUGADA ACWY;12 meses;2;2021-01-01;2021-12-31;3173;3027;95.4;2024-11-28
2022;VALLADOLID;SARAMPION, RUBEOLA, PAROTIDITIS (TRIPLE VIRICA);12 meses;1;2021-01-01;2021-12-31;3173;3054;96.25;2024-11-28
2022;VALLADOLID;VARICELA;15 meses;1;2020-01-10;2021-09-30;3192;3022;94.67;2024-11-28
2022;VALLADOLID;Td;14 años;1;2008-01-01;2008-12-31;5404;4486;83.01;2024-11-28
2022;VALLADOLID;NEUMOCOCICA CONJ 13 VALENTE;65 años;1;1957-01-01;1957-12-31;7228;1340;18.54;2024-11-28
2022;VALLADOLID;DTPa-Hib-POLIO-HB (HEXAVALENTE);2 meses;1;2021-01-11;2022-10-31;3121;3079;98.65;2024-11-28
2022;VALLADOLID;dTpa;6 años;1;2016-01-01;2016-12-31;4299;3912;91.0;2024-11-28
2022;VALLADOLID;MENINGOCOCO CONJUGADA ACWY;12 años;1;2010-01-01;2010-12-31;5486;4687;85.44;2024-11-28
2022;VALLADOLID;VPH 9VALENTE;12 años;2;2010-01-01;2010-12-31;2655;2150;80.98;2024-11-28
2022;VALLADOLID;Td;65 años;1;1957-01-01;1957-12-31;7228;1306;18.07;2024-11-28
2022;VALLADOLID;MENINGOCOCO B;3 meses;1;2021-01-10;2022-09-30;3154;3103;98.38;2024-11-28
2022;VALLADOLID;NEUMOCOCICA CONJ 13 VALENTE;4 meses;2;2021-01-09;2022-08-31;3198;3114;97.37;2024-11-28
2022;VALLADOLID;MENINGOCOCO B;5 meses;2;2021-01-08;2022-07-31;3165;3061;96.71;2024-11-28
2022;VALLADOLID;SARAMPION, RUBEOLA, PAROTIDITIS (TRIPLE VIRICA);3 años;2;2019-01-01;2019-12-31;3501;3171;90.57;2024-11-28
2022;VALLADOLID;VARICELA;3 años;2;2019-01-01;2019-12-31;3501;3145;89.83;2024-11-28
2022;VALLADOLID;VPH 9VALENTE;12 años;1;2010-01-01;2010-12-31;2655;2337;88.02;2024-11-28
2022;ZAMORA;NEUMOCOCICA CONJ 13 VALENTE;2 meses;1;2021-01-11;2022-10-31;694;689;99.28;2024-11-28
2022;ZAMORA;DTPa-Hib-POLIO-HB (HEXAVALENTE);4 meses;2;2021-01-09;2022-08-31;693;688;99.28;2024-11-28
2022;ZAMORA;MENINGOCOCO B;5 meses;2;2021-01-08;2022-07-31;700;689;98.43;2024-11-28
2022;ZAMORA;MENINGOCOCO CONJUGADA ACWY;12 meses;2;2021-01-01;2021-12-31;707;690;97.6;2024-11-28
2022;ZAMORA;dTpa;6 años;1;2016-01-01;2016-12-31;941;896;95.22;2024-11-28
2022;ZAMORA;MENINGOCOCO CONJUGADA ACWY;12 años;1;2010-01-01;2010-12-31;1194;1129;94.56;2024-11-28
2022;ZAMORA;VPH 9VALENTE;12 años;1;2010-01-01;2010-12-31;573;548;95.64;2024-11-28
2022;ZAMORA;Td;14 años;1;2008-01-01;2008-12-31;1231;1127;91.55;2024-11-28
2022;ZAMORA;Td;65 años;1;1957-01-01;1957-12-31;2609;441;16.9;2024-11-28
2022;ZAMORA;DTPa-Hib-POLIO-HB (HEXAVALENTE);2 meses;1;2021-01-11;2022-10-31;694;689;99.28;2024-11-28
2022;ZAMORA;MENINGOCOCO B;12 meses;3;2021-01-01;2021-12-31;707;687;97.17;2024-11-28
2022;ZAMORA;SARAMPION, RUBEOLA, PAROTIDITIS (TRIPLE VIRICA);12 meses;1;2021-01-01;2021-12-31;707;695;98.3;2024-11-28
2022;ZAMORA;VPH 9VALENTE;12 años;2;2010-01-01;2010-12-31;573;525;91.62;2024-11-28
2022;ZAMORA;MENINGOCOCO B;3 meses;1;2021-01-10;2022-09-30;683;680;99.56;2024-11-28
2022;ZAMORA;MENINGOCOCO CONJUGADA C;4 meses;1;2021-01-09;2022-08-31;693;687;99.13;2024-11-28
2022;ZAMORA;NEUMOCOCICA CONJ 13 VALENTE;4 meses;2;2021-01-09;2022-08-31;693;688;99.28;2024-11-28
2022;ZAMORA;DTPa-Hib-POLIO-HB (HEXAVALENTE);11 meses;3;2021-01-02;2022-01-31;695;684;98.42;2024-11-28
2022;ZAMORA;NEUMOCOCICA CONJ 13 VALENTE;11 meses;3;2021-01-02;2022-01-31;695;685;98.56;2024-11-28
2022;ZAMORA;VARICELA;15 meses;1;2020-01-10;2021-09-30;707;694;98.16;2024-11-28
2022;ZAMORA;SARAMPION, RUBEOLA, PAROTIDITIS (TRIPLE VIRICA);3 años;2;2019-01-01;2019-12-31;871;846;97.13;2024-11-28
2022;ZAMORA;VARICELA;3 años;2;2019-01-01;2019-12-31;871;835;95.87;2024-11-28
2022;ZAMORA;NEUMOCOCICA CONJ 13 VALENTE;65 años;1;1957-01-01;1957-12-31;2609;1347;51.63;2024-11-28
2021;ÁVILA;DTPa+Hib+POLIO+HB (HEXAVALENTE);4 meses;2;2020-09-01;2021-08-31;927;873;94.17;2022-11-24
2021;ÁVILA;VARICELA;15 meses;1;2019-10-01;2020-09-30;1006;905;89.96;2022-11-24
2021;ÁVILA;NEUMOCOCICA PS 23 VALENTE;66 años;1;1955-01-01;1955-12-31;2020;840;41.58;2022-11-24
2021;ÁVILA;MENINGOCOCO B;12 meses;3;2020-01-01;2020-12-31;958;832;86.85;2022-11-24
2021;ÁVILA;SARAMPION, RUBEOLA, PAROTIDITIS (TRIPLE VIRICA);3 años;2;2018-01-01;2018-12-31;1021;915;89.62;2022-11-24
2021;ÁVILA;MENINGOCOCO CONJUGADA ACWY;18 años;1;2003-01-01;2003-12-31;1358;1017;74.89;2022-11-24
2021;ÁVILA;NEUMOCOCICA CONJ 13 VALENTE;4 meses;2;2020-09-01;2021-08-31;927;873;94.17;2022-11-24
2021;ÁVILA;DTPa+Hib+POLIO+HB (HEXAVALENTE);11 meses;3;2020-02-01;2021-01-31;939;844;89.88;2022-11-24
2021;ÁVILA;DIFTERIA, TETANOS, TOSFERINA ACELULAR baja carga antigénica (dTpa);6 años;1;2015-01-01;2015-12-31;1250;1090;87.2;2022-11-24
2021;ÁVILA;VPH 9VALENTE;12 años;1;2009-01-01;2009-12-31;727;625;85.97;2022-11-24
2021;ÁVILA;NEUMOCOCICA CONJ 13 VALENTE;2 meses;1;2020-11-01;2021-10-31;879;848;96.47;2022-11-24
2021;ÁVILA;MENINGOCOCO B;3 meses;1;2020-10-01;2021-09-30;913;871;95.4;2022-11-24
2021;ÁVILA;VARICELA;3 años;2;2018-01-01;2018-12-31;1021;899;88.05;2022-11-24
2021;ÁVILA;TETANOS, DIFTERIA tipo adulto (Td);14 años;1;2007-01-01;2007-12-31;1432;1164;81.28;2022-11-24
2021;ÁVILA;MENINGOCOCO CONJUGADA ACWY;17 años;1;2004-01-01;2004-12-31;1429;1105;77.33;2022-11-24
2021;ÁVILA;MENINGOCOCO CONJUGADA ACWY;12 meses;2;2020-01-01;2020-12-31;958;875;91.34;2022-11-24
2021;ÁVILA;SARAMPION, RUBEOLA, PAROTIDITIS (TRIPLE VIRICA);12 meses;1;2020-01-01;2020-12-31;958;880;91.86;2022-11-24
2021;ÁVILA;DTPa+Hib+POLIO+HB (HEXAVALENTE);2 meses;1;2020-11-01;2021-10-31;879;848;96.47;2022-11-24
2021;ÁVILA;MENINGOCOCO CONJUGADA C;4 meses;1;2020-09-01;2021-08-31;927;869;93.74;2022-11-24
2021;ÁVILA;NEUMOCOCICA CONJ 13 VALENTE;11 meses;3;2020-02-01;2021-01-31;939;841;89.56;2022-11-24
2021;ÁVILA;MENINGOCOCO CONJUGADA ACWY;12 años;1;2009-01-01;2009-12-31;1537;1272;82.76;2022-11-24
2021;ÁVILA;VPH 9VALENTE;12 años;2;2009-01-01;2009-12-31;731;625;85.5;2022-11-24
2021;ÁVILA;MENINGOCOCO CONJUGADA ACWY;16 años;1;2005-01-01;2005-12-31;1445;1133;78.41;2022-11-24
2021;ÁVILA;MENINGOCOCO B;5 meses;2;2020-08-01;2021-07-31;907;839;92.5;2022-11-24
2021;ÁVILA;NEUMOCOCICA CONJ 13 VALENTE;65 años;1;1956-01-01;1956-12-31;2124;674;31.73;2022-11-24
2021;BURGOS;NEUMOCOCICA CONJ 13 VALENTE;2 meses;1;2020-11-01;2021-10-31;2186;2137;97.76;2022-11-24
2021;BURGOS;NEUMOCOCICA CONJ 13 VALENTE;4 meses;2;2020-09-01;2021-08-31;2223;2153;96.85;2022-11-24
2021;BURGOS;SARAMPION, RUBEOLA, PAROTIDITIS (TRIPLE VIRICA);12 meses;1;2020-01-01;2020-12-31;2299;2193;95.39;2022-11-24
2021;BURGOS;VARICELA;15 meses;1;2019-10-01;2020-09-30;2316;2177;94.0;2022-11-24
2021;BURGOS;VPH 9VALENTE;12 años;1;2009-01-01;2009-12-31;1639;1492;91.03;2022-11-24
2021;BURGOS;MENINGOCOCO CONJUGADA ACWY;18 años;1;2003-01-01;2003-12-31;3038;2234;73.54;2022-11-24
2021;BURGOS;DTPa+Hib+POLIO+HB (HEXAVALENTE);2 meses;1;2020-11-01;2021-10-31;2186;2137;97.76;2022-11-24
2021;BURGOS;DTPa+Hib+POLIO+HB (HEXAVALENTE);4 meses;2;2020-09-01;2021-08-31;2223;2154;96.9;2022-11-24
2021;BURGOS;NEUMOCOCICA CONJ 13 VALENTE;11 meses;3;2020-02-01;2021-01-31;2282;2139;93.73;2022-11-24
2021;BURGOS;TETANOS, DIFTERIA tipo adulto (Td);14 años;1;2007-01-01;2007-12-31;3348;2950;88.11;2022-11-24
2021;BURGOS;MENINGOCOCO CONJUGADA ACWY;12 meses;2;2020-01-01;2020-12-31;2299;2178;94.74;2022-11-24
2021;BURGOS;MENINGOCOCO CONJUGADA ACWY;12 años;1;2009-01-01;2009-12-31;3380;2974;87.99;2022-11-24
2021;BURGOS;MENINGOCOCO CONJUGADA ACWY;17 años;1;2004-01-01;2004-12-31;3211;2378;74.06;2022-11-24
2021;BURGOS;MENINGOCOCO CONJUGADA C;4 meses;1;2020-09-01;2021-08-31;2223;2136;96.09;2022-11-24
2021;BURGOS;MENINGOCOCO B;5 meses;2;2020-08-01;2021-07-31;2227;2134;95.82;2022-11-24
2021;BURGOS;MENINGOCOCO B;12 meses;3;2020-01-01;2020-12-31;2299;2099;91.3;2022-11-24
2021;BURGOS;VPH 9VALENTE;12 años;2;2009-01-01;2009-12-31;1645;1492;90.7;2022-11-24
2021;BURGOS;MENINGOCOCO CONJUGADA ACWY;16 años;1;2005-01-01;2005-12-31;3279;2521;76.88;2022-11-24
2021;BURGOS;VARICELA;3 años;2;2018-01-01;2018-12-31;2426;2221;91.55;2022-11-24
2021;BURGOS;MENINGOCOCO B;3 meses;1;2020-10-01;2021-09-30;2190;2125;97.03;2022-11-24
2021;BURGOS;DTPa+Hib+POLIO+HB (HEXAVALENTE);11 meses;3;2020-02-01;2021-01-31;2282;2160;94.65;2022-11-24
2021;BURGOS;SARAMPION, RUBEOLA, PAROTIDITIS (TRIPLE VIRICA);3 años;2;2018-01-01;2018-12-31;2426;2253;92.87;2022-11-24
2021;BURGOS;DIFTERIA, TETANOS, TOSFERINA ACELULAR baja carga antigénica (dTpa);6 años;1;2015-01-01;2015-12-31;2886;2741;94.98;2022-11-24
2021;BURGOS;NEUMOCOCICA CONJ 13 VALENTE;65 años;1;1956-01-01;1956-12-31;4846;1837;37.91;2022-11-24
2021;BURGOS;NEUMOCOCICA PS 23 VALENTE;66 años;1;1955-01-01;1955-12-31;4514;1836;40.67;2022-11-24
2021;CYL;DTPa+Hib+POLIO+HB (HEXAVALENTE);2 meses;1;2020-11-01;2021-10-31;13814;13301;96.29;2022-11-24
2021;CYL;DTPa+Hib+POLIO+HB (HEXAVALENTE);4 meses;2;2020-09-01;2021-08-31;13982;13273;94.93;2022-11-24
2021;CYL;DTPa+Hib+POLIO+HB (HEXAVALENTE);11 meses;3;2020-02-01;2021-01-31;14492;13327;91.96;2022-11-24
2021;CYL;SARAMPION, RUBEOLA, PAROTIDITIS (TRIPLE VIRICA);3 años;2;2018-01-01;2018-12-31;15735;14521;92.28;2022-11-24
2021;CYL;NEUMOCOCICA CONJ 13 VALENTE;65 años;1;1956-01-01;1956-12-31;33380;11431;34.25;2022-11-24
2021;CYL;TETANOS, DIFTERIA tipo adulto (Td);14 años;1;2007-01-01;2007-12-31;20916;17783;85.02;2022-11-24
2021;CYL;MENINGOCOCO CONJUGADA ACWY;17 años;1;2004-01-01;2004-12-31;20623;15668;75.97;2022-11-24
2021;CYL;MENINGOCOCO B;3 meses;1;2020-10-01;2021-09-30;13890;13306;95.8;2022-11-24
2021;CYL;NEUMOCOCICA CONJ 13 VALENTE;11 meses;3;2020-02-01;2021-01-31;14492;13277;91.62;2022-11-24
2021;CYL;DIFTERIA, TETANOS, TOSFERINA ACELULAR baja carga antigénica (dTpa);6 años;1;2015-01-01;2015-12-31;18305;16877;92.2;2022-11-24
2021;CYL;NEUMOCOCICA PS 23 VALENTE;66 años;1;1955-01-01;1955-12-31;31217;12067;38.66;2022-11-24
2021;CYL;MENINGOCOCO B;5 meses;2;2020-08-01;2021-07-31;14005;13178;94.09;2022-11-24
2021;CYL;MENINGOCOCO B;12 meses;3;2020-01-01;2020-12-31;14768;13243;89.67;2022-11-24
2021;CYL;VARICELA;15 meses;1;2019-10-01;2020-09-30;15039;13868;92.21;2022-11-24
2021;CYL;VARICELA;3 años;2;2018-01-01;2018-12-31;15735;14334;91.1;2022-11-24
2021;CYL;MENINGOCOCO CONJUGADA C;4 meses;1;2020-09-01;2021-08-31;13982;13152;94.06;2022-11-24
2021;CYL;NEUMOCOCICA CONJ 13 VALENTE;4 meses;2;2020-09-01;2021-08-31;13982;13269;94.9;2022-11-24
2021;CYL;NEUMOCOCICA CONJ 13 VALENTE;2 meses;1;2020-11-01;2021-10-31;13814;13314;96.38;2022-11-24
2021;CYL;MENINGOCOCO CONJUGADA ACWY;18 años;1;2003-01-01;2003-12-31;20730;15352;74.06;2022-11-24
2021;CYL;MENINGOCOCO CONJUGADA ACWY;12 meses;2;2020-01-01;2020-12-31;14768;13710;92.84;2022-11-24
2021;CYL;SARAMPION, RUBEOLA, PAROTIDITIS (TRIPLE VIRICA);12 meses;1;2020-01-01;2020-12-31;14768;13772;93.26;2022-11-24
2021;CYL;MENINGOCOCO CONJUGADA ACWY;12 años;1;2009-01-01;2009-12-31;21323;18489;86.71;2022-11-24
2021;CYL;VPH 9VALENTE;12 años;2;2009-01-01;2009-12-31;20789;18352;88.28;2022-11-24
2021;CYL;MENINGOCOCO CONJUGADA ACWY;16 años;1;2005-01-01;2005-12-31;20913;16059;76.79;2022-11-24
2021;LEÓN;MENINGOCOCO CONJUGADA ACWY;12 meses;2;2020-01-01;2020-12-31;2583;2278;88.19;2022-11-24
2021;LEÓN;SARAMPION, RUBEOLA, PAROTIDITIS (TRIPLE VIRICA);3 años;2;2018-01-01;2018-12-31;2795;2486;88.94;2022-11-24
2021;LEÓN;NEUMOCOCICA PS 23 VALENTE;66 años;1;1955-01-01;1955-12-31;6409;2231;34.81;2022-11-24
2021;LEÓN;MENINGOCOCO CONJUGADA ACWY;16 años;1;2005-01-01;2005-12-31;3552;2629;74.01;2022-11-24
2021;LEÓN;MENINGOCOCO B;5 meses;2;2020-08-01;2021-07-31;2553;2322;90.95;2022-11-24
2021;LEÓN;DTPa+Hib+POLIO+HB (HEXAVALENTE);11 meses;3;2020-02-01;2021-01-31;2527;2198;86.98;2022-11-24
2021;LEÓN;MENINGOCOCO B;12 meses;3;2020-01-01;2020-12-31;2583;2217;85.83;2022-11-24
2021;LEÓN;VARICELA;3 años;2;2018-01-01;2018-12-31;2795;2427;86.83;2022-11-24
2021;LEÓN;MENINGOCOCO CONJUGADA ACWY;18 años;1;2003-01-01;2003-12-31;3523;2505;71.1;2022-11-24
2021;LEÓN;DTPa+Hib+POLIO+HB (HEXAVALENTE);2 meses;1;2020-11-01;2021-10-31;2499;2334;93.4;2022-11-24
2021;LEÓN;MENINGOCOCO B;3 meses;1;2020-10-01;2021-09-30;2497;2321;92.95;2022-11-24
2021;LEÓN;MENINGOCOCO CONJUGADA C;4 meses;1;2020-09-01;2021-08-31;2530;2282;90.2;2022-11-24
2021;LEÓN;NEUMOCOCICA CONJ 13 VALENTE;4 meses;2;2020-09-01;2021-08-31;2530;2323;91.82;2022-11-24
2021;LEÓN;NEUMOCOCICA CONJ 13 VALENTE;11 meses;3;2020-02-01;2021-01-31;2527;2197;86.94;2022-11-24
2021;LEÓN;VARICELA;15 meses;1;2019-10-01;2020-09-30;2618;2289;87.43;2022-11-24
2021;LEÓN;TETANOS, DIFTERIA tipo adulto (Td);14 años;1;2007-01-01;2007-12-31;3571;2963;82.97;2022-11-24
2021;LEÓN;NEUMOCOCICA CONJ 13 VALENTE;2 meses;1;2020-11-01;2021-10-31;2499;2334;93.4;2022-11-24
2021;LEÓN;DTPa+Hib+POLIO+HB (HEXAVALENTE);4 meses;2;2020-09-01;2021-08-31;2530;2325;91.9;2022-11-24
2021;LEÓN;SARAMPION, RUBEOLA, PAROTIDITIS (TRIPLE VIRICA);12 meses;1;2020-01-01;2020-12-31;2583;2290;88.66;2022-11-24
2021;LEÓN;VPH 9VALENTE;12 años;1;2009-01-01;2009-12-31;1839;1556;84.61;2022-11-24
2021;LEÓN;MENINGOCOCO CONJUGADA ACWY;17 años;1;2004-01-01;2004-12-31;3468;2615;75.4;2022-11-24
2021;LEÓN;NEUMOCOCICA CONJ 13 VALENTE;65 años;1;1956-01-01;1956-12-31;6810;2139;31.41;2022-11-24
2021;LEÓN;MENINGOCOCO CONJUGADA ACWY;12 años;1;2009-01-01;2009-12-31;3693;3059;82.83;2022-11-24
2021;LEÓN;DIFTERIA, TETANOS, TOSFERINA ACELULAR baja carga antigénica (dTpa);6 años;1;2015-01-01;2015-12-31;3130;2852;91.12;2022-11-24
2021;LEÓN;VPH 9VALENTE;12 años;2;2009-01-01;2009-12-31;1854;1556;83.93;2022-11-24
2021;PALENCIA;DTPa+Hib+POLIO+HB (HEXAVALENTE);11 meses;3;2020-02-01;2021-01-31;948;921;97.15;2022-11-24
2021;PALENCIA;MENINGOCOCO CONJUGADA ACWY;16 años;1;2005-01-01;2005-12-31;1277;940;73.61;2022-11-24
2021;PALENCIA;NEUMOCOCICA CONJ 13 VALENTE;65 años;1;1956-01-01;1956-12-31;2469;838;33.94;2022-11-24
2021;PALENCIA;MENINGOCOCO B;12 meses;3;2020-01-01;2020-12-31;967;919;95.04;2022-11-24
2021;PALENCIA;SARAMPION, RUBEOLA, PAROTIDITIS (TRIPLE VIRICA);3 años;2;2018-01-01;2018-12-31;1019;971;95.29;2022-11-24
2021;PALENCIA;VARICELA;3 años;2;2018-01-01;2018-12-31;1019;968;95.0;2022-11-24
2021;PALENCIA;MENINGOCOCO CONJUGADA ACWY;12 años;1;2009-01-01;2009-12-31;1268;1153;90.93;2022-11-24
2021;PALENCIA;VPH 9VALENTE;12 años;1;2009-01-01;2009-12-31;629;583;92.69;2022-11-24
2021;PALENCIA;MENINGOCOCO B;3 meses;1;2020-10-01;2021-09-30;829;817;98.55;2022-11-24
2021;PALENCIA;VPH 9VALENTE;12 años;2;2009-01-01;2009-12-31;636;583;91.67;2022-11-24
2021;PALENCIA;DTPa+Hib+POLIO+HB (HEXAVALENTE);2 meses;1;2020-11-01;2021-10-31;826;820;99.27;2022-11-24
2021;PALENCIA;MENINGOCOCO CONJUGADA C;4 meses;1;2020-09-01;2021-08-31;829;810;97.71;2022-11-24
2021;PALENCIA;MENINGOCOCO B;5 meses;2;2020-08-01;2021-07-31;819;793;96.83;2022-11-24
2021;PALENCIA;NEUMOCOCICA CONJ 13 VALENTE;11 meses;3;2020-02-01;2021-01-31;948;922;97.26;2022-11-24
2021;PALENCIA;DIFTERIA, TETANOS, TOSFERINA ACELULAR baja carga antigénica (dTpa);6 años;1;2015-01-01;2015-12-31;1186;1128;95.11;2022-11-24
2021;PALENCIA;NEUMOCOCICA CONJ 13 VALENTE;4 meses;2;2020-09-01;2021-08-31;829;807;97.35;2022-11-24
2021;PALENCIA;SARAMPION, RUBEOLA, PAROTIDITIS (TRIPLE VIRICA);12 meses;1;2020-01-01;2020-12-31;967;936;96.79;2022-11-24
2021;PALENCIA;MENINGOCOCO CONJUGADA ACWY;18 años;1;2003-01-01;2003-12-31;1227;904;73.68;2022-11-24
2021;PALENCIA;NEUMOCOCICA CONJ 13 VALENTE;2 meses;1;2020-11-01;2021-10-31;826;818;99.03;2022-11-24
2021;PALENCIA;DTPa+Hib+POLIO+HB (HEXAVALENTE);4 meses;2;2020-09-01;2021-08-31;829;808;97.47;2022-11-24
2021;PALENCIA;VARICELA;15 meses;1;2019-10-01;2020-09-30;994;952;95.77;2022-11-24
2021;PALENCIA;TETANOS, DIFTERIA tipo adulto (Td);14 años;1;2007-01-01;2007-12-31;1249;963;77.1;2022-11-24
2021;PALENCIA;MENINGOCOCO CONJUGADA ACWY;17 años;1;2004-01-01;2004-12-31;1261;918;72.8;2022-11-24
2021;PALENCIA;NEUMOCOCICA PS 23 VALENTE;66 años;1;1955-01-01;1955-12-31;2370;892;37.64;2022-11-24
2021;PALENCIA;MENINGOCOCO CONJUGADA ACWY;12 meses;2;2020-01-01;2020-12-31;967;932;96.38;2022-11-24
2021;SALAMANCA;MENINGOCOCO B;12 meses;3;2020-01-01;2020-12-31;1864;1800;96.57;2022-11-24
2021;SALAMANCA;NEUMOCOCICA CONJ 13 VALENTE;65 años;1;1956-01-01;1956-12-31;4506;1206;26.76;2022-11-24
2021;SALAMANCA;DTPa+Hib+POLIO+HB (HEXAVALENTE);11 meses;3;2020-02-01;2021-01-31;1818;1771;97.41;2022-11-24
2021;SALAMANCA;NEUMOCOCICA CONJ 13 VALENTE;11 meses;3;2020-02-01;2021-01-31;1818;1771;97.41;2022-11-24
2021;SALAMANCA;VARICELA;15 meses;1;2019-10-01;2020-09-30;1966;1922;97.76;2022-11-24
2021;SALAMANCA;TETANOS, DIFTERIA tipo adulto (Td);14 años;1;2007-01-01;2007-12-31;2858;2579;90.24;2022-11-24
2021;SALAMANCA;DTPa+Hib+POLIO+HB (HEXAVALENTE);2 meses;1;2020-11-01;2021-10-31;1778;1753;98.59;2022-11-24
2021;SALAMANCA;NEUMOCOCICA CONJ 13 VALENTE;2 meses;1;2020-11-01;2021-10-31;1778;1754;98.65;2022-11-24
2021;SALAMANCA;SARAMPION, RUBEOLA, PAROTIDITIS (TRIPLE VIRICA);3 años;2;2018-01-01;2018-12-31;2097;2024;96.52;2022-11-24
2021;SALAMANCA;VARICELA;3 años;2;2018-01-01;2018-12-31;2097;2005;95.61;2022-11-24
2021;SALAMANCA;MENINGOCOCO B;5 meses;2;2020-08-01;2021-07-31;1761;1725;97.96;2022-11-24
2021;SALAMANCA;DIFTERIA, TETANOS, TOSFERINA ACELULAR baja carga antigénica (dTpa);6 años;1;2015-01-01;2015-12-31;2376;2274;95.71;2022-11-24
2021;SALAMANCA;VPH 9VALENTE;12 años;1;2009-01-01;2009-12-31;1277;1218;95.38;2022-11-24
2021;SALAMANCA;MENINGOCOCO CONJUGADA ACWY;18 años;1;2003-01-01;2003-12-31;3035;2430;80.07;2022-11-24
2021;SALAMANCA;MENINGOCOCO CONJUGADA C;4 meses;1;2020-09-01;2021-08-31;1779;1738;97.7;2022-11-24
2021;SALAMANCA;MENINGOCOCO CONJUGADA ACWY;12 meses;2;2020-01-01;2020-12-31;1864;1825;97.91;2022-11-24
2021;SALAMANCA;NEUMOCOCICA PS 23 VALENTE;66 años;1;1955-01-01;1955-12-31;4155;1327;31.94;2022-11-24
2021;SALAMANCA;NEUMOCOCICA CONJ 13 VALENTE;4 meses;2;2020-09-01;2021-08-31;1779;1745;98.09;2022-11-24
2021;SALAMANCA;VPH 9VALENTE;12 años;2;2009-01-01;2009-12-31;1293;1218;94.2;2022-11-24
2021;SALAMANCA;DTPa+Hib+POLIO+HB (HEXAVALENTE);4 meses;2;2020-09-01;2021-08-31;1779;1744;98.03;2022-11-24
2021;SALAMANCA;SARAMPION, RUBEOLA, PAROTIDITIS (TRIPLE VIRICA);12 meses;1;2020-01-01;2020-12-31;1864;1823;97.8;2022-11-24
2021;SALAMANCA;MENINGOCOCO CONJUGADA ACWY;16 años;1;2005-01-01;2005-12-31;2831;2354;83.15;2022-11-24
2021;SALAMANCA;MENINGOCOCO CONJUGADA ACWY;17 años;1;2004-01-01;2004-12-31;2974;2459;82.68;2022-11-24
2021;SALAMANCA;MENINGOCOCO B;3 meses;1;2020-10-01;2021-09-30;1773;1744;98.36;2022-11-24
2021;SALAMANCA;MENINGOCOCO CONJUGADA ACWY;12 años;1;2009-01-01;2009-12-31;2661;2483;93.31;2022-11-24
2021;SEGOVIA;DTPa+Hib+POLIO+HB (HEXAVALENTE);11 meses;3;2020-02-01;2021-01-31;992;945;95.26;2022-11-24
2021;SEGOVIA;VARICELA;3 años;2;2018-01-01;2018-12-31;1083;1012;93.44;2022-11-24
2021;SEGOVIA;MENINGOCOCO CONJUGADA ACWY;12 meses;2;2020-01-01;2020-12-31;1008;962;95.44;2022-11-24
2021;SEGOVIA;VARICELA;15 meses;1;2019-10-01;2020-09-30;1000;946;94.6;2022-11-24
2021;SEGOVIA;MENINGOCOCO CONJUGADA ACWY;18 años;1;2003-01-01;2003-12-31;1419;1169;82.38;2022-11-24
2021;SEGOVIA;NEUMOCOCICA CONJ 13 VALENTE;2 meses;1;2020-11-01;2021-10-31;1041;1016;97.6;2022-11-24
2021;SEGOVIA;MENINGOCOCO CONJUGADA C;4 meses;1;2020-09-01;2021-08-31;1040;980;94.23;2022-11-24
2021;SEGOVIA;NEUMOCOCICA CONJ 13 VALENTE;11 meses;3;2020-02-01;2021-01-31;992;939;94.66;2022-11-24
2021;SEGOVIA;SARAMPION, RUBEOLA, PAROTIDITIS (TRIPLE VIRICA);3 años;2;2018-01-01;2018-12-31;1083;1022;94.37;2022-11-24
2021;SEGOVIA;MENINGOCOCO B;3 meses;1;2020-10-01;2021-09-30;1034;996;96.32;2022-11-24
2021;SEGOVIA;DTPa+Hib+POLIO+HB (HEXAVALENTE);4 meses;2;2020-09-01;2021-08-31;1040;995;95.67;2022-11-24
2021;SEGOVIA;VPH 9VALENTE;12 años;1;2009-01-01;2009-12-31;703;628;89.33;2022-11-24
2021;SEGOVIA;TETANOS, DIFTERIA tipo adulto (Td);14 años;1;2007-01-01;2007-12-31;1404;1215;86.54;2022-11-24
2021;SEGOVIA;NEUMOCOCICA PS 23 VALENTE;66 años;1;1955-01-01;1955-12-31;1757;683;38.87;2022-11-24
2021;SEGOVIA;MENINGOCOCO B;5 meses;2;2020-08-01;2021-07-31;1034;976;94.39;2022-11-24
2021;SEGOVIA;NEUMOCOCICA CONJ 13 VALENTE;65 años;1;1956-01-01;1956-12-31;1905;626;32.86;2022-11-24
2021;SEGOVIA;DTPa+Hib+POLIO+HB (HEXAVALENTE);2 meses;1;2020-11-01;2021-10-31;1041;1015;97.5;2022-11-24
2021;SEGOVIA;DIFTERIA, TETANOS, TOSFERINA ACELULAR baja carga antigénica (dTpa);6 años;1;2015-01-01;2015-12-31;1269;1127;88.81;2022-11-24
2021;SEGOVIA;MENINGOCOCO CONJUGADA ACWY;17 años;1;2004-01-01;2004-12-31;1352;1131;83.65;2022-11-24
2021;SEGOVIA;MENINGOCOCO CONJUGADA ACWY;12 años;1;2009-01-01;2009-12-31;1411;1267;89.79;2022-11-24
2021;SEGOVIA;VPH 9VALENTE;12 años;2;2009-01-01;2009-12-31;709;628;88.58;2022-11-24
2021;SEGOVIA;NEUMOCOCICA CONJ 13 VALENTE;4 meses;2;2020-09-01;2021-08-31;1040;990;95.19;2022-11-24
2021;SEGOVIA;MENINGOCOCO B;12 meses;3;2020-01-01;2020-12-31;1008;925;91.77;2022-11-24
2021;SEGOVIA;SARAMPION, RUBEOLA, PAROTIDITIS (TRIPLE VIRICA);12 meses;1;2020-01-01;2020-12-31;1008;966;95.83;2022-11-24
2021;SEGOVIA;MENINGOCOCO CONJUGADA ACWY;16 años;1;2005-01-01;2005-12-31;1488;1267;85.15;2022-11-24
2021;SORIA;MENINGOCOCO CONJUGADA C;4 meses;1;2020-09-01;2021-08-31;595;560;94.12;2022-11-24
2021;SORIA;DTPa+Hib+POLIO+HB (HEXAVALENTE);11 meses;3;2020-02-01;2021-01-31;647;604;93.35;2022-11-24
2021;SORIA;VARICELA;15 meses;1;2019-10-01;2020-09-30;629;591;93.96;2022-11-24
2021;SORIA;VPH 9VALENTE;12 años;2;2009-01-01;2009-12-31;383;343;89.56;2022-11-24
2021;SORIA;MENINGOCOCO CONJUGADA ACWY;16 años;1;2005-01-01;2005-12-31;782;660;84.4;2022-11-24
2021;SORIA;MENINGOCOCO CONJUGADA ACWY;18 años;1;2003-01-01;2003-12-31;806;660;81.89;2022-11-24
2021;SORIA;MENINGOCOCO B;5 meses;2;2020-08-01;2021-07-31;607;566;93.25;2022-11-24
2021;SORIA;DIFTERIA, TETANOS, TOSFERINA ACELULAR baja carga antigénica (dTpa);6 años;1;2015-01-01;2015-12-31;721;657;91.12;2022-11-24
2021;SORIA;NEUMOCOCICA CONJ 13 VALENTE;11 meses;3;2020-02-01;2021-01-31;647;599;92.58;2022-11-24
2021;SORIA;TETANOS, DIFTERIA tipo adulto (Td);14 años;1;2007-01-01;2007-12-31;790;662;83.8;2022-11-24
2021;SORIA;MENINGOCOCO B;3 meses;1;2020-10-01;2021-09-30;596;567;95.13;2022-11-24
2021;SORIA;MENINGOCOCO CONJUGADA ACWY;12 meses;2;2020-01-01;2020-12-31;646;612;94.74;2022-11-24
2021;SORIA;SARAMPION, RUBEOLA, PAROTIDITIS (TRIPLE VIRICA);12 meses;1;2020-01-01;2020-12-31;646;619;95.82;2022-11-24
2021;SORIA;DTPa+Hib+POLIO+HB (HEXAVALENTE);2 meses;1;2020-11-01;2021-10-31;584;560;95.89;2022-11-24
2021;SORIA;MENINGOCOCO B;12 meses;3;2020-01-01;2020-12-31;646;591;91.49;2022-11-24
2021;SORIA;VPH 9VALENTE;12 años;1;2009-01-01;2009-12-31;383;343;89.56;2022-11-24
2021;SORIA;NEUMOCOCICA CONJ 13 VALENTE;4 meses;2;2020-09-01;2021-08-31;595;564;94.79;2022-11-24
2021;SORIA;SARAMPION, RUBEOLA, PAROTIDITIS (TRIPLE VIRICA);3 años;2;2018-01-01;2018-12-31;662;627;94.71;2022-11-24
2021;SORIA;VARICELA;3 años;2;2018-01-01;2018-12-31;662;623;94.11;2022-11-24
2021;SORIA;MENINGOCOCO CONJUGADA ACWY;12 años;1;2009-01-01;2009-12-31;802;721;89.9;2022-11-24
2021;SORIA;MENINGOCOCO CONJUGADA ACWY;17 años;1;2004-01-01;2004-12-31;748;616;82.35;2022-11-24
2021;SORIA;NEUMOCOCICA PS 23 VALENTE;66 años;1;1955-01-01;1955-12-31;1009;482;47.77;2022-11-24
2021;SORIA;NEUMOCOCICA CONJ 13 VALENTE;2 meses;1;2020-11-01;2021-10-31;584;563;96.4;2022-11-24
2021;SORIA;DTPa+Hib+POLIO+HB (HEXAVALENTE);4 meses;2;2020-09-01;2021-08-31;595;564;94.79;2022-11-24
2021;SORIA;NEUMOCOCICA CONJ 13 VALENTE;65 años;1;1956-01-01;1956-12-31;1082;465;42.98;2022-11-24
2021;VALLADOLID;DTPa+Hib+POLIO+HB (HEXAVALENTE);2 meses;1;2020-11-01;2021-10-31;3270;3103;94.89;2022-11-24
2021;VALLADOLID;TETANOS, DIFTERIA tipo adulto (Td);14 años;1;2007-01-01;2007-12-31;5106;4207;82.39;2022-11-24
2021;VALLADOLID;MENINGOCOCO CONJUGADA ACWY;16 años;1;2005-01-01;2005-12-31;5055;3566;70.54;2022-11-24
2021;VALLADOLID;NEUMOCOCICA CONJ 13 VALENTE;65 años;1;1956-01-01;1956-12-31;7064;2015;28.52;2022-11-24
2021;VALLADOLID;DTPa+Hib+POLIO+HB (HEXAVALENTE);11 meses;3;2020-02-01;2021-01-31;3520;3095;87.93;2022-11-24
2021;VALLADOLID;NEUMOCOCICA CONJ 13 VALENTE;11 meses;3;2020-02-01;2021-01-31;3520;3081;87.53;2022-11-24
2021;VALLADOLID;MENINGOCOCO CONJUGADA ACWY;12 meses;2;2020-01-01;2020-12-31;3617;3247;89.77;2022-11-24
2021;VALLADOLID;MENINGOCOCO CONJUGADA ACWY;17 años;1;2004-01-01;2004-12-31;4963;3458;69.68;2022-11-24
2021;VALLADOLID;MENINGOCOCO B;5 meses;2;2020-08-01;2021-07-31;3323;3081;92.72;2022-11-24
2021;VALLADOLID;VPH 9VALENTE;12 años;1;2009-01-01;2009-12-31;2633;2246;85.3;2022-11-24
2021;VALLADOLID;NEUMOCOCICA CONJ 13 VALENTE;2 meses;1;2020-11-01;2021-10-31;3270;3112;95.17;2022-11-24
2021;VALLADOLID;MENINGOCOCO CONJUGADA ACWY;12 años;1;2009-01-01;2009-12-31;5388;4469;82.94;2022-11-24
2021;VALLADOLID;VARICELA;3 años;2;2018-01-01;2018-12-31;3727;3310;88.81;2022-11-24
2021;VALLADOLID;MENINGOCOCO CONJUGADA ACWY;18 años;1;2003-01-01;2003-12-31;5068;3482;68.71;2022-11-24
2021;VALLADOLID;NEUMOCOCICA PS 23 VALENTE;66 años;1;1955-01-01;1955-12-31;6598;2588;39.22;2022-11-24
2021;VALLADOLID;MENINGOCOCO B;12 meses;3;2020-01-01;2020-12-31;3617;3075;85.02;2022-11-24
2021;VALLADOLID;DIFTERIA, TETANOS, TOSFERINA ACELULAR baja carga antigénica (dTpa);6 años;1;2015-01-01;2015-12-31;4486;4059;90.48;2022-11-24
2021;VALLADOLID;NEUMOCOCICA CONJ 13 VALENTE;4 meses;2;2020-09-01;2021-08-31;3288;3069;93.34;2022-11-24
2021;VALLADOLID;VARICELA;15 meses;1;2019-10-01;2020-09-30;3649;3270;89.61;2022-11-24
2021;VALLADOLID;DTPa+Hib+POLIO+HB (HEXAVALENTE);4 meses;2;2020-09-01;2021-08-31;3288;3066;93.25;2022-11-24
2021;VALLADOLID;MENINGOCOCO CONJUGADA C;4 meses;1;2020-09-01;2021-08-31;3288;3035;92.31;2022-11-24
2021;VALLADOLID;SARAMPION, RUBEOLA, PAROTIDITIS (TRIPLE VIRICA);3 años;2;2018-01-01;2018-12-31;3727;3341;89.64;2022-11-24
2021;VALLADOLID;MENINGOCOCO B;3 meses;1;2020-10-01;2021-09-30;3304;3132;94.79;2022-11-24
2021;VALLADOLID;SARAMPION, RUBEOLA, PAROTIDITIS (TRIPLE VIRICA);12 meses;1;2020-01-01;2020-12-31;3617;3263;90.21;2022-11-24
2021;VALLADOLID;VPH 9VALENTE;12 años;2;2009-01-01;2009-12-31;2647;2246;84.85;2022-11-24
2021;ZAMORA;NEUMOCOCICA CONJ 13 VALENTE;4 meses;2;2020-09-01;2021-08-31;771;745;96.63;2022-11-24
2021;ZAMORA;DTPa+Hib+POLIO+HB (HEXAVALENTE);2 meses;1;2020-11-01;2021-10-31;751;731;97.34;2022-11-24
2021;ZAMORA;SARAMPION, RUBEOLA, PAROTIDITIS (TRIPLE VIRICA);3 años;2;2018-01-01;2018-12-31;905;882;97.46;2022-11-24
2021;ZAMORA;MENINGOCOCO CONJUGADA C;4 meses;1;2020-09-01;2021-08-31;771;742;96.24;2022-11-24
2021;ZAMORA;MENINGOCOCO B;12 meses;3;2020-01-01;2020-12-31;826;785;95.04;2022-11-24
2021;ZAMORA;MENINGOCOCO CONJUGADA ACWY;16 años;1;2005-01-01;2005-12-31;1204;989;82.14;2022-11-24
2021;ZAMORA;DTPa+Hib+POLIO+HB (HEXAVALENTE);4 meses;2;2020-09-01;2021-08-31;771;744;96.5;2022-11-24
2021;ZAMORA;NEUMOCOCICA CONJ 13 VALENTE;11 meses;3;2020-02-01;2021-01-31;819;788;96.21;2022-11-24
2021;ZAMORA;VPH 9VALENTE;12 años;2;2009-01-01;2009-12-31;531;485;91.34;2022-11-24
2021;ZAMORA;MENINGOCOCO CONJUGADA ACWY;17 años;1;2004-01-01;2004-12-31;1217;988;81.18;2022-11-24
2021;ZAMORA;VARICELA;15 meses;1;2019-10-01;2020-09-30;861;816;94.77;2022-11-24
2021;ZAMORA;VPH 9VALENTE;12 años;1;2009-01-01;2009-12-31;530;485;91.51;2022-11-24
2021;ZAMORA;NEUMOCOCICA CONJ 13 VALENTE;65 años;1;1956-01-01;1956-12-31;2574;1631;63.36;2022-11-24
2021;ZAMORA;MENINGOCOCO B;3 meses;1;2020-10-01;2021-09-30;754;733;97.21;2022-11-24
2021;ZAMORA;MENINGOCOCO CONJUGADA ACWY;12 meses;2;2020-01-01;2020-12-31;826;801;96.97;2022-11-24
2021;ZAMORA;VARICELA;3 años;2;2018-01-01;2018-12-31;905;869;96.02;2022-11-24
2021;ZAMORA;MENINGOCOCO CONJUGADA ACWY;12 años;1;2009-01-01;2009-12-31;1183;1091;92.22;2022-11-24
2021;ZAMORA;TETANOS, DIFTERIA tipo adulto (Td);14 años;1;2007-01-01;2007-12-31;1158;1080;93.26;2022-11-24
2021;ZAMORA;NEUMOCOCICA CONJ 13 VALENTE;2 meses;1;2020-11-01;2021-10-31;751;732;97.47;2022-11-24
2021;ZAMORA;MENINGOCOCO B;5 meses;2;2020-08-01;2021-07-31;774;742;95.87;2022-11-24
2021;ZAMORA;DTPa+Hib+POLIO+HB (HEXAVALENTE);11 meses;3;2020-02-01;2021-01-31;819;789;96.34;2022-11-24
2021;ZAMORA;SARAMPION, RUBEOLA, PAROTIDITIS (TRIPLE VIRICA);12 meses;1;2020-01-01;2020-12-31;826;802;97.09;2022-11-24
2021;ZAMORA;DIFTERIA, TETANOS, TOSFERINA ACELULAR baja carga antigénica (dTpa);6 años;1;2015-01-01;2015-12-31;1001;949;94.81;2022-11-24
2021;ZAMORA;MENINGOCOCO CONJUGADA ACWY;18 años;1;2003-01-01;2003-12-31;1256;951;75.72;2022-11-24
2021;ZAMORA;NEUMOCOCICA PS 23 VALENTE;66 años;1;1955-01-01;1955-12-31;2385;1188;49.81;2022-11-24
2020;ÁVILA;DTPa+Hib+POLIO+HB (HEXAVALENTE);2 meses;1;2019-11-01;2020-10-31;990;953;96.26;2022-11-28
2020;ÁVILA;MENINGOCOCO CONJUGADA C;4 meses;1;2019-09-01;2020-08-31;986;932;94.52;2022-11-28
2020;ÁVILA;DIFTERIA, TETANOS, TOSFERINA ACELULAR baja carga antigénica (dTpa);6 años;1;2014-01-01;2014-12-31;1269;1122;88.42;2022-11-28
2020;ÁVILA;NEUMOCOCICA CONJ 13 VALENTE;2 meses;1;2019-11-01;2020-10-31;990;953;96.26;2022-11-28
2020;ÁVILA;TETANOS, DIFTERIA tipo adulto (Td);14 años;1;2006-01-01;2006-12-31;1399;1211;86.56;2022-11-28
2020;ÁVILA;SARAMPION, RUBEOLA, PAROTIDITIS (TRIPLE VIRICA);3 años;2;2017-01-01;2017-12-31;1060;1001;94.43;2022-11-28
2020;ÁVILA;MENINGOCOCO CONJUGADA ACWY;12 años;1;2008-01-01;2008-12-31;1451;1275;87.87;2022-11-28
2020;ÁVILA;DTPa+Hib+POLIO+HB (HEXAVALENTE);4 meses;2;2019-09-01;2020-08-31;986;937;95.03;2022-11-28
2020;ÁVILA;NEUMOCOCICA CONJ 13 VALENTE;11 meses;3;2019-02-01;2020-01-31;994;920;92.56;2022-11-28
2020;ÁVILA;MENINGOCOCO CONJUGADA ACWY;12 meses;2;2019-01-01;2019-12-31;1008;952;94.44;2022-11-28
2020;ÁVILA;VARICELA;3 años;2;2017-01-01;2017-12-31;1060;990;93.4;2022-11-28
2020;ÁVILA;NEUMOCOCICA PS 23 VALENTE;66 años;1;1954-01-01;1954-12-31;1855;909;49.0;2022-11-28
2020;ÁVILA;MENINGOCOCO B;3 meses;1;2019-10-01;2020-09-30;994;953;95.88;2022-11-28
2020;ÁVILA;DTPa+Hib+POLIO+HB (HEXAVALENTE);11 meses;3;2019-02-01;2020-01-31;994;923;92.86;2022-11-28
2020;ÁVILA;SARAMPION, RUBEOLA, PAROTIDITIS (TRIPLE VIRICA);12 meses;1;2019-01-01;2019-12-31;1008;958;95.04;2022-11-28
2020;ÁVILA;NEUMOCOCICA CONJ 13 VALENTE;4 meses;2;2019-09-01;2020-08-31;986;935;94.83;2022-11-28
2020;ÁVILA;MENINGOCOCO B;5 meses;2;2019-08-01;2020-07-31;1007;942;93.55;2022-11-28
2020;ÁVILA;MENINGOCOCO B;12 meses;3;2019-01-01;2019-12-31;1008;913;90.58;2022-11-28
2020;ÁVILA;VPH 9VALENTE;12 años;1;2008-01-01;2008-12-31;703;614;87.34;2022-11-28
2020;ÁVILA;VPH 9VALENTE;12 años;2;2008-01-01;2008-12-31;708;614;86.72;2022-11-28
2020;ÁVILA;MENINGOCOCO CONJUGADA ACWY;14 años;1;2006-01-01;2006-12-31;1399;1107;79.13;2022-11-28
2020;ÁVILA;NEUMOCOCICA CONJ 13 VALENTE;65 años;1;1955-01-01;1955-12-31;1992;1058;53.11;2022-11-28
2020;ÁVILA;VARICELA;15 meses;1;2018-10-01;2019-09-30;975;924;94.77;2022-11-28
2020;BURGOS;DIFTERIA, TETANOS, TOSFERINA ACELULAR baja carga antigénica (dTpa);6 años;1;2014-01-01;2014-12-31;2941;2755;93.68;2022-11-28
2020;BURGOS;TETANOS, DIFTERIA tipo adulto (Td);14 años;1;2006-01-01;2006-12-31;3224;2878;89.27;2022-11-28
2020;BURGOS;VARICELA;3 años;2;2017-01-01;2017-12-31;2517;2382;94.64;2022-11-28
2020;BURGOS;NEUMOCOCICA PS 23 VALENTE;66 años;1;1954-01-01;1954-12-31;4450;2155;48.43;2022-11-28
2020;BURGOS;MENINGOCOCO B;3 meses;1;2019-10-01;2020-09-30;2328;2270;97.51;2022-11-28
2020;BURGOS;MENINGOCOCO CONJUGADA C;4 meses;1;2019-09-01;2020-08-31;2333;2254;96.61;2022-11-28
2020;BURGOS;NEUMOCOCICA CONJ 13 VALENTE;11 meses;3;2019-02-01;2020-01-31;2479;2404;96.97;2022-11-28
2020;BURGOS;NEUMOCOCICA CONJ 13 VALENTE;65 años;1;1955-01-01;1955-12-31;4524;2332;51.55;2022-11-28
2020;BURGOS;NEUMOCOCICA CONJ 13 VALENTE;4 meses;2;2019-09-01;2020-08-31;2333;2271;97.34;2022-11-28
2020;BURGOS;VARICELA;15 meses;1;2018-10-01;2019-09-30;2532;2456;97.0;2022-11-28
2020;BURGOS;VPH 9VALENTE;12 años;1;2008-01-01;2008-12-31;1756;1638;93.28;2022-11-28
2020;BURGOS;MENINGOCOCO B;5 meses;2;2019-08-01;2020-07-31;2386;2320;97.23;2022-11-28
2020;BURGOS;DTPa+Hib+POLIO+HB (HEXAVALENTE);11 meses;3;2019-02-01;2020-01-31;2479;2410;97.22;2022-11-28
2020;BURGOS;NEUMOCOCICA CONJ 13 VALENTE;2 meses;1;2019-11-01;2020-10-31;2334;2298;98.46;2022-11-28
2020;BURGOS;DTPa+Hib+POLIO+HB (HEXAVALENTE);4 meses;2;2019-09-01;2020-08-31;2333;2272;97.39;2022-11-28
2020;BURGOS;MENINGOCOCO CONJUGADA ACWY;12 años;1;2008-01-01;2008-12-31;3583;3238;90.37;2022-11-28
2020;BURGOS;DTPa+Hib+POLIO+HB (HEXAVALENTE);2 meses;1;2019-11-01;2020-10-31;2334;2298;98.46;2022-11-28
2020;BURGOS;MENINGOCOCO B;12 meses;3;2019-01-01;2019-12-31;2493;2369;95.03;2022-11-28
2020;BURGOS;SARAMPION, RUBEOLA, PAROTIDITIS (TRIPLE VIRICA);12 meses;1;2019-01-01;2019-12-31;2493;2436;97.71;2022-11-28
2020;BURGOS;SARAMPION, RUBEOLA, PAROTIDITIS (TRIPLE VIRICA);3 años;2;2017-01-01;2017-12-31;2517;2411;95.79;2022-11-28
2020;BURGOS;VPH 9VALENTE;12 años;2;2008-01-01;2008-12-31;1760;1638;93.07;2022-11-28
2020;BURGOS;MENINGOCOCO CONJUGADA ACWY;14 años;1;2006-01-01;2006-12-31;3224;2705;83.9;2022-11-28
2020;BURGOS;MENINGOCOCO CONJUGADA ACWY;12 meses;2;2019-01-01;2019-12-31;2493;2425;97.27;2022-11-28
2020;CYL;VPH 9VALENTE;12 años;2;2008-01-01;2008-12-31;21097;19456;92.22;2022-11-28
2020;CYL;NEUMOCOCICA CONJ 13 VALENTE;4 meses;2;2019-09-01;2020-08-31;14956;14271;95.42;2022-11-28
2020;CYL;DTPa+Hib+POLIO+HB (HEXAVALENTE);11 meses;3;2019-02-01;2020-01-31;15024;14228;94.7;2022-11-28
2020;CYL;VARICELA;15 meses;1;2018-10-01;2019-09-30;15143;14501;95.76;2022-11-28
2020;CYL;MENINGOCOCO CONJUGADA ACWY;14 años;1;2006-01-01;2006-12-31;20729;17071;82.35;2022-11-28
2020;CYL;MENINGOCOCO B;3 meses;1;2019-10-01;2020-09-30;15032;14444;96.09;2022-11-28
2020;CYL;MENINGOCOCO CONJUGADA C;4 meses;1;2019-09-01;2020-08-31;14956;14196;94.92;2022-11-28
2020;CYL;DIFTERIA, TETANOS, TOSFERINA ACELULAR baja carga antigénica (dTpa);6 años;1;2014-01-01;2014-12-31;18378;16985;92.42;2022-11-28
2020;CYL;NEUMOCOCICA CONJ 13 VALENTE;11 meses;3;2019-02-01;2020-01-31;15024;14207;94.56;2022-11-28
2020;CYL;SARAMPION, RUBEOLA, PAROTIDITIS (TRIPLE VIRICA);12 meses;1;2019-01-01;2019-12-31;15047;14465;96.13;2022-11-28
2020;CYL;SARAMPION, RUBEOLA, PAROTIDITIS (TRIPLE VIRICA);3 años;2;2017-01-01;2017-12-31;16039;15020;93.65;2022-11-28
2020;CYL;NEUMOCOCICA PS 23 VALENTE;66 años;1;1954-01-01;1954-12-31;29822;13205;44.28;2022-11-28
2020;CYL;DTPa+Hib+POLIO+HB (HEXAVALENTE);2 meses;1;2019-11-01;2020-10-31;14993;14465;96.48;2022-11-28
2020;CYL;NEUMOCOCICA CONJ 13 VALENTE;2 meses;1;2019-11-01;2020-10-31;14993;14470;96.51;2022-11-28
2020;CYL;DTPa+Hib+POLIO+HB (HEXAVALENTE);4 meses;2;2019-09-01;2020-08-31;14956;14267;95.39;2022-11-28
2020;CYL;MENINGOCOCO B;12 meses;3;2019-01-01;2019-12-31;15047;13980;92.91;2022-11-28
2020;CYL;VARICELA;3 años;2;2017-01-01;2017-12-31;16039;14835;92.49;2022-11-28
2020;CYL;MENINGOCOCO B;5 meses;2;2019-08-01;2020-07-31;15019;14260;94.95;2022-11-28
2020;CYL;MENINGOCOCO CONJUGADA ACWY;12 meses;2;2019-01-01;2019-12-31;15047;14361;95.44;2022-11-28
2020;CYL;MENINGOCOCO CONJUGADA ACWY;12 años;1;2008-01-01;2008-12-31;21642;19657;90.83;2022-11-28
2020;CYL;TETANOS, DIFTERIA tipo adulto (Td);14 años;1;2006-01-01;2006-12-31;20729;18275;88.16;2022-11-28
2020;CYL;NEUMOCOCICA CONJ 13 VALENTE;65 años;1;1955-01-01;1955-12-31;31224;15205;48.7;2022-11-28
2020;LEÓN;DTPa+Hib+POLIO+HB (HEXAVALENTE);2 meses;1;2019-11-01;2020-10-31;2611;2430;93.07;2022-11-28
2020;LEÓN;MENINGOCOCO CONJUGADA ACWY;12 meses;2;2019-01-01;2019-12-31;2559;2367;92.5;2022-11-28
2020;LEÓN;MENINGOCOCO CONJUGADA ACWY;14 años;1;2006-01-01;2006-12-31;3429;2868;83.64;2022-11-28
2020;LEÓN;NEUMOCOCICA CONJ 13 VALENTE;65 años;1;1955-01-01;1955-12-31;6419;3023;47.09;2022-11-28
2020;LEÓN;DTPa+Hib+POLIO+HB (HEXAVALENTE);4 meses;2;2019-09-01;2020-08-31;2575;2367;91.92;2022-11-28
2020;LEÓN;SARAMPION, RUBEOLA, PAROTIDITIS (TRIPLE VIRICA);3 años;2;2017-01-01;2017-12-31;2765;2539;91.83;2022-11-28
2020;LEÓN;MENINGOCOCO B;5 meses;2;2019-08-01;2020-07-31;2597;2380;91.64;2022-11-28
2020;LEÓN;NEUMOCOCICA CONJ 13 VALENTE;11 meses;3;2019-02-01;2020-01-31;2592;2332;89.97;2022-11-28
2020;LEÓN;SARAMPION, RUBEOLA, PAROTIDITIS (TRIPLE VIRICA);12 meses;1;2019-01-01;2019-12-31;2559;2389;93.36;2022-11-28
2020;LEÓN;DIFTERIA, TETANOS, TOSFERINA ACELULAR baja carga antigénica (dTpa);6 años;1;2014-01-01;2014-12-31;3036;2782;91.63;2022-11-28
2020;LEÓN;MENINGOCOCO CONJUGADA C;4 meses;1;2019-09-01;2020-08-31;2575;2359;91.61;2022-11-28
2020;LEÓN;DTPa+Hib+POLIO+HB (HEXAVALENTE);11 meses;3;2019-02-01;2020-01-31;2592;2341;90.32;2022-11-28
2020;LEÓN;NEUMOCOCICA CONJ 13 VALENTE;2 meses;1;2019-11-01;2020-10-31;2611;2432;93.14;2022-11-28
2020;LEÓN;VARICELA;3 años;2;2017-01-01;2017-12-31;2765;2511;90.81;2022-11-28
2020;LEÓN;NEUMOCOCICA PS 23 VALENTE;66 años;1;1954-01-01;1954-12-31;6054;2400;39.64;2022-11-28
2020;LEÓN;NEUMOCOCICA CONJ 13 VALENTE;4 meses;2;2019-09-01;2020-08-31;2575;2368;91.96;2022-11-28
2020;LEÓN;MENINGOCOCO CONJUGADA ACWY;12 años;1;2008-01-01;2008-12-31;3567;3257;91.31;2022-11-28
2020;LEÓN;VPH 9VALENTE;12 años;2;2008-01-01;2008-12-31;1748;1593;91.13;2022-11-28
2020;LEÓN;VPH 9VALENTE;12 años;1;2008-01-01;2008-12-31;1739;1593;91.6;2022-11-28
2020;LEÓN;MENINGOCOCO B;3 meses;1;2019-10-01;2020-09-30;2595;2409;92.83;2022-11-28
2020;LEÓN;MENINGOCOCO B;12 meses;3;2019-01-01;2019-12-31;2559;2268;88.63;2022-11-28
2020;LEÓN;VARICELA;15 meses;1;2018-10-01;2019-09-30;2585;2420;93.62;2022-11-28
2020;LEÓN;TETANOS, DIFTERIA tipo adulto (Td);14 años;1;2006-01-01;2006-12-31;3429;3021;88.1;2022-11-28
2020;PALENCIA;DTPa+Hib+POLIO+HB (HEXAVALENTE);2 meses;1;2019-11-01;2020-10-31;991;983;99.19;2022-11-28
2020;PALENCIA;MENINGOCOCO CONJUGADA ACWY;12 meses;2;2019-01-01;2019-12-31;948;926;97.68;2022-11-28
2020;PALENCIA;VPH 9VALENTE;12 años;2;2008-01-01;2008-12-31;595;575;96.64;2022-11-28
2020;PALENCIA;NEUMOCOCICA CONJ 13 VALENTE;65 años;1;1955-01-01;1955-12-31;2378;1112;46.76;2022-11-28
2020;PALENCIA;NEUMOCOCICA PS 23 VALENTE;66 años;1;1954-01-01;1954-12-31;2128;948;44.55;2022-11-28
2020;PALENCIA;MENINGOCOCO CONJUGADA C;4 meses;1;2019-09-01;2020-08-31;989;976;98.69;2022-11-28
2020;PALENCIA;VPH 9VALENTE;12 años;1;2008-01-01;2008-12-31;592;575;97.13;2022-11-28
2020;PALENCIA;MENINGOCOCO B;12 meses;3;2019-01-01;2019-12-31;948;917;96.73;2022-11-28
2020;PALENCIA;MENINGOCOCO CONJUGADA ACWY;12 años;1;2008-01-01;2008-12-31;1249;1158;92.71;2022-11-28
2020;PALENCIA;MENINGOCOCO CONJUGADA ACWY;14 años;1;2006-01-01;2006-12-31;1283;1063;82.85;2022-11-28
2020;PALENCIA;NEUMOCOCICA CONJ 13 VALENTE;4 meses;2;2019-09-01;2020-08-31;989;975;98.58;2022-11-28
2020;PALENCIA;SARAMPION, RUBEOLA, PAROTIDITIS (TRIPLE VIRICA);3 años;2;2017-01-01;2017-12-31;1090;1065;97.71;2022-11-28
2020;PALENCIA;TETANOS, DIFTERIA tipo adulto (Td);14 años;1;2006-01-01;2006-12-31;1283;1145;89.24;2022-11-28
2020;PALENCIA;DTPa+Hib+POLIO+HB (HEXAVALENTE);4 meses;2;2019-09-01;2020-08-31;989;975;98.58;2022-11-28
2020;PALENCIA;NEUMOCOCICA CONJ 13 VALENTE;11 meses;3;2019-02-01;2020-01-31;949;932;98.21;2022-11-28
2020;PALENCIA;DIFTERIA, TETANOS, TOSFERINA ACELULAR baja carga antigénica (dTpa);6 años;1;2014-01-01;2014-12-31;1215;1173;96.54;2022-11-28
2020;PALENCIA;NEUMOCOCICA CONJ 13 VALENTE;2 meses;1;2019-11-01;2020-10-31;991;982;99.09;2022-11-28
2020;PALENCIA;MENINGOCOCO B;5 meses;2;2019-08-01;2020-07-31;1002;985;98.3;2022-11-28
2020;PALENCIA;SARAMPION, RUBEOLA, PAROTIDITIS (TRIPLE VIRICA);12 meses;1;2019-01-01;2019-12-31;948;927;97.78;2022-11-28
2020;PALENCIA;VARICELA;3 años;2;2017-01-01;2017-12-31;1090;1054;96.7;2022-11-28
2020;PALENCIA;MENINGOCOCO B;3 meses;1;2019-10-01;2020-09-30;988;971;98.28;2022-11-28
2020;PALENCIA;DTPa+Hib+POLIO+HB (HEXAVALENTE);11 meses;3;2019-02-01;2020-01-31;949;930;98.0;2022-11-28
2020;PALENCIA;VARICELA;15 meses;1;2018-10-01;2019-09-30;987;969;98.18;2022-11-28
2020;SALAMANCA;MENINGOCOCO CONJUGADA ACWY;12 meses;2;2019-01-01;2019-12-31;1953;1926;98.62;2022-11-28
2020;SALAMANCA;MENINGOCOCO CONJUGADA ACWY;12 años;1;2008-01-01;2008-12-31;2893;2736;94.57;2022-11-28
2020;SALAMANCA;VPH 9VALENTE;12 años;1;2008-01-01;2008-12-31;1369;1310;95.69;2022-11-28
2020;SALAMANCA;NEUMOCOCICA CONJ 13 VALENTE;11 meses;3;2019-02-01;2020-01-31;1932;1911;98.91;2022-11-28
2020;SALAMANCA;DIFTERIA, TETANOS, TOSFERINA ACELULAR baja carga antigénica (dTpa);6 años;1;2014-01-01;2014-12-31;2329;2237;96.05;2022-11-28
2020;SALAMANCA;MENINGOCOCO CONJUGADA ACWY;14 años;1;2006-01-01;2006-12-31;2721;2470;90.78;2022-11-28
2020;SALAMANCA;DTPa+Hib+POLIO+HB (HEXAVALENTE);2 meses;1;2019-11-01;2020-10-31;1930;1909;98.91;2022-11-28
2020;SALAMANCA;SARAMPION, RUBEOLA, PAROTIDITIS (TRIPLE VIRICA);12 meses;1;2019-01-01;2019-12-31;1953;1926;98.62;2022-11-28
2020;SALAMANCA;MENINGOCOCO B;3 meses;1;2019-10-01;2020-09-30;1972;1947;98.73;2022-11-28
2020;SALAMANCA;VARICELA;15 meses;1;2018-10-01;2019-09-30;1967;1932;98.22;2022-11-28
2020;SALAMANCA;SARAMPION, RUBEOLA, PAROTIDITIS (TRIPLE VIRICA);3 años;2;2017-01-01;2017-12-31;2041;1977;96.86;2022-11-28
2020;SALAMANCA;MENINGOCOCO B;5 meses;2;2019-08-01;2020-07-31;1956;1926;98.47;2022-11-28
2020;SALAMANCA;NEUMOCOCICA CONJ 13 VALENTE;65 años;1;1955-01-01;1955-12-31;4147;1546;37.28;2022-11-28
2020;SALAMANCA;MENINGOCOCO B;12 meses;3;2019-01-01;2019-12-31;1953;1913;97.95;2022-11-28
2020;SALAMANCA;TETANOS, DIFTERIA tipo adulto (Td);14 años;1;2006-01-01;2006-12-31;2721;2523;92.72;2022-11-28
2020;SALAMANCA;NEUMOCOCICA PS 23 VALENTE;66 años;1;1954-01-01;1954-12-31;4063;1533;37.73;2022-11-28
2020;SALAMANCA;NEUMOCOCICA CONJ 13 VALENTE;2 meses;1;2019-11-01;2020-10-31;1930;1911;99.02;2022-11-28
2020;SALAMANCA;MENINGOCOCO CONJUGADA C;4 meses;1;2019-09-01;2020-08-31;1953;1921;98.36;2022-11-28
2020;SALAMANCA;VPH 9VALENTE;12 años;2;2008-01-01;2008-12-31;1383;1310;94.72;2022-11-28
2020;SALAMANCA;DTPa+Hib+POLIO+HB (HEXAVALENTE);4 meses;2;2019-09-01;2020-08-31;1953;1926;98.62;2022-11-28
2020;SALAMANCA;NEUMOCOCICA CONJ 13 VALENTE;4 meses;2;2019-09-01;2020-08-31;1953;1930;98.82;2022-11-28
2020;SALAMANCA;DTPa+Hib+POLIO+HB (HEXAVALENTE);11 meses;3;2019-02-01;2020-01-31;1932;1910;98.86;2022-11-28
2020;SALAMANCA;VARICELA;3 años;2;2017-01-01;2017-12-31;2041;1961;96.08;2022-11-28
2020;SEGOVIA;NEUMOCOCICA CONJ 13 VALENTE;2 meses;1;2019-11-01;2020-10-31;997;979;98.19;2022-11-28
2020;SEGOVIA;NEUMOCOCICA CONJ 13 VALENTE;11 meses;3;2019-02-01;2020-01-31;1057;1016;96.12;2022-11-28
2020;SEGOVIA;VARICELA;15 meses;1;2018-10-01;2019-09-30;1088;1042;95.77;2022-11-28
2020;SEGOVIA;MENINGOCOCO B;3 meses;1;2019-10-01;2020-09-30;1003;982;97.91;2022-11-28
2020;SEGOVIA;DTPa+Hib+POLIO+HB (HEXAVALENTE);2 meses;1;2019-11-01;2020-10-31;997;980;98.29;2022-11-28
2020;SEGOVIA;DTPa+Hib+POLIO+HB (HEXAVALENTE);11 meses;3;2019-02-01;2020-01-31;1057;1018;96.31;2022-11-28
2020;SEGOVIA;SARAMPION, RUBEOLA, PAROTIDITIS (TRIPLE VIRICA);12 meses;1;2019-01-01;2019-12-31;1071;1040;97.11;2022-11-28
2020;SEGOVIA;MENINGOCOCO CONJUGADA ACWY;12 años;1;2008-01-01;2008-12-31;1562;1356;86.81;2022-11-28
2020;SEGOVIA;VPH 9VALENTE;12 años;1;2008-01-01;2008-12-31;747;653;87.42;2022-11-28
2020;SEGOVIA;NEUMOCOCICA CONJ 13 VALENTE;4 meses;2;2019-09-01;2020-08-31;991;972;98.08;2022-11-28
2020;SEGOVIA;SARAMPION, RUBEOLA, PAROTIDITIS (TRIPLE VIRICA);3 años;2;2017-01-01;2017-12-31;1140;1041;91.32;2022-11-28
2020;SEGOVIA;DIFTERIA, TETANOS, TOSFERINA ACELULAR baja carga antigénica (dTpa);6 años;1;2014-01-01;2014-12-31;1369;1219;89.04;2022-11-28
2020;SEGOVIA;VPH 9VALENTE;12 años;2;2008-01-01;2008-12-31;754;653;86.6;2022-11-28
2020;SEGOVIA;MENINGOCOCO CONJUGADA ACWY;14 años;1;2006-01-01;2006-12-31;1498;1105;73.77;2022-11-28
2020;SEGOVIA;DTPa+Hib+POLIO+HB (HEXAVALENTE);4 meses;2;2019-09-01;2020-08-31;991;972;98.08;2022-11-28
2020;SEGOVIA;MENINGOCOCO B;5 meses;2;2019-08-01;2020-07-31;997;960;96.29;2022-11-28
2020;SEGOVIA;NEUMOCOCICA CONJ 13 VALENTE;65 años;1;1955-01-01;1955-12-31;1749;829;47.4;2022-11-28
2020;SEGOVIA;MENINGOCOCO B;12 meses;3;2019-01-01;2019-12-31;1071;986;92.06;2022-11-28
2020;SEGOVIA;MENINGOCOCO CONJUGADA ACWY;12 meses;2;2019-01-01;2019-12-31;1071;1027;95.89;2022-11-28
2020;SEGOVIA;VARICELA;3 años;2;2017-01-01;2017-12-31;1140;1020;89.47;2022-11-28
2020;SEGOVIA;TETANOS, DIFTERIA tipo adulto (Td);14 años;1;2006-01-01;2006-12-31;1498;1232;82.24;2022-11-28
2020;SEGOVIA;NEUMOCOCICA PS 23 VALENTE;66 años;1;1954-01-01;1954-12-31;1587;694;43.73;2022-11-28
2020;SEGOVIA;MENINGOCOCO CONJUGADA C;4 meses;1;2019-09-01;2020-08-31;991;962;97.07;2022-11-28
2020;SORIA;VARICELA;3 años;2;2017-01-01;2017-12-31;648;597;92.13;2022-11-28
2020;SORIA;DIFTERIA, TETANOS, TOSFERINA ACELULAR baja carga antigénica (dTpa);6 años;1;2014-01-01;2014-12-31;669;621;92.83;2022-11-28
2020;SORIA;VPH 9VALENTE;12 años;2;2008-01-01;2008-12-31;399;372;93.23;2022-11-28
2020;SORIA;MENINGOCOCO CONJUGADA ACWY;14 años;1;2006-01-01;2006-12-31;761;667;87.65;2022-11-28
2020;SORIA;MENINGOCOCO CONJUGADA ACWY;12 años;1;2008-01-01;2008-12-31;788;737;93.53;2022-11-28
2020;SORIA;TETANOS, DIFTERIA tipo adulto (Td);14 años;1;2006-01-01;2006-12-31;761;698;91.72;2022-11-28
2020;SORIA;DTPa+Hib+POLIO+HB (HEXAVALENTE);2 meses;1;2019-11-01;2020-10-31;637;616;96.7;2022-11-28
2020;SORIA;NEUMOCOCICA CONJ 13 VALENTE;11 meses;3;2019-02-01;2020-01-31;614;588;95.77;2022-11-28
2020;SORIA;MENINGOCOCO CONJUGADA ACWY;12 meses;2;2019-01-01;2019-12-31;626;597;95.37;2022-11-28
2020;SORIA;DTPa+Hib+POLIO+HB (HEXAVALENTE);4 meses;2;2019-09-01;2020-08-31;619;599;96.77;2022-11-28
2020;SORIA;NEUMOCOCICA CONJ 13 VALENTE;4 meses;2;2019-09-01;2020-08-31;619;598;96.61;2022-11-28
2020;SORIA;SARAMPION, RUBEOLA, PAROTIDITIS (TRIPLE VIRICA);3 años;2;2017-01-01;2017-12-31;648;613;94.6;2022-11-28
2020;SORIA;MENINGOCOCO CONJUGADA C;4 meses;1;2019-09-01;2020-08-31;619;594;95.96;2022-11-28
2020;SORIA;MENINGOCOCO B;12 meses;3;2019-01-01;2019-12-31;626;583;93.13;2022-11-28
2020;SORIA;NEUMOCOCICA CONJ 13 VALENTE;65 años;1;1955-01-01;1955-12-31;998;550;55.11;2022-11-28
2020;SORIA;NEUMOCOCICA CONJ 13 VALENTE;2 meses;1;2019-11-01;2020-10-31;637;615;96.55;2022-11-28
2020;SORIA;MENINGOCOCO B;3 meses;1;2019-10-01;2020-09-30;631;607;96.2;2022-11-28
2020;SORIA;MENINGOCOCO B;5 meses;2;2019-08-01;2020-07-31;611;588;96.24;2022-11-28
2020;SORIA;DTPa+Hib+POLIO+HB (HEXAVALENTE);11 meses;3;2019-02-01;2020-01-31;614;587;95.6;2022-11-28
2020;SORIA;VPH 9VALENTE;12 años;1;2008-01-01;2008-12-31;400;372;93.0;2022-11-28
2020;SORIA;SARAMPION, RUBEOLA, PAROTIDITIS (TRIPLE VIRICA);12 meses;1;2019-01-01;2019-12-31;626;601;96.01;2022-11-28
2020;SORIA;VARICELA;15 meses;1;2018-10-01;2019-09-30;619;590;95.32;2022-11-28
2020;SORIA;NEUMOCOCICA PS 23 VALENTE;66 años;1;1954-01-01;1954-12-31;960;496;51.67;2022-11-28
2020;VALLADOLID;NEUMOCOCICA CONJ 13 VALENTE;4 meses;2;2019-09-01;2020-08-31;3657;3390;92.7;2022-11-28
2020;VALLADOLID;MENINGOCOCO CONJUGADA ACWY;12 meses;2;2019-01-01;2019-12-31;3509;3291;93.79;2022-11-28
2020;VALLADOLID;SARAMPION, RUBEOLA, PAROTIDITIS (TRIPLE VIRICA);3 años;2;2017-01-01;2017-12-31;3879;3511;90.51;2022-11-28
2020;VALLADOLID;NEUMOCOCICA CONJ 13 VALENTE;65 años;1;1955-01-01;1955-12-31;6627;3130;47.23;2022-11-28
2020;VALLADOLID;NEUMOCOCICA PS 23 VALENTE;66 años;1;1954-01-01;1954-12-31;6399;2919;45.62;2022-11-28
2020;VALLADOLID;VARICELA;3 años;2;2017-01-01;2017-12-31;3879;3458;89.15;2022-11-28
2020;VALLADOLID;VPH 9VALENTE;12 años;2;2008-01-01;2008-12-31;2598;2361;90.88;2022-11-28
2020;VALLADOLID;TETANOS, DIFTERIA tipo adulto (Td);14 años;1;2006-01-01;2006-12-31;5186;4426;85.35;2022-11-28
2020;VALLADOLID;MENINGOCOCO CONJUGADA ACWY;12 años;1;2008-01-01;2008-12-31;5303;4719;88.99;2022-11-28
2020;VALLADOLID;MENINGOCOCO CONJUGADA ACWY;14 años;1;2006-01-01;2006-12-31;5186;4007;77.27;2022-11-28
2020;VALLADOLID;MENINGOCOCO B;3 meses;1;2019-10-01;2020-09-30;3670;3472;94.6;2022-11-28
2020;VALLADOLID;DTPa+Hib+POLIO+HB (HEXAVALENTE);4 meses;2;2019-09-01;2020-08-31;3657;3387;92.62;2022-11-28
2020;VALLADOLID;MENINGOCOCO CONJUGADA C;4 meses;1;2019-09-01;2020-08-31;3657;3368;92.1;2022-11-28
2020;VALLADOLID;MENINGOCOCO B;12 meses;3;2019-01-01;2019-12-31;3509;3192;90.97;2022-11-28
2020;VALLADOLID;VARICELA;15 meses;1;2018-10-01;2019-09-30;3529;3327;94.28;2022-11-28
2020;VALLADOLID;DIFTERIA, TETANOS, TOSFERINA ACELULAR baja carga antigénica (dTpa);6 años;1;2014-01-01;2014-12-31;4522;4098;90.62;2022-11-28
2020;VALLADOLID;DTPa+Hib+POLIO+HB (HEXAVALENTE);2 meses;1;2019-11-01;2020-10-31;3677;3484;94.75;2022-11-28
2020;VALLADOLID;NEUMOCOCICA CONJ 13 VALENTE;2 meses;1;2019-11-01;2020-10-31;3677;3489;94.89;2022-11-28
2020;VALLADOLID;MENINGOCOCO B;5 meses;2;2019-08-01;2020-07-31;3623;3339;92.16;2022-11-28
2020;VALLADOLID;DTPa+Hib+POLIO+HB (HEXAVALENTE);11 meses;3;2019-02-01;2020-01-31;3548;3278;92.39;2022-11-28
2020;VALLADOLID;NEUMOCOCICA CONJ 13 VALENTE;11 meses;3;2019-02-01;2020-01-31;3548;3275;92.31;2022-11-28
2020;VALLADOLID;SARAMPION, RUBEOLA, PAROTIDITIS (TRIPLE VIRICA);12 meses;1;2019-01-01;2019-12-31;3509;3329;94.87;2022-11-28
2020;VALLADOLID;VPH 9VALENTE;12 años;1;2008-01-01;2008-12-31;2584;2361;91.37;2022-11-28
2020;ZAMORA;DTPa+Hib+POLIO+HB (HEXAVALENTE);4 meses;2;2019-09-01;2020-08-31;853;832;97.54;2022-11-28
2020;ZAMORA;NEUMOCOCICA CONJ 13 VALENTE;4 meses;2;2019-09-01;2020-08-31;853;832;97.54;2022-11-28
2020;ZAMORA;MENINGOCOCO B;12 meses;3;2019-01-01;2019-12-31;880;839;95.34;2022-11-28
2020;ZAMORA;SARAMPION, RUBEOLA, PAROTIDITIS (TRIPLE VIRICA);12 meses;1;2019-01-01;2019-12-31;880;859;97.61;2022-11-28
2020;ZAMORA;VPH 9VALENTE;12 años;2;2008-01-01;2008-12-31;631;612;96.99;2022-11-28
2020;ZAMORA;DTPa+Hib+POLIO+HB (HEXAVALENTE);2 meses;1;2019-11-01;2020-10-31;826;812;98.31;2022-11-28
2020;ZAMORA;NEUMOCOCICA CONJ 13 VALENTE;2 meses;1;2019-11-01;2020-10-31;826;811;98.18;2022-11-28
2020;ZAMORA;SARAMPION, RUBEOLA, PAROTIDITIS (TRIPLE VIRICA);3 años;2;2017-01-01;2017-12-31;899;862;95.88;2022-11-28
2020;ZAMORA;VARICELA;15 meses;1;2018-10-01;2019-09-30;861;841;97.68;2022-11-28
2020;ZAMORA;VARICELA;3 años;2;2017-01-01;2017-12-31;899;862;95.88;2022-11-28
2020;ZAMORA;VPH 9VALENTE;12 años;1;2008-01-01;2008-12-31;631;612;96.99;2022-11-28
2020;ZAMORA;MENINGOCOCO CONJUGADA ACWY;12 años;1;2008-01-01;2008-12-31;1246;1181;94.78;2022-11-28
2020;ZAMORA;TETANOS, DIFTERIA tipo adulto (Td);14 años;1;2006-01-01;2006-12-31;1228;1141;92.92;2022-11-28
2020;ZAMORA;MENINGOCOCO B;5 meses;2;2019-08-01;2020-07-31;840;820;97.62;2022-11-28
2020;ZAMORA;MENINGOCOCO CONJUGADA ACWY;14 años;1;2006-01-01;2006-12-31;1228;1079;87.87;2022-11-28
2020;ZAMORA;NEUMOCOCICA PS 23 VALENTE;66 años;1;1954-01-01;1954-12-31;2326;1151;49.48;2022-11-28
2020;ZAMORA;MENINGOCOCO B;3 meses;1;2019-10-01;2020-09-30;851;833;97.88;2022-11-28
2020;ZAMORA;DIFTERIA, TETANOS, TOSFERINA ACELULAR baja carga antigénica (dTpa);6 años;1;2014-01-01;2014-12-31;1028;978;95.14;2022-11-28
2020;ZAMORA;MENINGOCOCO CONJUGADA C;4 meses;1;2019-09-01;2020-08-31;853;830;97.3;2022-11-28
2020;ZAMORA;NEUMOCOCICA CONJ 13 VALENTE;65 años;1;1955-01-01;1955-12-31;2390;1625;67.99;2022-11-28
2020;ZAMORA;DTPa+Hib+POLIO+HB (HEXAVALENTE);11 meses;3;2019-02-01;2020-01-31;859;831;96.74;2022-11-28
2020;ZAMORA;NEUMOCOCICA CONJ 13 VALENTE;11 meses;3;2019-02-01;2020-01-31;859;829;96.51;2022-11-28
2020;ZAMORA;MENINGOCOCO CONJUGADA ACWY;12 meses;2;2019-01-01;2019-12-31;880;850;96.59;2022-11-28
2019;ÁVILA;TETANOS, DIFTERIA tipo adulto (Td);14 años;1;2005-01-01;2005-12-31;1390;1212;87.19;2022-11-28
2019;ÁVILA;NEUMOCOCICA CONJ 13 VALENTE;65 años;1;1954-01-01;1954-12-31;1847;1087;58.85;2022-11-28
2019;ÁVILA;MENINGOCOCO CONJUGADA ACWY;12 meses;2;2018-01-01;2018-12-31;979;934;95.4;2022-11-28
2019;ÁVILA;SARAMPION, RUBEOLA, PAROTIDITIS (TRIPLE VIRICA);12 meses;1;2018-01-01;2018-12-31;979;953;97.34;2022-11-28
2019;ÁVILA;VARICELA;3 años;2;2016-01-01;2016-12-31;1124;1044;92.88;2022-11-28
2019;ÁVILA;DTPa+Hib+POLIO+HB (HEXAVALENTE);2 meses;1;2018-11-01;2019-10-31;965;949;98.34;2022-11-28
2019;ÁVILA;NEUMOCOCICA CONJ 13 VALENTE;2 meses;1;2018-11-01;2019-10-31;965;949;98.34;2022-11-28
2019;ÁVILA;MENINGOCOCO B;3 meses;1;2018-10-01;2019-09-30;722;701;97.09;2022-11-28
2019;ÁVILA;MENINGOCOCO B;5 meses;2;2018-08-01;2019-07-31;557;533;95.69;2022-11-28
2019;ÁVILA;VPH 9VALENTE;12 años;1;2007-01-01;2007-12-31;670;614;91.64;2022-11-28
2019;ÁVILA;NEUMOCOCICA PS 23 VALENTE;66 años;1;1953-01-01;1953-12-31;1781;911;51.15;2022-11-28
2019;ÁVILA;DTPa+Hib+POLIO+HB (HEXAVALENTE);4 meses;2;2018-09-01;2019-08-31;966;930;96.27;2022-11-28
2019;ÁVILA;DTPa+Hib+POLIO+HB (HEXAVALENTE);11 meses;3;2018-02-01;2019-01-31;993;929;93.55;2022-11-28
2019;ÁVILA;NEUMOCOCICA CONJ 13 VALENTE;11 meses;3;2018-02-01;2019-01-31;993;930;93.66;2022-11-28
2019;ÁVILA;SARAMPION, RUBEOLA, PAROTIDITIS (TRIPLE VIRICA);3 años;2;2016-01-01;2016-12-31;1124;1067;94.93;2022-11-28
2019;ÁVILA;DIFTERIA, TETANOS, TOSFERINA ACELULAR baja carga antigénica (dTpa);6 años;1;2013-01-01;2013-12-31;1169;1074;91.87;2022-11-28
2019;ÁVILA;MENINGOCOCO CONJUGADA ACWY;12 años;1;2007-01-01;2007-12-31;1389;1231;88.62;2022-11-28
2019;ÁVILA;MENINGOCOCO CONJUGADA C;4 meses;1;2018-09-01;2019-08-31;966;924;95.65;2022-11-28
2019;ÁVILA;NEUMOCOCICA CONJ 13 VALENTE;4 meses;2;2018-09-01;2019-08-31;966;934;96.69;2022-11-28
2019;ÁVILA;VARICELA;15 meses;1;2017-10-01;2018-09-30;1029;987;95.92;2022-11-28
2019;ÁVILA;VPH 9VALENTE;12 años;2;2007-01-01;2007-12-31;677;614;90.69;2022-11-28
2019;BURGOS;VPH 9VALENTE;12 años;1;2007-01-01;2007-12-31;1592;1480;92.96;2022-11-28
2019;BURGOS;NEUMOCOCICA CONJ 13 VALENTE;2 meses;1;2018-11-01;2019-10-31;2480;2462;99.27;2022-11-28
2019;BURGOS;MENINGOCOCO CONJUGADA ACWY;12 meses;2;2018-01-01;2018-12-31;2429;2351;96.79;2022-11-28
2019;BURGOS;VPH 9VALENTE;12 años;2;2007-01-01;2007-12-31;1594;1480;92.85;2022-11-28
2019;BURGOS;NEUMOCOCICA CONJ 13 VALENTE;4 meses;2;2018-09-01;2019-08-31;2496;2460;98.56;2022-11-28
2019;BURGOS;NEUMOCOCICA CONJ 13 VALENTE;11 meses;3;2018-02-01;2019-01-31;2431;2371;97.53;2022-11-28
2019;BURGOS;NEUMOCOCICA PS 23 VALENTE;66 años;1;1953-01-01;1953-12-31;4466;2275;50.94;2022-11-28
2019;BURGOS;MENINGOCOCO B;3 meses;1;2018-10-01;2019-09-30;1902;1881;98.9;2022-11-28
2019;BURGOS;DTPa+Hib+POLIO+HB (HEXAVALENTE);4 meses;2;2018-09-01;2019-08-31;2496;2457;98.44;2022-11-28
2019;BURGOS;MENINGOCOCO B;5 meses;2;2018-08-01;2019-07-31;1446;1418;98.06;2022-11-28
2019;BURGOS;SARAMPION, RUBEOLA, PAROTIDITIS (TRIPLE VIRICA);3 años;2;2016-01-01;2016-12-31;2658;2566;96.54;2022-11-28
2019;BURGOS;NEUMOCOCICA CONJ 13 VALENTE;65 años;1;1954-01-01;1954-12-31;4473;2470;55.22;2022-11-28
2019;BURGOS;VARICELA;15 meses;1;2017-10-01;2018-09-30;2425;2357;97.2;2022-11-28
2019;BURGOS;DIFTERIA, TETANOS, TOSFERINA ACELULAR baja carga antigénica (dTpa);6 años;1;2013-01-01;2013-12-31;3042;2866;94.21;2022-11-28
2019;BURGOS;MENINGOCOCO CONJUGADA ACWY;12 años;1;2007-01-01;2007-12-31;3274;3057;93.37;2022-11-28
2019;BURGOS;MENINGOCOCO CONJUGADA C;4 meses;1;2018-09-01;2019-08-31;2496;2454;98.32;2022-11-28
2019;BURGOS;SARAMPION, RUBEOLA, PAROTIDITIS (TRIPLE VIRICA);12 meses;1;2018-01-01;2018-12-31;2429;2378;97.9;2022-11-28
2019;BURGOS;VARICELA;3 años;2;2016-01-01;2016-12-31;2658;2532;95.26;2022-11-28
2019;BURGOS;TETANOS, DIFTERIA tipo adulto (Td);14 años;1;2005-01-01;2005-12-31;3223;2915;90.44;2022-11-28
2019;BURGOS;DTPa+Hib+POLIO+HB (HEXAVALENTE);2 meses;1;2018-11-01;2019-10-31;2480;2463;99.31;2022-11-28
2019;BURGOS;DTPa+Hib+POLIO+HB (HEXAVALENTE);11 meses;3;2018-02-01;2019-01-31;2431;2367;97.37;2022-11-28
2019;CYL;DTPa+Hib+POLIO+HB (HEXAVALENTE);4 meses;2;2018-09-01;2019-08-31;15111;14688;97.2;2022-11-28
2019;CYL;VARICELA;15 meses;1;2017-10-01;2018-09-30;15663;15126;96.57;2022-11-28
2019;CYL;NEUMOCOCICA PS 23 VALENTE;66 años;1;1953-01-01;1953-12-31;29837;14117;47.31;2022-11-28
2019;CYL;MENINGOCOCO B;3 meses;1;2018-10-01;2019-09-30;11262;10974;97.44;2022-11-28
2019;CYL;NEUMOCOCICA CONJ 13 VALENTE;4 meses;2;2018-09-01;2019-08-31;15111;14694;97.24;2022-11-28
2019;CYL;TETANOS, DIFTERIA tipo adulto (Td);14 años;1;2005-01-01;2005-12-31;20250;17944;88.61;2022-11-28
2019;CYL;ARAMPION, RUBEOLA, PAROTIDITIS (TRIPLE VIRICA);12 meses;1;2018-01-01;2018-12-31;15504;15084;97.29;2022-11-28
2019;CYL;DIFTERIA, TETANOS, TOSFERINA ACELULAR baja carga antigénica (dTpa);6 años;1;2013-01-01;2013-12-31;18031;16830;93.34;2022-11-28
2019;CYL;MENINGOCOCO CONJUGADA ACWY;12 meses;2;2018-01-01;2018-12-31;15504;14883;95.99;2022-11-28
2019;CYL;VARICELA;3 años;2;2016-01-01;2016-12-31;16838;15833;94.03;2022-11-28
2019;CYL;VPH 9VALENTE;12 años;1;2007-01-01;2007-12-31;19791;18360;92.77;2022-11-28
2019;CYL;DTPa+Hib+POLIO+HB (HEXAVALENTE);2 meses;1;2018-11-01;2019-10-31;14926;14621;97.96;2022-11-28
2019;CYL;NEUMOCOCICA CONJ 13 VALENTE;11 meses;3;2018-02-01;2019-01-31;15498;14844;95.78;2022-11-28
2019;CYL;MENINGOCOCO CONJUGADA C;4 meses;1;2018-09-01;2019-08-31;15111;14618;96.74;2022-11-28
2019;CYL;MENINGOCOCO CONJUGADA ACWY;12 años;1;2007-01-01;2007-12-31;20513;18995;92.6;2022-11-28
2019;CYL;DTPa+Hib+POLIO+HB (HEXAVALENTE);11 meses;3;2018-02-01;2019-01-31;15498;14828;95.68;2022-11-28
2019;CYL;NEUMOCOCICA CONJ 13 VALENTE;2 meses;1;2018-11-01;2019-10-31;14926;14622;97.96;2022-11-28
2019;CYL;MENINGOCOCO B;5 meses;2;2018-08-01;2019-07-31;8789;8464;96.3;2022-11-28
2019;CYL;SARAMPION, RUBEOLA, PAROTIDITIS (TRIPLE VIRICA);3 años;2;2016-01-01;2016-12-31;16838;16055;95.35;2022-11-28
2019;CYL;NEUMOCOCICA CONJ 13 VALENTE;65 años;1;1954-01-01;1954-12-31;29860;15570;52.14;2022-11-28
2019;LEÓN;NEUMOCOCICA CONJ 13 VALENTE;4 meses;2;2018-09-01;2019-08-31;2591;2451;94.6;2022-11-28
2019;LEÓN;DTPa+Hib+POLIO+HB (HEXAVALENTE);2 meses;1;2018-11-01;2019-10-31;2529;2413;95.41;2022-11-28
2019;LEÓN;MENINGOCOCO B;3 meses;1;2018-10-01;2019-09-30;1911;1805;94.45;2022-11-28
2019;LEÓN;VPH 9VALENTE;12 años;1;2007-01-01;2007-12-31;1733;1592;91.86;2022-11-28
2019;LEÓN;VPH 9VALENTE;12 años;2;2007-01-01;2007-12-31;1735;1592;91.76;2022-11-28
2019;LEÓN;NEUMOCOCICA PS 23 VALENTE;66 años;1;1953-01-01;1953-12-31;5835;2564;43.94;2022-11-28
2019;LEÓN;MENINGOCOCO CONJUGADA C;4 meses;1;2018-09-01;2019-08-31;2591;2425;93.59;2022-11-28
2019;LEÓN;VARICELA;3 años;2;2016-01-01;2016-12-31;2950;2666;90.37;2022-11-28
2019;LEÓN;NEUMOCOCICA CONJ 13 VALENTE;2 meses;1;2018-11-01;2019-10-31;2529;2413;95.41;2022-11-28
2019;LEÓN;MENINGOCOCO B;5 meses;2;2018-08-01;2019-07-31;1460;1350;92.47;2022-11-28
2019;LEÓN;DTPa+Hib+POLIO+HB (HEXAVALENTE);11 meses;3;2018-02-01;2019-01-31;2711;2494;92.0;2022-11-28
2019;LEÓN;NEUMOCOCICA CONJ 13 VALENTE;11 meses;3;2018-02-01;2019-01-31;2711;2495;92.03;2022-11-28
2019;LEÓN;SARAMPION, RUBEOLA, PAROTIDITIS (TRIPLE VIRICA);12 meses;1;2018-01-01;2018-12-31;2750;2617;95.16;2022-11-28
2019;LEÓN;VARICELA;15 meses;1;2017-10-01;2018-09-30;2786;2625;94.22;2022-11-28
2019;LEÓN;NEUMOCOCICA CONJ 13 VALENTE;65 años;1;1954-01-01;1954-12-31;6055;3039;50.19;2022-11-28
2019;LEÓN;DTPa+Hib+POLIO+HB (HEXAVALENTE);4 meses;2;2018-09-01;2019-08-31;2591;2456;94.79;2022-11-28
2019;LEÓN;MENINGOCOCO CONJUGADA ACWY;12 años;1;2007-01-01;2007-12-31;3539;3246;91.72;2022-11-28
2019;LEÓN;MENINGOCOCO CONJUGADA ACWY;12 meses;2;2018-01-01;2018-12-31;2750;2569;93.42;2022-11-28
2019;LEÓN;SARAMPION, RUBEOLA, PAROTIDITIS (TRIPLE VIRICA);3 años;2;2016-01-01;2016-12-31;2950;2709;91.83;2022-11-28
2019;LEÓN;TETANOS, DIFTERIA tipo adulto (Td);14 años;1;2005-01-01;2005-12-31;3284;2803;85.35;2022-11-28
2019;LEÓN;DIFTERIA, TETANOS, TOSFERINA ACELULAR baja carga antigénica (dTpa);6 años;1;2013-01-01;2013-12-31;3052;2776;90.96;2022-11-28
2019;PALENCIA;MENINGOCOCO CONJUGADA ACWY;12 meses;2;2018-01-01;2018-12-31;1003;977;97.41;2022-11-28
2019;PALENCIA;SARAMPION, RUBEOLA, PAROTIDITIS (TRIPLE VIRICA);3 años;2;2016-01-01;2016-12-31;1063;1047;98.49;2022-11-28
2019;PALENCIA;DTPa+Hib+POLIO+HB (HEXAVALENTE);2 meses;1;2018-11-01;2019-10-31;986;984;99.8;2022-11-28
2019;PALENCIA;MENINGOCOCO CONJUGADA C;4 meses;1;2018-09-01;2019-08-31;986;983;99.7;2022-11-28
2019;PALENCIA;VARICELA;3 años;2;2016-01-01;2016-12-31;1063;1037;97.55;2022-11-28
2019;PALENCIA;MENINGOCOCO B;3 meses;1;2018-10-01;2019-09-30;711;710;99.86;2022-11-28
2019;PALENCIA;NEUMOCOCICA CONJ 13 VALENTE;11 meses;3;2018-02-01;2019-01-31;1003;986;98.31;2022-11-28
2019;PALENCIA;SARAMPION, RUBEOLA, PAROTIDITIS (TRIPLE VIRICA);12 meses;1;2018-01-01;2018-12-31;1003;988;98.5;2022-11-28
2019;PALENCIA;VARICELA;15 meses;1;2017-10-01;2018-09-30;993;976;98.29;2022-11-28
2019;PALENCIA;DIFTERIA, TETANOS, TOSFERINA ACELULAR baja carga antigénica (dTpa);6 años;1;2013-01-01;2013-12-31;1144;1103;96.42;2022-11-28
2019;PALENCIA;TETANOS, DIFTERIA tipo adulto (Td);14 años;1;2005-01-01;2005-12-31;1256;1081;86.07;2022-11-28
2019;PALENCIA;NEUMOCOCICA CONJ 13 VALENTE;65 años;1;1954-01-01;1954-12-31;2121;1110;52.33;2022-11-28
2019;PALENCIA;MENINGOCOCO B;5 meses;2;2018-08-01;2019-07-31;567;562;99.12;2022-11-28
2019;PALENCIA;DTPa+Hib+POLIO+HB (HEXAVALENTE);11 meses;3;2018-02-01;2019-01-31;1003;985;98.21;2022-11-28
2019;PALENCIA;VPH 9VALENTE;12 años;2;2007-01-01;2007-12-31;553;534;96.56;2022-11-28
2019;PALENCIA;VPH 9VALENTE;12 años;1;2007-01-01;2007-12-31;556;534;96.04;2022-11-28
2019;PALENCIA;NEUMOCOCICA CONJ 13 VALENTE;2 meses;1;2018-11-01;2019-10-31;986;984;99.8;2022-11-28
2019;PALENCIA;MENINGOCOCO CONJUGADA ACWY;12 años;1;2007-01-01;2007-12-31;1233;1151;93.35;2022-11-28
2019;PALENCIA;DTPa+Hib+POLIO+HB (HEXAVALENTE);4 meses;2;2018-09-01;2019-08-31;986;983;99.7;2022-11-28
2019;PALENCIA;NEUMOCOCICA CONJ 13 VALENTE;4 meses;2;2018-09-01;2019-08-31;986;984;99.8;2022-11-28
2019;PALENCIA;NEUMOCOCICA PS 23 VALENTE;66 años;1;1953-01-01;1953-12-31;2248;1054;46.89;2022-11-28
2019;SALAMANCA;DTPa+Hib+POLIO+HB (HEXAVALENTE);4 meses;2;2018-09-01;2019-08-31;1966;1953;99.34;2022-11-28
2019;SALAMANCA;MENINGOCOCO B;5 meses;2;2018-08-01;2019-07-31;1126;1118;99.29;2022-11-28
2019;SALAMANCA;DTPa+Hib+POLIO+HB (HEXAVALENTE);2 meses;1;2018-11-01;2019-10-31;1926;1920;99.69;2022-11-28
2019;SALAMANCA;VARICELA;15 meses;1;2017-10-01;2018-09-30;2020;1981;98.07;2022-11-28
2019;SALAMANCA;NEUMOCOCICA CONJ 13 VALENTE;65 años;1;1954-01-01;1954-12-31;4067;1737;42.71;2022-11-28
2019;SALAMANCA;MENINGOCOCO CONJUGADA C;4 meses;1;2018-09-01;2019-08-31;1966;1950;99.19;2022-11-28
2019;SALAMANCA;SARAMPION, RUBEOLA, PAROTIDITIS (TRIPLE VIRICA);12 meses;1;2018-01-01;2018-12-31;2065;2036;98.6;2022-11-28
2019;SALAMANCA;SARAMPION, RUBEOLA, PAROTIDITIS (TRIPLE VIRICA);3 años;2;2016-01-01;2016-12-31;2175;2131;97.98;2022-11-28
2019;SALAMANCA;NEUMOCOCICA PS 23 VALENTE;66 años;1;1953-01-01;1953-12-31;4022;1634;40.63;2022-11-28
2019;SALAMANCA;MENINGOCOCO CONJUGADA ACWY;12 meses;2;2018-01-01;2018-12-31;2065;2028;98.21;2022-11-28
2019;SALAMANCA;VARICELA;3 años;2;2016-01-01;2016-12-31;2175;2109;96.97;2022-11-28
2019;SALAMANCA;DIFTERIA, TETANOS, TOSFERINA ACELULAR baja carga antigénica (dTpa);6 años;1;2013-01-01;2013-12-31;2228;2141;96.1;2022-11-28
2019;SALAMANCA;NEUMOCOCICA CONJ 13 VALENTE;2 meses;1;2018-11-01;2019-10-31;1926;1919;99.64;2022-11-28
2019;SALAMANCA;DTPa+Hib+POLIO+HB (HEXAVALENTE);11 meses;3;2018-02-01;2019-01-31;2084;2043;98.03;2022-11-28
2019;SALAMANCA;VPH 9VALENTE;12 años;1;2007-01-01;2007-12-31;1329;1278;96.16;2022-11-28
2019;SALAMANCA;VPH 9VALENTE;12 años;2;2007-01-01;2007-12-31;1338;1278;95.52;2022-11-28
2019;SALAMANCA;NEUMOCOCICA CONJ 13 VALENTE;11 meses;3;2018-02-01;2019-01-31;2084;2048;98.27;2022-11-28
2019;SALAMANCA;NEUMOCOCICA CONJ 13 VALENTE;4 meses;2;2018-09-01;2019-08-31;1966;1952;99.29;2022-11-28
2019;SALAMANCA;MENINGOCOCO B;3 meses;1;2018-10-01;2019-09-30;1426;1418;99.44;2022-11-28
2019;SALAMANCA;MENINGOCOCO CONJUGADA ACWY;12 años;1;2007-01-01;2007-12-31;2798;2673;95.53;2022-11-28
2019;SALAMANCA;TETANOS, DIFTERIA tipo adulto (Td);14 años;1;2005-01-01;2005-12-31;2760;2596;94.06;2022-11-28
2019;SEGOVIA;DTPa+Hib+POLIO+HB (HEXAVALENTE);2 meses;1;2018-11-01;2019-10-31;1065;1050;98.59;2022-11-28
2019;SEGOVIA;DTPa+Hib+POLIO+HB (HEXAVALENTE);11 meses;3;2018-02-01;2019-01-31;1053;1029;97.72;2022-11-28
2019;SEGOVIA;VARICELA;3 años;2;2016-01-01;2016-12-31;1154;1104;95.67;2022-11-28
2019;SEGOVIA;VPH 9VALENTE;12 años;1;2007-01-01;2007-12-31;653;598;91.58;2022-11-28
2019;SEGOVIA;TETANOS, DIFTERIA tipo adulto (Td);14 años;1;2005-01-01;2005-12-31;1441;1288;89.38;2022-11-28
2019;SEGOVIA;NEUMOCOCICA CONJ 13 VALENTE;11 meses;3;2018-02-01;2019-01-31;1053;1030;97.82;2022-11-28
2019;SEGOVIA;MENINGOCOCO CONJUGADA ACWY;12 años;1;2007-01-01;2007-12-31;1342;1256;93.59;2022-11-28
2019;SEGOVIA;MENINGOCOCO B;5 meses;2;2018-08-01;2019-07-31;662;635;95.92;2022-11-28
2019;SEGOVIA;SARAMPION, RUBEOLA, PAROTIDITIS (TRIPLE VIRICA);12 meses;1;2018-01-01;2018-12-31;1057;1045;98.86;2022-11-28
2019;SEGOVIA;DIFTERIA, TETANOS, TOSFERINA ACELULAR baja carga antigénica (dTpa);6 años;1;2013-01-01;2013-12-31;1163;1085;93.29;2022-11-28
2019;SEGOVIA;NEUMOCOCICA CONJ 13 VALENTE;65 años;1;1954-01-01;1954-12-31;1588;771;48.55;2022-11-28
2019;SEGOVIA;MENINGOCOCO B;3 meses;1;2018-10-01;2019-09-30;828;801;96.74;2022-11-28
2019;SEGOVIA;SARAMPION, RUBEOLA, PAROTIDITIS (TRIPLE VIRICA);3 años;2;2016-01-01;2016-12-31;1154;1119;96.97;2022-11-28
2019;SEGOVIA;VPH 9VALENTE;12 años;2;2007-01-01;2007-12-31;658;598;90.88;2022-11-28
2019;SEGOVIA;NEUMOCOCICA PS 23 VALENTE;66 años;1;1953-01-01;1953-12-31;1596;781;48.93;2022-11-28
2019;SEGOVIA;NEUMOCOCICA CONJ 13 VALENTE;4 meses;2;2018-09-01;2019-08-31;1076;1053;97.86;2022-11-28
2019;SEGOVIA;MENINGOCOCO CONJUGADA ACWY;12 meses;2;2018-01-01;2018-12-31;1057;1035;97.92;2022-11-28
2019;SEGOVIA;MENINGOCOCO CONJUGADA C;4 meses;1;2018-09-01;2019-08-31;1076;1045;97.12;2022-11-28
2019;SEGOVIA;NEUMOCOCICA CONJ 13 VALENTE;2 meses;1;2018-11-01;2019-10-31;1065;1050;98.59;2022-11-28
2019;SEGOVIA;DTPa+Hib+POLIO+HB (HEXAVALENTE);4 meses;2;2018-09-01;2019-08-31;1076;1050;97.58;2022-11-28
2019;SEGOVIA;VARICELA;15 meses;1;2017-10-01;2018-09-30;1064;1043;98.03;2022-11-28
2019;SORIA;DTPa+Hib+POLIO+HB (HEXAVALENTE);2 meses;1;2018-11-01;2019-10-31;603;592;98.18;2022-11-28
2019;SORIA;MENINGOCOCO CONJUGADA C;4 meses;1;2018-09-01;2019-08-31;621;598;96.3;2022-11-28
2019;SORIA;MENINGOCOCO CONJUGADA ACWY;12 meses;2;2018-01-01;2018-12-31;649;627;96.61;2022-11-28
2019;SORIA;SARAMPION, RUBEOLA, PAROTIDITIS (TRIPLE VIRICA);3 años;2;2016-01-01;2016-12-31;661;634;95.92;2022-11-28
2019;SORIA;VARICELA;3 años;2;2016-01-01;2016-12-31;661;615;93.04;2022-11-28
2019;SORIA;MENINGOCOCO B;3 meses;1;2018-10-01;2019-09-30;472;464;98.31;2022-11-28
2019;SORIA;TETANOS, DIFTERIA tipo adulto (Td);14 años;1;2005-01-01;2005-12-31;750;711;94.8;2022-11-28
2019;SORIA;DIFTERIA, TETANOS, TOSFERINA ACELULAR baja carga antigénica (dTpa);6 años;1;2013-01-01;2013-12-31;690;655;94.93;2022-11-28
2019;SORIA;VPH 9VALENTE;12 años;1;2007-01-01;2007-12-31;356;320;89.89;2022-11-28
2019;SORIA;VPH 9VALENTE;12 años;2;2007-01-01;2007-12-31;361;320;88.64;2022-11-28
2019;SORIA;NEUMOCOCICA PS 23 VALENTE;66 años;1;1953-01-01;1953-12-31;1047;615;58.74;2022-11-28
2019;SORIA;DTPa+Hib+POLIO+HB (HEXAVALENTE);4 meses;2;2018-09-01;2019-08-31;621;602;96.94;2022-11-28
2019;SORIA;NEUMOCOCICA CONJ 13 VALENTE;11 meses;3;2018-02-01;2019-01-31;634;612;96.53;2022-11-28
2019;SORIA;SARAMPION, RUBEOLA, PAROTIDITIS (TRIPLE VIRICA);12 meses;1;2018-01-01;2018-12-31;649;635;97.84;2022-11-28
2019;SORIA;NEUMOCOCICA CONJ 13 VALENTE;4 meses;2;2018-09-01;2019-08-31;621;602;96.94;2022-11-28
2019;SORIA;MENINGOCOCO B;5 meses;2;2018-08-01;2019-07-31;382;369;96.6;2022-11-28
2019;SORIA;DTPa+Hib+POLIO+HB (HEXAVALENTE);11 meses;3;2018-02-01;2019-01-31;634;614;96.85;2022-11-28
2019;SORIA;VARICELA;15 meses;1;2017-10-01;2018-09-30;661;641;96.97;2022-11-28
2019;SORIA;MENINGOCOCO CONJUGADA ACWY;12 años;1;2007-01-01;2007-12-31;755;688;91.13;2022-11-28
2019;SORIA;NEUMOCOCICA CONJ 13 VALENTE;65 años;1;1954-01-01;1954-12-31;962;576;59.88;2022-11-28
2019;SORIA;NEUMOCOCICA CONJ 13 VALENTE;2 meses;1;2018-11-01;2019-10-31;603;594;98.51;2022-11-28
2019;VALLADOLID;NEUMOCOCICA CONJ 13 VALENTE;2 meses;1;2018-11-01;2019-10-31;3500;3385;96.71;2022-11-28
2019;VALLADOLID;DTPa+Hib+POLIO+HB (HEXAVALENTE);4 meses;2;2018-09-01;2019-08-31;3550;3407;95.97;2022-11-28
2019;VALLADOLID;NEUMOCOCICA CONJ 13 VALENTE;11 meses;3;2018-02-01;2019-01-31;3688;3492;94.69;2022-11-28
2019;VALLADOLID;MENINGOCOCO B;3 meses;1;2018-10-01;2019-09-30;2636;2553;96.85;2022-11-28
2019;VALLADOLID;DTPa+Hib+POLIO+HB (HEXAVALENTE);2 meses;1;2018-11-01;2019-10-31;3500;3385;96.71;2022-11-28
2019;VALLADOLID;MENINGOCOCO CONJUGADA C;4 meses;1;2018-09-01;2019-08-31;3550;3390;95.49;2022-11-28
2019;VALLADOLID;MENINGOCOCO CONJUGADA ACWY;12 meses;2;2018-01-01;2018-12-31;3674;3486;94.88;2022-11-28
2019;VALLADOLID;SARAMPION, RUBEOLA, PAROTIDITIS (TRIPLE VIRICA);12 meses;1;2018-01-01;2018-12-31;3674;3553;96.71;2022-11-28
2019;VALLADOLID;VARICELA;15 meses;1;2017-10-01;2018-09-30;3772;3628;96.18;2022-11-28
2019;VALLADOLID;VARICELA;3 años;2;2016-01-01;2016-12-31;4151;3857;92.92;2022-11-28
2019;VALLADOLID;VPH 9VALENTE;12 años;1;2007-01-01;2007-12-31;2421;2215;91.49;2022-11-28
2019;VALLADOLID;NEUMOCOCICA CONJ 13 VALENTE;4 meses;2;2018-09-01;2019-08-31;3550;3407;95.97;2022-11-28
2019;VALLADOLID;DTPa+Hib+POLIO+HB (HEXAVALENTE);11 meses;3;2018-02-01;2019-01-31;3688;3488;94.58;2022-11-28
2019;VALLADOLID;SARAMPION, RUBEOLA, PAROTIDITIS (TRIPLE VIRICA);3 años;2;2016-01-01;2016-12-31;4151;3902;94.0;2022-11-28
2019;VALLADOLID;VPH 9VALENTE;12 años;2;2007-01-01;2007-12-31;2428;2215;91.23;2022-11-28
2019;VALLADOLID;NEUMOCOCICA PS 23 VALENTE;66 años;1;1953-01-01;1953-12-31;6462;3151;48.76;2022-11-28
2019;VALLADOLID;MENINGOCOCO CONJUGADA ACWY;12 años;1;2007-01-01;2007-12-31;5042;4600;91.23;2022-11-28
2019;VALLADOLID;TETANOS, DIFTERIA tipo adulto (Td);14 años;1;2005-01-01;2005-12-31;4975;4251;85.45;2022-11-28
2019;VALLADOLID;NEUMOCOCICA CONJ 13 VALENTE;65 años;1;1954-01-01;1954-12-31;6429;3396;52.82;2022-11-28
2019;VALLADOLID;MENINGOCOCO B;5 meses;2;2018-08-01;2019-07-31;2073;1974;95.22;2022-11-28
2019;VALLADOLID;DIFTERIA, TETANOS, TOSFERINA ACELULAR baja carga antigénica (dTpa);6 años;1;2013-01-01;2013-12-31;4507;4140;91.86;2022-11-28
2019;ZAMORA;TETANOS, DIFTERIA tipo adulto (Td);14 años;1;2005-01-01;2005-12-31;1171;1087;92.83;2022-11-28
2019;ZAMORA;NEUMOCOCICA CONJ 13 VALENTE;4 meses;2;2018-09-01;2019-08-31;859;851;99.07;2022-11-28
2019;ZAMORA;MENINGOCOCO B;3 meses;1;2018-10-01;2019-09-30;654;641;98.01;2022-11-28
2019;ZAMORA;MENINGOCOCO B;5 meses;2;2018-08-01;2019-07-31;516;505;97.87;2022-11-28
2019;ZAMORA;SARAMPION, RUBEOLA, PAROTIDITIS (TRIPLE VIRICA);3 años;2;2016-01-01;2016-12-31;902;880;97.56;2022-11-28
2019;ZAMORA;DIFTERIA, TETANOS, TOSFERINA ACELULAR baja carga antigénica (dTpa);6 años;1;2013-01-01;2013-12-31;1036;990;95.56;2022-11-28
2019;ZAMORA;NEUMOCOCICA PS 23 VALENTE;66 años;1;1953-01-01;1953-12-31;2380;1132;47.56;2022-11-28
2019;ZAMORA;DTPa+Hib+POLIO+HB (HEXAVALENTE);11 meses;3;2018-02-01;2019-01-31;901;879;97.56;2022-11-28
2019;ZAMORA;VARICELA;15 meses;1;2017-10-01;2018-09-30;913;888;97.26;2022-11-28
2019;ZAMORA;VPH 9VALENTE;12 años;1;2007-01-01;2007-12-31;568;549;96.65;2022-11-28
2019;ZAMORA;NEUMOCOCICA CONJ 13 VALENTE;65 años;1;1954-01-01;1954-12-31;2318;1384;59.71;2022-11-28
2019;ZAMORA;DTPa+Hib+POLIO+HB (HEXAVALENTE);4 meses;2;2018-09-01;2019-08-31;859;850;98.95;2022-11-28
2019;ZAMORA;MENINGOCOCO CONJUGADA C;4 meses;1;2018-09-01;2019-08-31;859;849;98.84;2022-11-28
2019;ZAMORA;NEUMOCOCICA CONJ 13 VALENTE;11 meses;3;2018-02-01;2019-01-31;901;880;97.67;2022-11-28
2019;ZAMORA;DTPa+Hib+POLIO+HB (HEXAVALENTE);2 meses;1;2018-11-01;2019-10-31;872;865;99.2;2022-11-28
2019;ZAMORA;VPH 9VALENTE;12 años;2;2007-01-01;2007-12-31;569;549;96.49;2022-11-28
2019;ZAMORA;SARAMPION, RUBEOLA, PAROTIDITIS (TRIPLE VIRICA);12 meses;1;2018-01-01;2018-12-31;898;879;97.88;2022-11-28
2019;ZAMORA;VARICELA;3 años;2;2016-01-01;2016-12-31;902;869;96.34;2022-11-28
2019;ZAMORA;MENINGOCOCO CONJUGADA ACWY;12 años;1;2007-01-01;2007-12-31;1141;1093;95.79;2022-11-28
2019;ZAMORA;NEUMOCOCICA CONJ 13 VALENTE;2 meses;1;2018-11-01;2019-10-31;872;866;99.31;2022-11-28
2019;ZAMORA;MENINGOCOCO CONJUGADA ACWY;12 meses;2;2018-01-01;2018-12-31;898;876;97.55;2022-11-28
2018;ÁVILA;DTPa+Hib+POLIO+HB (HEXAVALENTE);2 meses;1;2017-11-01;2018-10-31;1018;993;97.54;2022-11-28
2018;ÁVILA;DTPa+Hib+POLIO+HB (HEXAVALENTE);4 meses;2;2017-09-01;2018-08-31;1036;998;96.33;2022-11-28
2018;ÁVILA;VARICELA;15 meses;1;2016-10-01;2017-09-30;1025;1000;97.56;2022-11-28
2018;ÁVILA;NEUMOCOCICA CONJ 13 VALENTE;65 años;1;1953-01-01;1953-12-31;1759;1069;60.77;2022-11-28
2018;ÁVILA;NEUMOCOCICA CONJ 13 VALENTE;4 meses;2;2017-09-01;2018-08-31;1036;1001;96.62;2022-11-28
2018;ÁVILA;SARAMPION, RUBEOLA, PAROTIDITIS (TRIPLE VIRICA);12 meses;1;2017-01-01;2017-12-31;1034;1012;97.87;2022-11-28
2018;ÁVILA;HEPATITIS B infantil;0 meses;1;2018-01-01;2018-12-31;308;291;94.48;2022-11-28
2018;ÁVILA;MENINGOCOCO CONJUGADA C;4 meses;1;2017-09-01;2018-08-31;1036;992;95.75;2022-11-28
2018;ÁVILA;MENINGOCOCO CONJUGADA C;12 meses;2;2017-01-01;2017-12-31;1034;997;96.42;2022-11-28
2018;ÁVILA;DTPa-POLIO+ Hib (PENTAVALENTE);18 meses;2;2016-07-01;2017-06-30;552;529;95.83;2022-11-28
2018;ÁVILA;TETANOS, DIFTERIA tipo adulto (Td);14 años;1;2004-01-01;2004-12-31;1321;1166;88.27;2022-11-28
2018;ÁVILA;NEUMOCOCICA CONJ 13 VALENTE;2 meses;1;2017-11-01;2018-10-31;1018;991;97.35;2022-11-28
2018;ÁVILA;NEUMOCOCICA CONJ 13 VALENTE;11 meses;3;2017-02-01;2018-01-31;1026;979;95.42;2022-11-28
2018;ÁVILA;VARICELA;3 años;2;2015-01-01;2015-12-31;1138;1066;93.67;2022-11-28
2018;ÁVILA;MENINGOCOCO CONJUGADA C;12 años;1;2006-01-01;2006-12-31;1382;1255;90.81;2022-11-28
2018;ÁVILA;NEUMOCOCICA PS 23 VALENTE;66 años;1;1952-01-01;1952-12-31;422;202;47.87;2022-11-28
2018;ÁVILA;DTPa+Hib+POLIO+HB (HEXAVALENTE);11 meses;3;2017-02-01;2018-01-31;1026;983;95.81;2022-11-28
2018;ÁVILA;SARAMPION, RUBEOLA, PAROTIDITIS (TRIPLE VIRICA);3 años;2;2015-01-01;2015-12-31;1138;1087;95.52;2022-11-28
2018;ÁVILA;DIFTERIA, TETANOS, TOSFERINA ACELULAR baja carga antigénica (dTpa);6 años;1;2012-01-01;2012-12-31;1223;1133;92.64;2022-11-28
2018;BURGOS;NEUMOCOCICA CONJ 13 VALENTE;11 meses;3;2017-02-01;2018-01-31;2487;2427;97.59;2022-11-28
2018;BURGOS;HEPATITIS B infantil;0 meses;1;2018-01-01;2018-12-31;831;815;98.07;2022-11-28
2018;BURGOS;NEUMOCOCICA PS 23 VALENTE;66 años;1;1952-01-01;1952-12-31;1039;514;49.47;2022-11-28
2018;BURGOS;DTPa+Hib+POLIO+HB (HEXAVALENTE);2 meses;1;2017-11-01;2018-10-31;2421;2395;98.93;2022-11-28
2018;BURGOS;NEUMOCOCICA CONJ 13 VALENTE;65 años;1;1953-01-01;1953-12-31;4498;2726;60.6;2022-11-28
2018;BURGOS;SARAMPION, RUBEOLA, PAROTIDITIS (TRIPLE VIRICA);12 meses;1;2017-01-01;2017-12-31;2465;2421;98.22;2022-11-28
2018;BURGOS;MENINGOCOCO CONJUGADA C;4 meses;1;2017-09-01;2018-08-31;2493;2444;98.03;2022-11-28
2018;BURGOS;NEUMOCOCICA CONJ 13 VALENTE;4 meses;2;2017-09-01;2018-08-31;2493;2449;98.24;2022-11-28
2018;BURGOS;VARICELA;15 meses;1;2016-10-01;2017-09-30;2459;2401;97.64;2022-11-28
2018;BURGOS;NEUMOCOCICA CONJ 13 VALENTE;2 meses;1;2017-11-01;2018-10-31;2421;2402;99.22;2022-11-28
2018;BURGOS;DTPa+Hib+POLIO+HB (HEXAVALENTE);11 meses;3;2017-02-01;2018-01-31;2487;2427;97.59;2022-11-28
2018;BURGOS;DTPa-POLIO+ Hib (PENTAVALENTE);18 meses;2;2016-07-01;2017-06-30;1325;1286;97.06;2022-11-28
2018;BURGOS;DIFTERIA, TETANOS, TOSFERINA ACELULAR baja carga antigénica (dTpa);6 años;1;2012-01-01;2012-12-31;3142;2864;91.15;2022-11-28
2018;BURGOS;DTPa+Hib+POLIO+HB (HEXAVALENTE);4 meses;2;2017-09-01;2018-08-31;2493;2443;97.99;2022-11-28
2018;BURGOS;SARAMPION, RUBEOLA, PAROTIDITIS (TRIPLE VIRICA);3 años;2;2015-01-01;2015-12-31;2774;2687;96.86;2022-11-28
2018;BURGOS;TETANOS, DIFTERIA tipo adulto (Td);14 años;1;2004-01-01;2004-12-31;3161;2686;84.97;2022-11-28
2018;BURGOS;MENINGOCOCO CONJUGADA C;12 meses;2;2017-01-01;2017-12-31;2465;2398;97.28;2022-11-28
2018;BURGOS;VARICELA;3 años;2;2015-01-01;2015-12-31;2774;2588;93.29;2022-11-28
2018;BURGOS;MENINGOCOCO CONJUGADA C;12 años;1;2006-01-01;2006-12-31;3186;2944;92.4;2022-11-28
2018;CYL;DTPa-POLIO+ Hib (PENTAVALENTE);18 meses;2;2016-07-01;2017-06-30;8430;8004;94.95;2022-11-28
2018;CYL;NEUMOCOCICA CONJ 13 VALENTE;2 meses;1;2017-11-01;2018-10-31;15529;15299;98.52;2022-11-28
2018;CYL;SARAMPION, RUBEOLA, PAROTIDITIS (TRIPLE VIRICA);3 años;2;2015-01-01;2015-12-31;17417;16837;96.67;2022-11-28
2018;CYL;MENINGOCOCO CONJUGADA C;12 años;1;2006-01-01;2006-12-31;20383;19021;93.32;2022-11-28
2018;CYL;TOTAL NEUMOCOCICA PS 23 VALENTE;66 años;1;1952-01-01;1952-12-31;7230;3187;44.08;2022-11-28
2018;CYL;DTPa+Hib+POLIO+HB (HEXAVALENTE);2 meses;1;2017-11-01;2018-10-31;15529;15283;98.42;2022-11-28
2018;CYL;HEPATITIS B infantil;0 meses;1;2018-01-01;2018-12-31;5292;5173;97.75;2022-11-28
2018;CYL;NEUMOCOCICA CONJ 13 VALENTE;4 meses;2;2017-09-01;2018-08-31;15741;15383;97.73;2022-11-28
2018;CYL;SARAMPION, RUBEOLA, PAROTIDITIS (TRIPLE VIRICA);12 meses;1;2017-01-01;2017-12-31;15760;15391;97.66;2022-11-28
2018;CYL;DTPa+Hib+POLIO+HB (HEXAVALENTE);4 meses;2;2017-09-01;2018-08-31;15741;15375;97.67;2022-11-28
2018;CYL;MENINGOCOCO CONJUGADA C;12 meses;2;2017-01-01;2017-12-31;15760;15151;96.14;2022-11-28
2018;CYL;MENINGOCOCO CONJUGADA C;4 meses;1;2017-09-01;2018-08-31;15741;15358;97.57;2022-11-28
2018;CYL;VARICELA;15 meses;1;2016-10-01;2017-09-30;15834;15336;96.85;2022-11-28
2018;CYL;DIFTERIA, TETANOS, TOSFERINA ACELULAR baja carga antigénica (dTpa);6 años;1;2012-01-01;2012-12-31;18939;17655;93.22;2022-11-28
2018;CYL;TETANOS, DIFTERIA tipo adulto (Td);14 años;1;2004-01-01;2004-12-31;19742;17439;88.33;2022-11-28
2018;CYL;NEUMOCOCICA CONJ 13 VALENTE;65 años;1;1953-01-01;1953-12-31;29819;16296;54.65;2022-11-28
2018;CYL;NEUMOCOCICA CONJ 13 VALENTE;11 meses;3;2017-02-01;2018-01-31;15860;15286;96.38;2022-11-28
2018;CYL;DTPa+Hib+POLIO+HB (HEXAVALENTE);11 meses;3;2017-02-01;2018-01-31;15860;15293;96.42;2022-11-28
2018;CYL;VARICELA;3 años;2;2015-01-01;2015-12-31;17417;16330;93.76;2022-11-28
2018;LEÓN;DTPa+Hib+POLIO+HB (HEXAVALENTE);4 meses;2;2017-09-01;2018-08-31;2773;2674;96.43;2022-11-28
2018;LEÓN;DTPa-POLIO+ Hib (PENTAVALENTE);18 meses;2;2016-07-01;2017-06-30;1504;1360;90.43;2022-11-28
2018;LEÓN;NEUMOCOCICA PS 23 VALENTE;66 años;1;1952-01-01;1952-12-31;1445;612;42.35;2022-11-28
2018;LEÓN;VARICELA;3 años;2;2015-01-01;2015-12-31;2986;2799;93.74;2022-11-28
2018;LEÓN;NEUMOCOCICA CONJ 13 VALENTE;4 meses;2;2017-09-01;2018-08-31;2773;2663;96.03;2022-11-28
2018;LEÓN;VARICELA;15 meses;1;2016-10-01;2017-09-30;2734;2594;94.88;2022-11-28
2018;LEÓN;MENINGOCOCO CONJUGADA C;4 meses;1;2017-09-01;2018-08-31;2773;2660;95.92;2022-11-28
2018;LEÓN;MENINGOCOCO CONJUGADA C;12 meses;2;2017-01-01;2017-12-31;2724;2560;93.98;2022-11-28
2018;LEÓN;SARAMPION, RUBEOLA, PAROTIDITIS (TRIPLE VIRICA);3 años;2;2015-01-01;2015-12-31;2986;2886;96.65;2022-11-28
2018;LEÓN;DIFTERIA, TETANOS, TOSFERINA ACELULAR baja carga antigénica (dTpa);6 años;1;2012-01-01;2012-12-31;3218;2936;91.24;2022-11-28
2018;LEÓN;NEUMOCOCICA CONJ 13 VALENTE;2 meses;1;2017-11-01;2018-10-31;2773;2685;96.83;2022-11-28
2018;LEÓN;DTPa+Hib+POLIO+HB (HEXAVALENTE);11 meses;3;2017-02-01;2018-01-31;2745;2610;95.08;2022-11-28
2018;LEÓN;SARAMPION, RUBEOLA, PAROTIDITIS (TRIPLE VIRICA);12 meses;1;2017-01-01;2017-12-31;2724;2626;96.4;2022-11-28
2018;LEÓN;NEUMOCOCICA CONJ 13 VALENTE;65 años;1;1953-01-01;1953-12-31;5839;3146;53.88;2022-11-28
2018;LEÓN;HEPATITIS B infantil;0 meses;1;2018-01-01;2018-12-31;989;954;96.46;2022-11-28
2018;LEÓN;MENINGOCOCO CONJUGADA C;12 años;1;2006-01-01;2006-12-31;3387;3172;93.65;2022-11-28
2018;LEÓN;TETANOS, DIFTERIA tipo adulto (Td);14 años;1;2004-01-01;2004-12-31;3137;2684;85.56;2022-11-28
2018;LEÓN;DTPa+Hib+POLIO+HB (HEXAVALENTE);2 meses;1;2017-11-01;2018-10-31;2773;2688;96.93;2022-11-28
2018;LEÓN;NEUMOCOCICA CONJ 13 VALENTE;11 meses;3;2017-02-01;2018-01-31;2745;2604;94.86;2022-11-28
2018;PALENCIA;HEPATITIS B infantil;0 meses;1;2018-01-01;2018-12-31;331;329;99.4;2022-11-28
2018;PALENCIA;NEUMOCOCICA CONJ 13 VALENTE;4 meses;2;2017-09-01;2018-08-31;1000;992;99.2;2022-11-28
2018;PALENCIA;NEUMOCOCICA CONJ 13 VALENTE;11 meses;3;2017-02-01;2018-01-31;1072;1056;98.51;2022-11-28
2018;PALENCIA;NEUMOCOCICA CONJ 13 VALENTE;65 años;1;1953-01-01;1953-12-31;2246;1179;52.49;2022-11-28
2018;PALENCIA;DTPa+Hib+POLIO+HB (HEXAVALENTE);2 meses;1;2017-11-01;2018-10-31;962;956;99.38;2022-11-28
2018;PALENCIA;TETANOS, DIFTERIA tipo adulto (Td);14 años;1;2004-01-01;2004-12-31;1221;1127;92.3;2022-11-28
2018;PALENCIA;NEUMOCOCICA PS 23 VALENTE;66 años;1;1952-01-01;1952-12-31;511;213;41.68;2022-11-28
2018;PALENCIA;MENINGOCOCO CONJUGADA C;4 meses;1;2017-09-01;2018-08-31;1000;994;99.4;2022-11-28
2018;PALENCIA;MENINGOCOCO CONJUGADA C;12 meses;2;2017-01-01;2017-12-31;1070;1056;98.69;2022-11-28
2018;PALENCIA;DTPa+Hib+POLIO+HB (HEXAVALENTE);4 meses;2;2017-09-01;2018-08-31;1000;991;99.1;2022-11-28
2018;PALENCIA;DIFTERIA, TETANOS, TOSFERINA ACELULAR baja carga antigénica (dTpa);6 años;1;2012-01-01;2012-12-31;1151;1109;96.35;2022-11-28
2018;PALENCIA;VARICELA;3 años;2;2015-01-01;2015-12-31;1139;1085;95.26;2022-11-28
2018;PALENCIA;SARAMPION, RUBEOLA, PAROTIDITIS (TRIPLE VIRICA);12 meses;1;2017-01-01;2017-12-31;1070;1059;98.97;2022-11-28
2018;PALENCIA;DTPa-POLIO+ Hib (PENTAVALENTE);18 meses;2;2016-07-01;2017-06-30;518;505;97.49;2022-11-28
2018;PALENCIA;DTPa+Hib+POLIO+HB (HEXAVALENTE);11 meses;3;2017-02-01;2018-01-31;1072;1049;97.85;2022-11-28
2018;PALENCIA;VARICELA;15 meses;1;2016-10-01;2017-09-30;1060;1043;98.4;2022-11-28
2018;PALENCIA;SARAMPION, RUBEOLA, PAROTIDITIS (TRIPLE VIRICA);3 años;2;2015-01-01;2015-12-31;1139;1117;98.07;2022-11-28
2018;PALENCIA;MENINGOCOCO CONJUGADA C;12 años;1;2006-01-01;2006-12-31;1255;1208;96.25;2022-11-28
2018;PALENCIA;NEUMOCOCICA CONJ 13 VALENTE;2 meses;1;2017-11-01;2018-10-31;962;957;99.48;2022-11-28
2018;SALAMANCA;NEUMOCOCICA CONJ 13 VALENTE;11 meses;3;2017-02-01;2018-01-31;2011;1985;98.71;2022-11-28
2018;SALAMANCA;HEPATITIS B infantil;0 meses;1;2018-01-01;2018-12-31;671;666;99.25;2022-11-28
2018;SALAMANCA;DTPa+Hib+POLIO+HB (HEXAVALENTE);2 meses;1;2017-11-01;2018-10-31;2022;2002;99.01;2022-11-28
2018;SALAMANCA;MENINGOCOCO CONJUGADA C;4 meses;1;2017-09-01;2018-08-31;2009;1980;98.56;2022-11-28
2018;SALAMANCA;SARAMPION, RUBEOLA, PAROTIDITIS (TRIPLE VIRICA);12 meses;1;2017-01-01;2017-12-31;2017;1996;98.96;2022-11-28
2018;SALAMANCA;NEUMOCOCICA CONJ 13 VALENTE;4 meses;2;2017-09-01;2018-08-31;2009;1977;98.41;2022-11-28
2018;SALAMANCA;VARICELA;15 meses;1;2016-10-01;2017-09-30;2082;2050;98.46;2022-11-28
2018;SALAMANCA;DTPa+Hib+POLIO+HB (HEXAVALENTE);11 meses;3;2017-02-01;2018-01-31;2011;1977;98.31;2022-11-28
2018;SALAMANCA;MENINGOCOCO CONJUGADA C;12 años;1;2006-01-01;2006-12-31;2678;2551;95.26;2022-11-28
2018;SALAMANCA;DTPa-POLIO+ Hib (PENTAVALENTE);18 meses;2;2016-07-01;2017-06-30;1121;1103;98.39;2022-11-28
2018;SALAMANCA;VARICELA;3 años;2;2015-01-01;2015-12-31;2275;2197;96.57;2022-11-28
2018;SALAMANCA;NEUMOCOCICA PS 23 VALENTE;66 años;1;1952-01-01;1952-12-31;949;357;37.62;2022-11-28
2018;SALAMANCA;MENINGOCOCO CONJUGADA C;12 meses;2;2017-01-01;2017-12-31;2017;1978;98.07;2022-11-28
2018;SALAMANCA;SARAMPION, RUBEOLA, PAROTIDITIS (TRIPLE VIRICA);3 años;2;2015-01-01;2015-12-31;2275;2230;98.02;2022-11-28
2018;SALAMANCA;DIFTERIA, TETANOS, TOSFERINA ACELULAR baja carga antigénica (dTpa);6 años;1;2012-01-01;2012-12-31;2399;2324;96.87;2022-11-28
2018;SALAMANCA;TETANOS, DIFTERIA tipo adulto (Td);14 años;1;2004-01-01;2004-12-31;2859;2660;93.04;2022-11-28
2018;SALAMANCA;NEUMOCOCICA CONJ 13 VALENTE;65 años;1;1953-01-01;1953-12-31;4005;1861;46.47;2022-11-28
2018;SALAMANCA;NEUMOCOCICA CONJ 13 VALENTE;2 meses;1;2017-11-01;2018-10-31;2022;2002;99.01;2022-11-28
2018;SALAMANCA;DTPa+Hib+POLIO+HB (HEXAVALENTE);4 meses;2;2017-09-01;2018-08-31;2009;1977;98.41;2022-11-28
2018;SEGOVIA;HEPATITIS B infantil;0 meses;1;2018-01-01;2018-12-31;369;363;98.37;2022-11-28
2018;SEGOVIA;DTPa+Hib+POLIO+HB (HEXAVALENTE);4 meses;2;2017-09-01;2018-08-31;1104;1088;98.55;2022-11-28
2018;SEGOVIA;DTPa+Hib+POLIO+HB (HEXAVALENTE);11 meses;3;2017-02-01;2018-01-31;1140;1104;96.84;2022-11-28
2018;SEGOVIA;DTPa+Hib+POLIO+HB (HEXAVALENTE);2 meses;1;2017-11-01;2018-10-31;1062;1053;99.15;2022-11-28
2018;SEGOVIA;NEUMOCOCICA CONJ 13 VALENTE;4 meses;2;2017-09-01;2018-08-31;1104;1089;98.64;2022-11-28
2018;SEGOVIA;MENINGOCOCO CONJUGADA C;12 meses;2;2017-01-01;2017-12-31;1101;1063;96.55;2022-11-28
2018;SEGOVIA;VARICELA;15 meses;1;2016-10-01;2017-09-30;1118;1074;96.06;2022-11-28
2018;SEGOVIA;NEUMOCOCICA CONJ 13 VALENTE;65 años;1;1953-01-01;1953-12-31;1579;843;53.39;2022-11-28
2018;SEGOVIA;MENINGOCOCO CONJUGADA C;4 meses;1;2017-09-01;2018-08-31;1104;1092;98.91;2022-11-28
2018;SEGOVIA;DTPa-POLIO+ Hib (PENTAVALENTE);18 meses;2;2016-07-01;2017-06-30;594;574;96.63;2022-11-28
2018;SEGOVIA;NEUMOCOCICA CONJ 13 VALENTE;11 meses;3;2017-02-01;2018-01-31;1140;1100;96.49;2022-11-28
2018;SEGOVIA;SARAMPION, RUBEOLA, PAROTIDITIS (TRIPLE VIRICA);12 meses;1;2017-01-01;2017-12-31;1101;1073;97.46;2022-11-28
2018;SEGOVIA;VARICELA;3 años;2;2015-01-01;2015-12-31;1169;1083;92.64;2022-11-28
2018;SEGOVIA;MENINGOCOCO CONJUGADA C;12 años;1;2006-01-01;2006-12-31;1396;1328;95.13;2022-11-28
2018;SEGOVIA;NEUMOCOCICA CONJ 13 VALENTE;2 meses;1;2017-11-01;2018-10-31;1062;1057;99.53;2022-11-28
2018;SEGOVIA;DIFTERIA, TETANOS, TOSFERINA ACELULAR baja carga antigénica (dTpa);6 años;1;2012-01-01;2012-12-31;1264;1220;96.52;2022-11-28
2018;SEGOVIA;NEUMOCOCICA PS 23 VALENTE;66 años;1;1952-01-01;1952-12-31;402;186;46.27;2022-11-28
2018;SEGOVIA;SARAMPION, RUBEOLA, PAROTIDITIS (TRIPLE VIRICA);3 años;2;2015-01-01;2015-12-31;1169;1132;96.83;2022-11-28
2018;SEGOVIA;TETANOS, DIFTERIA tipo adulto (Td);14 años;1;2004-01-01;2004-12-31;1292;1213;93.89;2022-11-28
2018;SORIA;TETANOS, DIFTERIA tipo adulto (Td);14 años;1;2004-01-01;2004-12-31;708;659;93.08;2022-11-28
2018;SORIA;SARAMPION, RUBEOLA, PAROTIDITIS (TRIPLE VIRICA);3 años;2;2015-01-01;2015-12-31;660;641;97.12;2022-11-28
2018;SORIA;DTPa+Hib+POLIO+HB (HEXAVALENTE);2 meses;1;2017-11-01;2018-10-31;653;645;98.77;2022-11-28
2018;SORIA;DTPa+Hib+POLIO+HB (HEXAVALENTE);4 meses;2;2017-09-01;2018-08-31;653;645;98.77;2022-11-28
2018;SORIA;DTPa+Hib+POLIO+HB (HEXAVALENTE);11 meses;3;2017-02-01;2018-01-31;654;637;97.4;2022-11-28
2018;SORIA;NEUMOCOCICA CONJ 13 VALENTE;11 meses;3;2017-02-01;2018-01-31;654;638;97.55;2022-11-28
2018;SORIA;MENINGOCOCO CONJUGADA C;12 meses;2;2017-01-01;2017-12-31;631;608;96.35;2022-11-28
2018;SORIA;NEUMOCOCICA PS 23 VALENTE;66 años;1;1952-01-01;1952-12-31;239;127;53.14;2022-11-28
2018;SORIA;NEUMOCOCICA CONJ 13 VALENTE;2 meses;1;2017-11-01;2018-10-31;653;645;98.77;2022-11-28
2018;SORIA;DIFTERIA, TETANOS, TOSFERINA ACELULAR baja carga antigénica (dTpa);6 años;1;2012-01-01;2012-12-31;701;665;94.86;2022-11-28
2018;SORIA;NEUMOCOCICA CONJ 13 VALENTE;65 años;1;1953-01-01;1953-12-31;1039;668;64.29;2022-11-28
2018;SORIA;HEPATITIS B infantil;0 meses;1;2018-01-01;2018-12-31;233;226;97.0;2022-11-28
2018;SORIA;MENINGOCOCO CONJUGADA C;4 meses;1;2017-09-01;2018-08-31;653;635;97.24;2022-11-28
2018;SORIA;SARAMPION, RUBEOLA, PAROTIDITIS (TRIPLE VIRICA);12 meses;1;2017-01-01;2017-12-31;631;617;97.78;2022-11-28
2018;SORIA;DTPa-POLIO+ Hib (PENTAVALENTE);18 meses;2;2016-07-01;2017-06-30;333;319;95.8;2022-11-28
2018;SORIA;VARICELA;3 años;2;2015-01-01;2015-12-31;660;607;91.97;2022-11-28
2018;SORIA;VARICELA;15 meses;1;2016-10-01;2017-09-30;634;603;95.11;2022-11-28
2018;SORIA;NEUMOCOCICA CONJ 13 VALENTE;4 meses;2;2017-09-01;2018-08-31;653;644;98.62;2022-11-28
2018;SORIA;MENINGOCOCO CONJUGADA C;12 años;1;2006-01-01;2006-12-31;743;709;95.42;2022-11-28
2018;VALLADOLID;MENINGOCOCO CONJUGADA C;12 meses;2;2017-01-01;2017-12-31;3815;3602;94.42;2022-11-28
2018;VALLADOLID;MENINGOCOCO CONJUGADA C;12 años;1;2006-01-01;2006-12-31;5144;4697;91.31;2022-11-28
2018;VALLADOLID;MENINGOCOCO CONJUGADA C;4 meses;1;2017-09-01;2018-08-31;3772;3672;97.35;2022-11-28
2018;VALLADOLID;NEUMOCOCICA CONJ 13 VALENTE;11 meses;3;2017-02-01;2018-01-31;3820;3606;94.4;2022-11-28
2018;VALLADOLID;NEUMOCOCICA PS 23 VALENTE;66 años;1;1952-01-01;1952-12-31;1605;731;45.55;2022-11-28
2018;VALLADOLID;SARAMPION, RUBEOLA, PAROTIDITIS (TRIPLE VIRICA);12 meses;1;2017-01-01;2017-12-31;3815;3695;96.85;2022-11-28
2018;VALLADOLID;SARAMPION, RUBEOLA, PAROTIDITIS (TRIPLE VIRICA);3 años;2;2015-01-01;2015-12-31;4309;4111;95.4;2022-11-28
2018;VALLADOLID;NEUMOCOCICA CONJ 13 VALENTE;2 meses;1;2017-11-01;2018-10-31;3715;3661;98.55;2022-11-28
2018;VALLADOLID;DIFTERIA, TETANOS, TOSFERINA ACELULAR baja carga antigénica (dTpa);6 años;1;2012-01-01;2012-12-31;4744;4344;91.57;2022-11-28
2018;VALLADOLID;NEUMOCOCICA CONJ 13 VALENTE;65 años;1;1953-01-01;1953-12-31;6491;3486;53.71;2022-11-28
2018;VALLADOLID;DTPa+Hib+POLIO+HB (HEXAVALENTE);4 meses;2;2017-09-01;2018-08-31;3772;3665;97.16;2022-11-28
2018;VALLADOLID;VARICELA;3 años;2;2015-01-01;2015-12-31;4309;3978;92.32;2022-11-28
2018;VALLADOLID;VARICELA;15 meses;1;2016-10-01;2017-09-30;3834;3693;96.32;2022-11-28
2018;VALLADOLID;TETANOS, DIFTERIA tipo adulto (Td);14 años;1;2004-01-01;2004-12-31;4858;4157;85.57;2022-11-28
2018;VALLADOLID;HEPATITIS B infantil;0 meses;1;2018-01-01;2018-12-31;1251;1224;97.84;2022-11-28
2018;VALLADOLID;DTPa+Hib+POLIO+HB (HEXAVALENTE);2 meses;1;2017-11-01;2018-10-31;3715;3652;98.3;2022-11-28
2018;VALLADOLID;DTPa+Hib+POLIO+HB (HEXAVALENTE);11 meses;3;2017-02-01;2018-01-31;3820;3615;94.63;2022-11-28
2018;VALLADOLID;DTPa-POLIO+ Hib (PENTAVALENTE);18 meses;2;2016-07-01;2017-06-30;2053;1913;93.18;2022-11-28
2018;VALLADOLID;NEUMOCOCICA CONJ 13 VALENTE;4 meses;2;2017-09-01;2018-08-31;3772;3674;97.4;2022-11-28
2018;ZAMORA;VARICELA;15 meses;1;2016-10-01;2017-09-30;888;878;98.87;2022-11-28
2018;ZAMORA;VARICELA;3 años;2;2015-01-01;2015-12-31;967;927;95.86;2022-11-28
2018;ZAMORA;MENINGOCOCO CONJUGADA C;4 meses;1;2017-09-01;2018-08-31;901;889;98.67;2022-11-28
2018;ZAMORA;NEUMOCOCICA PS 23 VALENTE;66 años;1;1952-01-01;1952-12-31;618;245;39.64;2022-11-28
2018;ZAMORA;MENINGOCOCO CONJUGADA C;12 años;1;2006-01-01;2006-12-31;1212;1157;95.46;2022-11-28
2018;ZAMORA;SARAMPION, RUBEOLA, PAROTIDITIS (TRIPLE VIRICA);12 meses;1;2017-01-01;2017-12-31;903;892;98.78;2022-11-28
2018;ZAMORA;SARAMPION, RUBEOLA, PAROTIDITIS (TRIPLE VIRICA);3 años;2;2015-01-01;2015-12-31;967;946;97.83;2022-11-28
2018;ZAMORA;DTPa+Hib+POLIO+HB (HEXAVALENTE);2 meses;1;2017-11-01;2018-10-31;903;899;99.56;2022-11-28
2018;ZAMORA;DTPa+Hib+POLIO+HB (HEXAVALENTE);4 meses;2;2017-09-01;2018-08-31;901;894;99.22;2022-11-28
2018;ZAMORA;MENINGOCOCO CONJUGADA C;12 meses;2;2017-01-01;2017-12-31;903;889;98.45;2022-11-28
2018;ZAMORA;DIFTERIA, TETANOS, TOSFERINA ACELULAR baja carga antigénica (dTpa);6 años;1;2012-01-01;2012-12-31;1097;1060;96.63;2022-11-28
2018;ZAMORA;NEUMOCOCICA CONJ 13 VALENTE;65 años;1;1953-01-01;1953-12-31;2363;1318;55.78;2022-11-28
2018;ZAMORA;NEUMOCOCICA CONJ 13 VALENTE;4 meses;2;2017-09-01;2018-08-31;901;894;99.22;2022-11-28
2018;ZAMORA;DTPa+Hib+POLIO+HB (HEXAVALENTE);11 meses;3;2017-02-01;2018-01-31;905;891;98.45;2022-11-28
2018;ZAMORA;TETANOS, DIFTERIA tipo adulto (Td);14 años;1;2004-01-01;2004-12-31;1185;1087;91.73;2022-11-28
2018;ZAMORA;NEUMOCOCICA CONJ 13 VALENTE;2 meses;1;2017-11-01;2018-10-31;903;899;99.56;2022-11-28
2018;ZAMORA;DTPa-POLIO+ Hib (PENTAVALENTE);18 meses;2;2016-07-01;2017-06-30;430;415;96.51;2022-11-28
2018;ZAMORA;HEPATITIS B infantil;0 meses;1;2018-01-01;2018-12-31;309;305;98.71;2022-11-28
2018;ZAMORA;NEUMOCOCICA CONJ 13 VALENTE;11 meses;3;2017-02-01;2018-01-31;905;891;98.45;2022-11-28
